ISO-10303-21;
HEADER;
/* Generated by software containing ST-Developer
 * from STEP Tools, Inc. (www.steptools.com) 
 */

FILE_DESCRIPTION(
/* description */ (''),
/* implementation_level */ '2;1');

FILE_NAME(
/* name */ 'PhoneHolder.step',
/* time_stamp */ '2026-06-30T13:14:06+02:00',
/* author */ (''),
/* organization */ (''),
/* preprocessor_version */ 'ST-DEVELOPER v20.1',
/* originating_system */ 'Autodesk Translation Framework v15.8.0.0',
/* authorisation */ '');

FILE_SCHEMA (('AUTOMOTIVE_DESIGN { 1 0 10303 214 3 1 1 }'));
ENDSEC;

DATA;
#10=MECHANICAL_DESIGN_GEOMETRIC_PRESENTATION_REPRESENTATION('',(#15,#16,
#17,#18,#19,#20,#21,#22,#23,#24,#25,#26),#15246);
#11=SHAPE_REPRESENTATION_RELATIONSHIP('SRR','None',#15253,#12);
#12=ADVANCED_BREP_SHAPE_REPRESENTATION('',(#27,#28),#15245);
#13=TOROIDAL_SURFACE('',#9808,52.5,2.5);
#14=TOROIDAL_SURFACE('',#9826,52.5,2.5);
#15=STYLED_ITEM('',(#15262),#27);
#16=STYLED_ITEM('',(#15263),#8928);
#17=STYLED_ITEM('',(#15263),#8935);
#18=STYLED_ITEM('',(#15263),#8940);
#19=STYLED_ITEM('',(#15263),#8941);
#20=STYLED_ITEM('',(#15263),#8945);
#21=STYLED_ITEM('',(#15263),#8946);
#22=STYLED_ITEM('',(#15263),#8947);
#23=STYLED_ITEM('',(#15263),#8948);
#24=STYLED_ITEM('',(#15263),#8949);
#25=STYLED_ITEM('',(#15263),#8950);
#26=STYLED_ITEM('',(#15262),#28);
#27=MANIFOLD_SOLID_BREP('Body1',#8951);
#28=MANIFOLD_SOLID_BREP('rotation_handle',#8952);
#29=(
BOUNDED_SURFACE()
B_SPLINE_SURFACE(1,2,((#14949,#14950,#14951),(#14952,#14953,#14954)),
 .UNSPECIFIED.,.F.,.F.,.F.)
B_SPLINE_SURFACE_WITH_KNOTS((2,2),(3,3),(0.,0.106066017177982),(-0.528112524459219,
9.86076131526265E-32),.UNSPECIFIED.)
GEOMETRIC_REPRESENTATION_ITEM()
RATIONAL_B_SPLINE_SURFACE(((1.,0.965339244737975,1.),(1.,0.965339244737975,
1.)))
REPRESENTATION_ITEM('')
SURFACE()
);
#30=(
BOUNDED_SURFACE()
B_SPLINE_SURFACE(1,2,((#14966,#14967,#14968),(#14969,#14970,#14971)),
 .UNSPECIFIED.,.F.,.F.,.F.)
B_SPLINE_SURFACE_WITH_KNOTS((2,2),(3,3),(0.,0.106066017177982),(-3.14159265358979,
-2.61348012913057),.UNSPECIFIED.)
GEOMETRIC_REPRESENTATION_ITEM()
RATIONAL_B_SPLINE_SURFACE(((1.,0.965339244737974,1.),(1.,0.965339244737974,
1.)))
REPRESENTATION_ITEM('')
SURFACE()
);
#31=(
BOUNDED_SURFACE()
B_SPLINE_SURFACE(2,2,((#15067,#15068,#15069),(#15070,#15071,#15072),(#15073,
#15074,#15075)),.UNSPECIFIED.,.F.,.F.,.F.)
B_SPLINE_SURFACE_WITH_KNOTS((3,3),(3,3),(-1.02529543416119E-15,1.5707963267949),
(-1.20741564669744,4.41317248753824E-15),.UNSPECIFIED.)
GEOMETRIC_REPRESENTATION_ITEM()
RATIONAL_B_SPLINE_SURFACE(((1.,0.823236351828719,1.),(0.707106781186546,
0.58211600689736,0.707106781186546),(1.,0.823236351828719,1.)))
REPRESENTATION_ITEM('')
SURFACE()
);
#32=(
BOUNDED_SURFACE()
B_SPLINE_SURFACE(2,2,((#15087,#15088,#15089),(#15090,#15091,#15092),(#15093,
#15094,#15095)),.UNSPECIFIED.,.F.,.F.,.F.)
B_SPLINE_SURFACE_WITH_KNOTS((3,3),(3,3),(-1.13046657025232E-14,1.5707963267949),
(-7.25654515757507E-16,1.20741564669744),.UNSPECIFIED.)
GEOMETRIC_REPRESENTATION_ITEM()
RATIONAL_B_SPLINE_SURFACE(((1.,0.823236351828721,1.),(0.707106781186546,
0.582116006897361,0.707106781186546),(1.,0.823236351828721,1.)))
REPRESENTATION_ITEM('')
SURFACE()
);
#33=(
BOUNDED_SURFACE()
B_SPLINE_SURFACE(2,2,((#15154,#15155,#15156),(#15157,#15158,#15159),(#15160,
#15161,#15162)),.UNSPECIFIED.,.F.,.F.,.F.)
B_SPLINE_SURFACE_WITH_KNOTS((3,3),(3,3),(-3.77475828372552E-15,1.5707963267949),
(1.93253796012729,3.1415926535898),.UNSPECIFIED.)
GEOMETRIC_REPRESENTATION_ITEM()
RATIONAL_B_SPLINE_SURFACE(((1.,0.822770833002914,1.),(0.707106781186538,
0.581786835378857,0.707106781186538),(1.,0.822770833002914,1.)))
REPRESENTATION_ITEM('')
SURFACE()
);
#34=(
BOUNDED_SURFACE()
B_SPLINE_SURFACE(2,2,((#15174,#15175,#15176),(#15177,#15178,#15179),(#15180,
#15181,#15182)),.UNSPECIFIED.,.F.,.F.,.F.)
B_SPLINE_SURFACE_WITH_KNOTS((3,3),(3,3),(-8.16448078515563E-15,1.5707963267949),
(-3.14159265358979,-1.93253796012729),.UNSPECIFIED.)
GEOMETRIC_REPRESENTATION_ITEM()
RATIONAL_B_SPLINE_SURFACE(((1.,0.822770833002915,1.),(0.707106781186551,
0.581786835378868,0.707106781186551),(1.,0.822770833002915,1.)))
REPRESENTATION_ITEM('')
SURFACE()
);
#35=B_SPLINE_CURVE_WITH_KNOTS('',3,(#14782,#14783,#14784,#14785,#14786,
#14787,#14788,#14789,#14790,#14791,#14792,#14793,#14794,#14795,#14796,#14797),
 .UNSPECIFIED.,.F.,.F.,(4,2,2,2,2,2,2,4),(4.16681751853943,4.30449462549675,
4.80187913818169,5.23122738261419,5.66057562704668,5.80179034232526,5.94300505760384,
5.99456342849459),.UNSPECIFIED.);
#36=B_SPLINE_CURVE_WITH_KNOTS('',3,(#15037,#15038,#15039,#15040,#15041,
#15042,#15043,#15044,#15045,#15046,#15047,#15048,#15049,#15050),
 .UNSPECIFIED.,.F.,.F.,(4,2,2,2,2,2,4),(-0.494149754504622,-0.493433190971863,
-0.408626040950454,-0.260753782372765,-0.160912752029869,-0.0773356960955783,
0.),.UNSPECIFIED.);
#37=B_SPLINE_CURVE_WITH_KNOTS('',3,(#15053,#15054,#15055,#15056,#15057,
#15058,#15059,#15060,#15061,#15062,#15063,#15064,#15065,#15066),
 .UNSPECIFIED.,.F.,.F.,(4,2,2,2,2,2,4),(-0.00079625059123637,0.,0.0942385727873019,
0.258555689257595,0.369500029868893,0.462371681223231,0.548307871781088),
 .UNSPECIFIED.);
#38=B_SPLINE_CURVE_WITH_KNOTS('',3,(#15124,#15125,#15126,#15127,#15128,
#15129,#15130,#15131,#15132,#15133,#15134,#15135,#15136,#15137),
 .UNSPECIFIED.,.F.,.F.,(4,2,2,2,2,2,4),(-0.488057139058987,-0.487353708266941,
-0.410445099692481,-0.262039516385044,-0.162064139748813,-0.0779737897540953,
0.),.UNSPECIFIED.);
#39=B_SPLINE_CURVE_WITH_KNOTS('',3,(#15140,#15141,#15142,#15143,#15144,
#15145,#15146,#15147,#15148,#15149,#15150,#15151,#15152,#15153),
 .UNSPECIFIED.,.F.,.F.,(4,2,2,2,2,2,4),(-0.000780411450493527,0.,0.0853254896247183,
0.249972517509827,0.360889157351172,0.454182319910944,0.540689528447781),
 .UNSPECIFIED.);
#40=FACE_BOUND('',#1613,.T.);
#41=FACE_BOUND('',#1614,.T.);
#42=FACE_BOUND('',#1615,.T.);
#43=FACE_BOUND('',#1616,.T.);
#44=FACE_BOUND('',#1617,.T.);
#45=FACE_BOUND('',#1618,.T.);
#46=FACE_BOUND('',#1619,.T.);
#47=FACE_BOUND('',#1620,.T.);
#48=FACE_BOUND('',#1621,.T.);
#49=FACE_BOUND('',#1622,.T.);
#50=FACE_BOUND('',#1623,.T.);
#51=FACE_BOUND('',#1624,.T.);
#52=FACE_BOUND('',#1625,.T.);
#53=FACE_BOUND('',#1626,.T.);
#54=FACE_BOUND('',#1627,.T.);
#55=FACE_BOUND('',#1628,.T.);
#56=FACE_BOUND('',#1629,.T.);
#57=FACE_BOUND('',#1630,.T.);
#58=FACE_BOUND('',#1631,.T.);
#59=FACE_BOUND('',#1632,.T.);
#60=FACE_BOUND('',#1633,.T.);
#61=FACE_BOUND('',#1634,.T.);
#62=FACE_BOUND('',#1635,.T.);
#63=FACE_BOUND('',#1636,.T.);
#64=FACE_BOUND('',#1637,.T.);
#65=FACE_BOUND('',#1638,.T.);
#66=FACE_BOUND('',#1639,.T.);
#67=FACE_BOUND('',#1640,.T.);
#68=FACE_BOUND('',#1641,.T.);
#69=FACE_BOUND('',#1642,.T.);
#70=FACE_BOUND('',#1643,.T.);
#71=FACE_BOUND('',#1644,.T.);
#72=FACE_BOUND('',#1645,.T.);
#73=FACE_BOUND('',#1646,.T.);
#74=FACE_BOUND('',#1647,.T.);
#75=FACE_BOUND('',#1663,.T.);
#76=FACE_BOUND('',#1668,.T.);
#77=FACE_BOUND('',#1674,.T.);
#78=FACE_BOUND('',#1677,.T.);
#79=FACE_BOUND('',#1678,.T.);
#80=FACE_BOUND('',#1686,.T.);
#81=FACE_BOUND('',#1687,.T.);
#82=FACE_BOUND('',#1688,.T.);
#83=FACE_BOUND('',#1689,.T.);
#84=FACE_BOUND('',#1690,.T.);
#85=FACE_BOUND('',#1691,.T.);
#86=FACE_BOUND('',#1692,.T.);
#87=FACE_BOUND('',#1693,.T.);
#88=FACE_BOUND('',#1694,.T.);
#89=FACE_BOUND('',#1695,.T.);
#90=FACE_BOUND('',#1696,.T.);
#91=FACE_BOUND('',#1697,.T.);
#92=FACE_BOUND('',#1698,.T.);
#93=FACE_BOUND('',#1699,.T.);
#94=FACE_BOUND('',#1700,.T.);
#95=FACE_BOUND('',#1701,.T.);
#96=FACE_BOUND('',#1702,.T.);
#97=FACE_BOUND('',#1703,.T.);
#98=FACE_BOUND('',#1704,.T.);
#99=FACE_BOUND('',#1705,.T.);
#100=FACE_BOUND('',#1706,.T.);
#101=FACE_BOUND('',#1707,.T.);
#102=FACE_BOUND('',#1708,.T.);
#103=FACE_BOUND('',#1709,.T.);
#104=FACE_BOUND('',#1710,.T.);
#105=FACE_BOUND('',#1711,.T.);
#106=FACE_BOUND('',#1712,.T.);
#107=FACE_BOUND('',#1713,.T.);
#108=FACE_BOUND('',#1714,.T.);
#109=FACE_BOUND('',#1715,.T.);
#110=FACE_BOUND('',#1716,.T.);
#111=FACE_BOUND('',#1717,.T.);
#112=FACE_BOUND('',#1718,.T.);
#113=FACE_BOUND('',#1719,.T.);
#114=FACE_BOUND('',#1720,.T.);
#115=FACE_BOUND('',#1721,.T.);
#116=FACE_BOUND('',#1722,.T.);
#117=FACE_BOUND('',#1723,.T.);
#118=FACE_BOUND('',#1724,.T.);
#119=FACE_BOUND('',#1725,.T.);
#120=FACE_BOUND('',#1726,.T.);
#121=FACE_BOUND('',#1727,.T.);
#122=FACE_BOUND('',#1728,.T.);
#123=FACE_BOUND('',#1729,.T.);
#124=FACE_BOUND('',#1730,.T.);
#125=FACE_BOUND('',#1731,.T.);
#126=FACE_BOUND('',#1779,.T.);
#127=FACE_BOUND('',#1780,.T.);
#128=ELLIPSE('',#8993,6.53281482438195,2.50000000000003);
#129=ELLIPSE('',#8998,6.53281482438193,2.50000000000002);
#130=ELLIPSE('',#9300,6.53281482438195,2.50000000000003);
#131=ELLIPSE('',#9305,6.53281482438193,2.50000000000002);
#132=ELLIPSE('',#9353,6.53281482438195,2.50000000000003);
#133=ELLIPSE('',#9358,6.53281482438193,2.50000000000002);
#134=ELLIPSE('',#9372,6.53281482438195,2.50000000000003);
#135=ELLIPSE('',#9377,6.53281482438193,2.50000000000002);
#136=ELLIPSE('',#9663,6.53281482438195,2.50000000000003);
#137=ELLIPSE('',#9668,6.53281482438193,2.50000000000002);
#138=ELLIPSE('',#9707,28.2842712474619,20.);
#139=ELLIPSE('',#9713,28.2842712474619,20.);
#140=ELLIPSE('',#9715,52.262518595055,20.);
#141=ELLIPSE('',#9718,28.2842712474619,20.);
#142=ELLIPSE('',#9719,28.2842712474619,20.);
#143=ELLIPSE('',#9726,28.2842712474619,20.);
#144=ELLIPSE('',#9771,28.2842712474619,20.);
#145=ELLIPSE('',#9776,28.2842712474619,20.);
#146=ELLIPSE('',#9777,28.2842712474619,20.);
#147=ELLIPSE('',#9779,28.2842712474619,20.);
#148=ELLIPSE('',#9780,28.2842712474619,20.);
#149=CIRCLE('',#8968,2.50000000000003);
#150=CIRCLE('',#8969,2.50000000000003);
#151=CIRCLE('',#8972,2.50000000000007);
#152=CIRCLE('',#8973,2.50000000000007);
#153=CIRCLE('',#8976,2.5);
#154=CIRCLE('',#8977,2.5);
#155=CIRCLE('',#8980,2.50000000000002);
#156=CIRCLE('',#8981,2.50000000000002);
#157=CIRCLE('',#8984,2.50000000000007);
#158=CIRCLE('',#8985,2.50000000000007);
#159=CIRCLE('',#8988,2.5);
#160=CIRCLE('',#8989,2.5);
#161=CIRCLE('',#8994,2.50000000000003);
#162=CIRCLE('',#8995,2.50000000000003);
#163=CIRCLE('',#8999,2.50000000000002);
#164=CIRCLE('',#9000,2.50000000000002);
#165=CIRCLE('',#9004,2.5);
#166=CIRCLE('',#9005,2.5);
#167=CIRCLE('',#9008,2.50000000000002);
#168=CIRCLE('',#9009,2.50000000000002);
#169=CIRCLE('',#9012,2.50000000000003);
#170=CIRCLE('',#9013,2.50000000000003);
#171=CIRCLE('',#9016,2.50000000000007);
#172=CIRCLE('',#9017,2.50000000000007);
#173=CIRCLE('',#9020,2.5);
#174=CIRCLE('',#9021,2.5);
#175=CIRCLE('',#9024,2.50000000000002);
#176=CIRCLE('',#9025,2.50000000000002);
#177=CIRCLE('',#9028,2.50000000000003);
#178=CIRCLE('',#9029,2.50000000000003);
#179=CIRCLE('',#9032,2.50000000000006);
#180=CIRCLE('',#9033,2.50000000000006);
#181=CIRCLE('',#9036,2.5);
#182=CIRCLE('',#9037,2.5);
#183=CIRCLE('',#9040,2.50000000000002);
#184=CIRCLE('',#9041,2.50000000000002);
#185=CIRCLE('',#9044,2.50000000000003);
#186=CIRCLE('',#9045,2.50000000000003);
#187=CIRCLE('',#9048,2.50000000000007);
#188=CIRCLE('',#9049,2.50000000000007);
#189=CIRCLE('',#9052,2.5);
#190=CIRCLE('',#9053,2.5);
#191=CIRCLE('',#9056,2.50000000000002);
#192=CIRCLE('',#9057,2.50000000000002);
#193=CIRCLE('',#9060,2.50000000000003);
#194=CIRCLE('',#9061,2.50000000000003);
#195=CIRCLE('',#9064,2.50000000000007);
#196=CIRCLE('',#9065,2.50000000000007);
#197=CIRCLE('',#9068,2.5);
#198=CIRCLE('',#9069,2.5);
#199=CIRCLE('',#9072,2.50000000000002);
#200=CIRCLE('',#9073,2.50000000000002);
#201=CIRCLE('',#9076,2.50000000000003);
#202=CIRCLE('',#9077,2.50000000000003);
#203=CIRCLE('',#9080,2.50000000000007);
#204=CIRCLE('',#9081,2.50000000000007);
#205=CIRCLE('',#9084,2.5);
#206=CIRCLE('',#9085,2.5);
#207=CIRCLE('',#9088,2.50000000000002);
#208=CIRCLE('',#9089,2.50000000000002);
#209=CIRCLE('',#9092,2.50000000000003);
#210=CIRCLE('',#9093,2.50000000000003);
#211=CIRCLE('',#9096,2.50000000000007);
#212=CIRCLE('',#9097,2.50000000000007);
#213=CIRCLE('',#9100,2.5);
#214=CIRCLE('',#9101,2.5);
#215=CIRCLE('',#9104,2.50000000000002);
#216=CIRCLE('',#9105,2.50000000000002);
#217=CIRCLE('',#9108,2.50000000000003);
#218=CIRCLE('',#9109,2.50000000000003);
#219=CIRCLE('',#9112,2.50000000000006);
#220=CIRCLE('',#9113,2.50000000000006);
#221=CIRCLE('',#9116,2.5);
#222=CIRCLE('',#9117,2.5);
#223=CIRCLE('',#9120,2.50000000000002);
#224=CIRCLE('',#9121,2.50000000000002);
#225=CIRCLE('',#9124,2.50000000000003);
#226=CIRCLE('',#9125,2.50000000000003);
#227=CIRCLE('',#9128,2.50000000000007);
#228=CIRCLE('',#9129,2.50000000000007);
#229=CIRCLE('',#9132,2.5);
#230=CIRCLE('',#9133,2.5);
#231=CIRCLE('',#9136,2.50000000000002);
#232=CIRCLE('',#9137,2.50000000000002);
#233=CIRCLE('',#9140,2.50000000000003);
#234=CIRCLE('',#9141,2.50000000000003);
#235=CIRCLE('',#9144,2.50000000000007);
#236=CIRCLE('',#9145,2.50000000000007);
#237=CIRCLE('',#9148,2.5);
#238=CIRCLE('',#9149,2.5);
#239=CIRCLE('',#9152,2.50000000000002);
#240=CIRCLE('',#9153,2.50000000000002);
#241=CIRCLE('',#9156,2.50000000000003);
#242=CIRCLE('',#9157,2.50000000000003);
#243=CIRCLE('',#9160,2.50000000000007);
#244=CIRCLE('',#9161,2.50000000000007);
#245=CIRCLE('',#9164,2.5);
#246=CIRCLE('',#9165,2.5);
#247=CIRCLE('',#9168,2.50000000000002);
#248=CIRCLE('',#9169,2.50000000000002);
#249=CIRCLE('',#9172,2.50000000000003);
#250=CIRCLE('',#9173,2.50000000000003);
#251=CIRCLE('',#9176,2.50000000000007);
#252=CIRCLE('',#9177,2.50000000000007);
#253=CIRCLE('',#9180,2.5);
#254=CIRCLE('',#9181,2.5);
#255=CIRCLE('',#9184,2.50000000000002);
#256=CIRCLE('',#9185,2.50000000000002);
#257=CIRCLE('',#9188,2.50000000000003);
#258=CIRCLE('',#9189,2.50000000000003);
#259=CIRCLE('',#9192,2.50000000000006);
#260=CIRCLE('',#9193,2.50000000000006);
#261=CIRCLE('',#9196,2.5);
#262=CIRCLE('',#9197,2.5);
#263=CIRCLE('',#9200,2.50000000000002);
#264=CIRCLE('',#9201,2.50000000000002);
#265=CIRCLE('',#9204,2.50000000000003);
#266=CIRCLE('',#9205,2.50000000000003);
#267=CIRCLE('',#9208,2.50000000000007);
#268=CIRCLE('',#9209,2.50000000000007);
#269=CIRCLE('',#9212,2.5);
#270=CIRCLE('',#9213,2.5);
#271=CIRCLE('',#9216,2.50000000000002);
#272=CIRCLE('',#9217,2.50000000000002);
#273=CIRCLE('',#9220,2.50000000000003);
#274=CIRCLE('',#9221,2.50000000000003);
#275=CIRCLE('',#9224,2.50000000000007);
#276=CIRCLE('',#9225,2.50000000000007);
#277=CIRCLE('',#9228,2.5);
#278=CIRCLE('',#9229,2.5);
#279=CIRCLE('',#9232,2.50000000000002);
#280=CIRCLE('',#9233,2.50000000000002);
#281=CIRCLE('',#9236,2.50000000000003);
#282=CIRCLE('',#9237,2.50000000000003);
#283=CIRCLE('',#9240,2.50000000000007);
#284=CIRCLE('',#9241,2.50000000000007);
#285=CIRCLE('',#9244,2.5);
#286=CIRCLE('',#9245,2.5);
#287=CIRCLE('',#9248,2.50000000000002);
#288=CIRCLE('',#9249,2.50000000000002);
#289=CIRCLE('',#9252,2.50000000000003);
#290=CIRCLE('',#9253,2.50000000000003);
#291=CIRCLE('',#9256,2.50000000000007);
#292=CIRCLE('',#9257,2.50000000000007);
#293=CIRCLE('',#9260,2.5);
#294=CIRCLE('',#9261,2.5);
#295=CIRCLE('',#9264,2.50000000000002);
#296=CIRCLE('',#9265,2.50000000000002);
#297=CIRCLE('',#9268,2.50000000000003);
#298=CIRCLE('',#9269,2.50000000000003);
#299=CIRCLE('',#9272,2.50000000000006);
#300=CIRCLE('',#9273,2.50000000000006);
#301=CIRCLE('',#9276,2.5);
#302=CIRCLE('',#9277,2.5);
#303=CIRCLE('',#9280,2.50000000000002);
#304=CIRCLE('',#9281,2.50000000000002);
#305=CIRCLE('',#9284,2.50000000000003);
#306=CIRCLE('',#9285,2.50000000000003);
#307=CIRCLE('',#9288,2.50000000000007);
#308=CIRCLE('',#9289,2.50000000000007);
#309=CIRCLE('',#9291,2.50000000000007);
#310=CIRCLE('',#9292,2.50000000000007);
#311=CIRCLE('',#9295,2.5);
#312=CIRCLE('',#9296,2.5);
#313=CIRCLE('',#9301,2.50000000000003);
#314=CIRCLE('',#9302,2.50000000000003);
#315=CIRCLE('',#9306,2.50000000000002);
#316=CIRCLE('',#9307,2.50000000000002);
#317=CIRCLE('',#9311,2.50000000000003);
#318=CIRCLE('',#9312,2.50000000000003);
#319=CIRCLE('',#9315,2.50000000000007);
#320=CIRCLE('',#9316,2.50000000000007);
#321=CIRCLE('',#9319,2.5);
#322=CIRCLE('',#9320,2.5);
#323=CIRCLE('',#9323,2.50000000000002);
#324=CIRCLE('',#9324,2.50000000000002);
#325=CIRCLE('',#9328,2.50000000000003);
#326=CIRCLE('',#9329,2.50000000000003);
#327=CIRCLE('',#9332,2.50000000000007);
#328=CIRCLE('',#9333,2.50000000000007);
#329=CIRCLE('',#9336,2.5);
#330=CIRCLE('',#9337,2.5);
#331=CIRCLE('',#9340,2.50000000000002);
#332=CIRCLE('',#9341,2.50000000000002);
#333=CIRCLE('',#9344,2.50000000000006);
#334=CIRCLE('',#9345,2.50000000000006);
#335=CIRCLE('',#9348,2.5);
#336=CIRCLE('',#9349,2.5);
#337=CIRCLE('',#9354,2.50000000000003);
#338=CIRCLE('',#9355,2.50000000000003);
#339=CIRCLE('',#9359,2.50000000000002);
#340=CIRCLE('',#9360,2.50000000000002);
#341=CIRCLE('',#9363,2.50000000000007);
#342=CIRCLE('',#9364,2.50000000000007);
#343=CIRCLE('',#9367,2.5);
#344=CIRCLE('',#9368,2.5);
#345=CIRCLE('',#9373,2.50000000000003);
#346=CIRCLE('',#9374,2.50000000000003);
#347=CIRCLE('',#9378,2.50000000000002);
#348=CIRCLE('',#9379,2.50000000000002);
#349=CIRCLE('',#9383,2.5);
#350=CIRCLE('',#9384,2.5);
#351=CIRCLE('',#9387,2.50000000000002);
#352=CIRCLE('',#9388,2.50000000000002);
#353=CIRCLE('',#9391,2.50000000000003);
#354=CIRCLE('',#9392,2.50000000000003);
#355=CIRCLE('',#9395,2.50000000000007);
#356=CIRCLE('',#9396,2.50000000000007);
#357=CIRCLE('',#9399,2.5);
#358=CIRCLE('',#9400,2.5);
#359=CIRCLE('',#9403,2.50000000000002);
#360=CIRCLE('',#9404,2.50000000000002);
#361=CIRCLE('',#9407,2.50000000000003);
#362=CIRCLE('',#9408,2.50000000000003);
#363=CIRCLE('',#9411,2.50000000000007);
#364=CIRCLE('',#9412,2.50000000000007);
#365=CIRCLE('',#9415,2.5);
#366=CIRCLE('',#9416,2.5);
#367=CIRCLE('',#9419,2.50000000000002);
#368=CIRCLE('',#9420,2.50000000000002);
#369=CIRCLE('',#9423,2.50000000000003);
#370=CIRCLE('',#9424,2.50000000000003);
#371=CIRCLE('',#9427,2.50000000000007);
#372=CIRCLE('',#9428,2.50000000000007);
#373=CIRCLE('',#9431,2.5);
#374=CIRCLE('',#9432,2.5);
#375=CIRCLE('',#9435,2.50000000000002);
#376=CIRCLE('',#9436,2.50000000000002);
#377=CIRCLE('',#9439,2.50000000000003);
#378=CIRCLE('',#9440,2.50000000000003);
#379=CIRCLE('',#9443,2.50000000000006);
#380=CIRCLE('',#9444,2.50000000000006);
#381=CIRCLE('',#9447,2.5);
#382=CIRCLE('',#9448,2.5);
#383=CIRCLE('',#9451,2.50000000000002);
#384=CIRCLE('',#9452,2.50000000000002);
#385=CIRCLE('',#9455,2.50000000000003);
#386=CIRCLE('',#9456,2.50000000000003);
#387=CIRCLE('',#9459,2.50000000000007);
#388=CIRCLE('',#9460,2.50000000000007);
#389=CIRCLE('',#9463,2.5);
#390=CIRCLE('',#9464,2.5);
#391=CIRCLE('',#9467,2.50000000000002);
#392=CIRCLE('',#9468,2.50000000000002);
#393=CIRCLE('',#9471,2.50000000000003);
#394=CIRCLE('',#9472,2.50000000000003);
#395=CIRCLE('',#9475,2.50000000000007);
#396=CIRCLE('',#9476,2.50000000000007);
#397=CIRCLE('',#9479,2.5);
#398=CIRCLE('',#9480,2.5);
#399=CIRCLE('',#9483,2.50000000000002);
#400=CIRCLE('',#9484,2.50000000000002);
#401=CIRCLE('',#9487,2.50000000000003);
#402=CIRCLE('',#9488,2.50000000000003);
#403=CIRCLE('',#9491,2.50000000000007);
#404=CIRCLE('',#9492,2.50000000000007);
#405=CIRCLE('',#9495,2.5);
#406=CIRCLE('',#9496,2.5);
#407=CIRCLE('',#9499,2.50000000000002);
#408=CIRCLE('',#9500,2.50000000000002);
#409=CIRCLE('',#9503,2.50000000000003);
#410=CIRCLE('',#9504,2.50000000000003);
#411=CIRCLE('',#9507,2.50000000000007);
#412=CIRCLE('',#9508,2.50000000000007);
#413=CIRCLE('',#9511,2.5);
#414=CIRCLE('',#9512,2.5);
#415=CIRCLE('',#9515,2.50000000000002);
#416=CIRCLE('',#9516,2.50000000000002);
#417=CIRCLE('',#9519,2.50000000000003);
#418=CIRCLE('',#9520,2.50000000000003);
#419=CIRCLE('',#9523,2.50000000000006);
#420=CIRCLE('',#9524,2.50000000000006);
#421=CIRCLE('',#9527,2.50000000000002);
#422=CIRCLE('',#9528,2.50000000000002);
#423=CIRCLE('',#9531,2.50000000000003);
#424=CIRCLE('',#9532,2.50000000000003);
#425=CIRCLE('',#9535,2.50000000000007);
#426=CIRCLE('',#9536,2.50000000000007);
#427=CIRCLE('',#9539,2.5);
#428=CIRCLE('',#9540,2.5);
#429=CIRCLE('',#9543,2.5);
#430=CIRCLE('',#9544,2.5);
#431=CIRCLE('',#9547,2.50000000000002);
#432=CIRCLE('',#9548,2.50000000000002);
#433=CIRCLE('',#9551,2.50000000000003);
#434=CIRCLE('',#9552,2.50000000000003);
#435=CIRCLE('',#9555,2.50000000000007);
#436=CIRCLE('',#9556,2.50000000000007);
#437=CIRCLE('',#9559,2.5);
#438=CIRCLE('',#9560,2.5);
#439=CIRCLE('',#9563,2.50000000000002);
#440=CIRCLE('',#9564,2.50000000000002);
#441=CIRCLE('',#9567,2.50000000000003);
#442=CIRCLE('',#9568,2.50000000000003);
#443=CIRCLE('',#9571,2.50000000000007);
#444=CIRCLE('',#9572,2.50000000000007);
#445=CIRCLE('',#9575,2.5);
#446=CIRCLE('',#9576,2.5);
#447=CIRCLE('',#9579,2.50000000000002);
#448=CIRCLE('',#9580,2.50000000000002);
#449=CIRCLE('',#9583,2.50000000000003);
#450=CIRCLE('',#9584,2.50000000000003);
#451=CIRCLE('',#9587,2.50000000000007);
#452=CIRCLE('',#9588,2.50000000000007);
#453=CIRCLE('',#9591,2.5);
#454=CIRCLE('',#9592,2.5);
#455=CIRCLE('',#9595,2.50000000000002);
#456=CIRCLE('',#9596,2.50000000000002);
#457=CIRCLE('',#9599,2.50000000000003);
#458=CIRCLE('',#9600,2.50000000000003);
#459=CIRCLE('',#9603,2.50000000000006);
#460=CIRCLE('',#9604,2.50000000000006);
#461=CIRCLE('',#9607,2.5);
#462=CIRCLE('',#9608,2.5);
#463=CIRCLE('',#9611,2.50000000000002);
#464=CIRCLE('',#9612,2.50000000000002);
#465=CIRCLE('',#9615,2.50000000000003);
#466=CIRCLE('',#9616,2.50000000000003);
#467=CIRCLE('',#9619,2.50000000000007);
#468=CIRCLE('',#9620,2.50000000000007);
#469=CIRCLE('',#9623,2.5);
#470=CIRCLE('',#9624,2.5);
#471=CIRCLE('',#9627,2.50000000000002);
#472=CIRCLE('',#9628,2.50000000000002);
#473=CIRCLE('',#9631,2.50000000000003);
#474=CIRCLE('',#9632,2.50000000000003);
#475=CIRCLE('',#9635,2.50000000000007);
#476=CIRCLE('',#9636,2.50000000000007);
#477=CIRCLE('',#9639,2.5);
#478=CIRCLE('',#9640,2.5);
#479=CIRCLE('',#9643,2.50000000000002);
#480=CIRCLE('',#9644,2.50000000000002);
#481=CIRCLE('',#9647,2.50000000000003);
#482=CIRCLE('',#9648,2.50000000000003);
#483=CIRCLE('',#9651,2.50000000000007);
#484=CIRCLE('',#9652,2.50000000000007);
#485=CIRCLE('',#9654,2.50000000000007);
#486=CIRCLE('',#9655,2.50000000000007);
#487=CIRCLE('',#9658,2.5);
#488=CIRCLE('',#9659,2.5);
#489=CIRCLE('',#9664,2.50000000000003);
#490=CIRCLE('',#9665,2.50000000000003);
#491=CIRCLE('',#9669,2.50000000000002);
#492=CIRCLE('',#9670,2.50000000000002);
#493=CIRCLE('',#9674,2.50000000000003);
#494=CIRCLE('',#9675,2.50000000000003);
#495=CIRCLE('',#9678,2.50000000000006);
#496=CIRCLE('',#9679,2.50000000000006);
#497=CIRCLE('',#9682,2.5);
#498=CIRCLE('',#9683,2.5);
#499=CIRCLE('',#9686,2.50000000000002);
#500=CIRCLE('',#9687,2.50000000000002);
#501=CIRCLE('',#9691,2.50000000000003);
#502=CIRCLE('',#9692,2.50000000000003);
#503=CIRCLE('',#9695,2.50000000000007);
#504=CIRCLE('',#9696,2.50000000000007);
#505=CIRCLE('',#9699,2.5);
#506=CIRCLE('',#9700,2.5);
#507=CIRCLE('',#9703,2.50000000000002);
#508=CIRCLE('',#9704,2.50000000000002);
#509=CIRCLE('',#9708,20.);
#510=CIRCLE('',#9709,20.);
#511=CIRCLE('',#9710,20.);
#512=CIRCLE('',#9711,20.);
#513=CIRCLE('',#9712,20.);
#514=CIRCLE('',#9716,20.);
#515=CIRCLE('',#9723,20.);
#516=CIRCLE('',#9724,20.);
#517=CIRCLE('',#9727,20.);
#518=CIRCLE('',#9728,20.);
#519=CIRCLE('',#9731,1.6);
#520=CIRCLE('',#9732,1.6);
#521=CIRCLE('',#9735,1.60000000000001);
#522=CIRCLE('',#9736,1.60000000000001);
#523=CIRCLE('',#9739,1.60000000000001);
#524=CIRCLE('',#9740,1.60000000000001);
#525=CIRCLE('',#9743,1.6);
#526=CIRCLE('',#9744,1.6);
#527=CIRCLE('',#9747,1.29999999999999);
#528=CIRCLE('',#9748,1.29999999999999);
#529=CIRCLE('',#9751,1.29999999999999);
#530=CIRCLE('',#9752,1.29999999999999);
#531=CIRCLE('',#9755,1.29999999999999);
#532=CIRCLE('',#9756,1.29999999999999);
#533=CIRCLE('',#9759,1.29999999999999);
#534=CIRCLE('',#9760,1.29999999999999);
#535=CIRCLE('',#9763,60.);
#536=CIRCLE('',#9764,57.);
#537=CIRCLE('',#9766,57.);
#538=CIRCLE('',#9768,20.);
#539=CIRCLE('',#9769,20.);
#540=CIRCLE('',#9770,20.);
#541=CIRCLE('',#9773,60.);
#542=CIRCLE('',#9782,20.);
#543=CIRCLE('',#9783,20.);
#544=CIRCLE('',#9784,20.);
#545=CIRCLE('',#9785,20.);
#546=CIRCLE('',#9790,20.);
#547=CIRCLE('',#9793,20.);
#548=CIRCLE('',#9807,58.);
#549=CIRCLE('',#9809,52.5);
#550=CIRCLE('',#9810,55.);
#551=CIRCLE('',#9811,4.99999999999999);
#552=CIRCLE('',#9812,2.5);
#553=CIRCLE('',#9813,2.49999999999999);
#554=CIRCLE('',#9815,2.5);
#555=CIRCLE('',#9816,2.49999999999999);
#556=CIRCLE('',#9817,4.99999999999999);
#557=CIRCLE('',#9819,4.99999999999999);
#558=CIRCLE('',#9820,4.99999999999999);
#559=CIRCLE('',#9822,55.);
#560=CIRCLE('',#9823,55.);
#561=CIRCLE('',#9824,55.);
#562=CIRCLE('',#9827,52.5);
#563=CIRCLE('',#9828,55.);
#564=CIRCLE('',#9829,5.);
#565=CIRCLE('',#9830,2.5);
#566=CIRCLE('',#9831,2.5);
#567=CIRCLE('',#9833,2.5);
#568=CIRCLE('',#9834,2.5);
#569=CIRCLE('',#9835,5.);
#570=CIRCLE('',#9837,5.);
#571=CIRCLE('',#9838,5.);
#572=CIRCLE('',#9840,55.);
#573=CIRCLE('',#9841,55.);
#574=CIRCLE('',#9842,55.);
#575=CIRCLE('',#9846,4.99999999999999);
#576=CIRCLE('',#9847,4.99999999999999);
#577=CIRCLE('',#9853,5.);
#578=CIRCLE('',#9854,5.);
#579=CIRCLE('',#9861,58.);
#580=CYLINDRICAL_SURFACE('',#8967,2.50000000000003);
#581=CYLINDRICAL_SURFACE('',#8971,2.50000000000007);
#582=CYLINDRICAL_SURFACE('',#8975,2.5);
#583=CYLINDRICAL_SURFACE('',#8979,2.50000000000002);
#584=CYLINDRICAL_SURFACE('',#8983,2.50000000000007);
#585=CYLINDRICAL_SURFACE('',#8987,2.5);
#586=CYLINDRICAL_SURFACE('',#8992,2.50000000000003);
#587=CYLINDRICAL_SURFACE('',#8997,2.50000000000002);
#588=CYLINDRICAL_SURFACE('',#9003,2.5);
#589=CYLINDRICAL_SURFACE('',#9007,2.50000000000002);
#590=CYLINDRICAL_SURFACE('',#9011,2.50000000000003);
#591=CYLINDRICAL_SURFACE('',#9015,2.50000000000007);
#592=CYLINDRICAL_SURFACE('',#9019,2.5);
#593=CYLINDRICAL_SURFACE('',#9023,2.50000000000002);
#594=CYLINDRICAL_SURFACE('',#9027,2.50000000000003);
#595=CYLINDRICAL_SURFACE('',#9031,2.50000000000006);
#596=CYLINDRICAL_SURFACE('',#9035,2.5);
#597=CYLINDRICAL_SURFACE('',#9039,2.50000000000002);
#598=CYLINDRICAL_SURFACE('',#9043,2.50000000000003);
#599=CYLINDRICAL_SURFACE('',#9047,2.50000000000007);
#600=CYLINDRICAL_SURFACE('',#9051,2.5);
#601=CYLINDRICAL_SURFACE('',#9055,2.50000000000002);
#602=CYLINDRICAL_SURFACE('',#9059,2.50000000000003);
#603=CYLINDRICAL_SURFACE('',#9063,2.50000000000007);
#604=CYLINDRICAL_SURFACE('',#9067,2.5);
#605=CYLINDRICAL_SURFACE('',#9071,2.50000000000002);
#606=CYLINDRICAL_SURFACE('',#9075,2.50000000000003);
#607=CYLINDRICAL_SURFACE('',#9079,2.50000000000007);
#608=CYLINDRICAL_SURFACE('',#9083,2.5);
#609=CYLINDRICAL_SURFACE('',#9087,2.50000000000002);
#610=CYLINDRICAL_SURFACE('',#9091,2.50000000000003);
#611=CYLINDRICAL_SURFACE('',#9095,2.50000000000007);
#612=CYLINDRICAL_SURFACE('',#9099,2.5);
#613=CYLINDRICAL_SURFACE('',#9103,2.50000000000002);
#614=CYLINDRICAL_SURFACE('',#9107,2.50000000000003);
#615=CYLINDRICAL_SURFACE('',#9111,2.50000000000006);
#616=CYLINDRICAL_SURFACE('',#9115,2.5);
#617=CYLINDRICAL_SURFACE('',#9119,2.50000000000002);
#618=CYLINDRICAL_SURFACE('',#9123,2.50000000000003);
#619=CYLINDRICAL_SURFACE('',#9127,2.50000000000007);
#620=CYLINDRICAL_SURFACE('',#9131,2.5);
#621=CYLINDRICAL_SURFACE('',#9135,2.50000000000002);
#622=CYLINDRICAL_SURFACE('',#9139,2.50000000000003);
#623=CYLINDRICAL_SURFACE('',#9143,2.50000000000007);
#624=CYLINDRICAL_SURFACE('',#9147,2.5);
#625=CYLINDRICAL_SURFACE('',#9151,2.50000000000002);
#626=CYLINDRICAL_SURFACE('',#9155,2.50000000000003);
#627=CYLINDRICAL_SURFACE('',#9159,2.50000000000007);
#628=CYLINDRICAL_SURFACE('',#9163,2.5);
#629=CYLINDRICAL_SURFACE('',#9167,2.50000000000002);
#630=CYLINDRICAL_SURFACE('',#9171,2.50000000000003);
#631=CYLINDRICAL_SURFACE('',#9175,2.50000000000007);
#632=CYLINDRICAL_SURFACE('',#9179,2.5);
#633=CYLINDRICAL_SURFACE('',#9183,2.50000000000002);
#634=CYLINDRICAL_SURFACE('',#9187,2.50000000000003);
#635=CYLINDRICAL_SURFACE('',#9191,2.50000000000006);
#636=CYLINDRICAL_SURFACE('',#9195,2.5);
#637=CYLINDRICAL_SURFACE('',#9199,2.50000000000002);
#638=CYLINDRICAL_SURFACE('',#9203,2.50000000000003);
#639=CYLINDRICAL_SURFACE('',#9207,2.50000000000007);
#640=CYLINDRICAL_SURFACE('',#9211,2.5);
#641=CYLINDRICAL_SURFACE('',#9215,2.50000000000002);
#642=CYLINDRICAL_SURFACE('',#9219,2.50000000000003);
#643=CYLINDRICAL_SURFACE('',#9223,2.50000000000007);
#644=CYLINDRICAL_SURFACE('',#9227,2.5);
#645=CYLINDRICAL_SURFACE('',#9231,2.50000000000002);
#646=CYLINDRICAL_SURFACE('',#9235,2.50000000000003);
#647=CYLINDRICAL_SURFACE('',#9239,2.50000000000007);
#648=CYLINDRICAL_SURFACE('',#9243,2.5);
#649=CYLINDRICAL_SURFACE('',#9247,2.50000000000002);
#650=CYLINDRICAL_SURFACE('',#9251,2.50000000000003);
#651=CYLINDRICAL_SURFACE('',#9255,2.50000000000007);
#652=CYLINDRICAL_SURFACE('',#9259,2.5);
#653=CYLINDRICAL_SURFACE('',#9263,2.50000000000002);
#654=CYLINDRICAL_SURFACE('',#9267,2.50000000000003);
#655=CYLINDRICAL_SURFACE('',#9271,2.50000000000006);
#656=CYLINDRICAL_SURFACE('',#9275,2.5);
#657=CYLINDRICAL_SURFACE('',#9279,2.50000000000002);
#658=CYLINDRICAL_SURFACE('',#9283,2.50000000000003);
#659=CYLINDRICAL_SURFACE('',#9287,2.50000000000007);
#660=CYLINDRICAL_SURFACE('',#9290,2.50000000000007);
#661=CYLINDRICAL_SURFACE('',#9294,2.5);
#662=CYLINDRICAL_SURFACE('',#9299,2.50000000000003);
#663=CYLINDRICAL_SURFACE('',#9304,2.50000000000002);
#664=CYLINDRICAL_SURFACE('',#9310,2.50000000000003);
#665=CYLINDRICAL_SURFACE('',#9314,2.50000000000007);
#666=CYLINDRICAL_SURFACE('',#9318,2.5);
#667=CYLINDRICAL_SURFACE('',#9322,2.50000000000002);
#668=CYLINDRICAL_SURFACE('',#9327,2.50000000000003);
#669=CYLINDRICAL_SURFACE('',#9331,2.50000000000007);
#670=CYLINDRICAL_SURFACE('',#9335,2.5);
#671=CYLINDRICAL_SURFACE('',#9339,2.50000000000002);
#672=CYLINDRICAL_SURFACE('',#9343,2.50000000000006);
#673=CYLINDRICAL_SURFACE('',#9347,2.5);
#674=CYLINDRICAL_SURFACE('',#9352,2.50000000000003);
#675=CYLINDRICAL_SURFACE('',#9357,2.50000000000002);
#676=CYLINDRICAL_SURFACE('',#9362,2.50000000000007);
#677=CYLINDRICAL_SURFACE('',#9366,2.5);
#678=CYLINDRICAL_SURFACE('',#9371,2.50000000000003);
#679=CYLINDRICAL_SURFACE('',#9376,2.50000000000002);
#680=CYLINDRICAL_SURFACE('',#9382,2.5);
#681=CYLINDRICAL_SURFACE('',#9386,2.50000000000002);
#682=CYLINDRICAL_SURFACE('',#9390,2.50000000000003);
#683=CYLINDRICAL_SURFACE('',#9394,2.50000000000007);
#684=CYLINDRICAL_SURFACE('',#9398,2.5);
#685=CYLINDRICAL_SURFACE('',#9402,2.50000000000002);
#686=CYLINDRICAL_SURFACE('',#9406,2.50000000000003);
#687=CYLINDRICAL_SURFACE('',#9410,2.50000000000007);
#688=CYLINDRICAL_SURFACE('',#9414,2.5);
#689=CYLINDRICAL_SURFACE('',#9418,2.50000000000002);
#690=CYLINDRICAL_SURFACE('',#9422,2.50000000000003);
#691=CYLINDRICAL_SURFACE('',#9426,2.50000000000007);
#692=CYLINDRICAL_SURFACE('',#9430,2.5);
#693=CYLINDRICAL_SURFACE('',#9434,2.50000000000002);
#694=CYLINDRICAL_SURFACE('',#9438,2.50000000000003);
#695=CYLINDRICAL_SURFACE('',#9442,2.50000000000006);
#696=CYLINDRICAL_SURFACE('',#9446,2.5);
#697=CYLINDRICAL_SURFACE('',#9450,2.50000000000002);
#698=CYLINDRICAL_SURFACE('',#9454,2.50000000000003);
#699=CYLINDRICAL_SURFACE('',#9458,2.50000000000007);
#700=CYLINDRICAL_SURFACE('',#9462,2.5);
#701=CYLINDRICAL_SURFACE('',#9466,2.50000000000002);
#702=CYLINDRICAL_SURFACE('',#9470,2.50000000000003);
#703=CYLINDRICAL_SURFACE('',#9474,2.50000000000007);
#704=CYLINDRICAL_SURFACE('',#9478,2.5);
#705=CYLINDRICAL_SURFACE('',#9482,2.50000000000002);
#706=CYLINDRICAL_SURFACE('',#9486,2.50000000000003);
#707=CYLINDRICAL_SURFACE('',#9490,2.50000000000007);
#708=CYLINDRICAL_SURFACE('',#9494,2.5);
#709=CYLINDRICAL_SURFACE('',#9498,2.50000000000002);
#710=CYLINDRICAL_SURFACE('',#9502,2.50000000000003);
#711=CYLINDRICAL_SURFACE('',#9506,2.50000000000007);
#712=CYLINDRICAL_SURFACE('',#9510,2.5);
#713=CYLINDRICAL_SURFACE('',#9514,2.50000000000002);
#714=CYLINDRICAL_SURFACE('',#9518,2.50000000000003);
#715=CYLINDRICAL_SURFACE('',#9522,2.50000000000006);
#716=CYLINDRICAL_SURFACE('',#9526,2.50000000000002);
#717=CYLINDRICAL_SURFACE('',#9530,2.50000000000003);
#718=CYLINDRICAL_SURFACE('',#9534,2.50000000000007);
#719=CYLINDRICAL_SURFACE('',#9538,2.5);
#720=CYLINDRICAL_SURFACE('',#9542,2.5);
#721=CYLINDRICAL_SURFACE('',#9546,2.50000000000002);
#722=CYLINDRICAL_SURFACE('',#9550,2.50000000000003);
#723=CYLINDRICAL_SURFACE('',#9554,2.50000000000007);
#724=CYLINDRICAL_SURFACE('',#9558,2.5);
#725=CYLINDRICAL_SURFACE('',#9562,2.50000000000002);
#726=CYLINDRICAL_SURFACE('',#9566,2.50000000000003);
#727=CYLINDRICAL_SURFACE('',#9570,2.50000000000007);
#728=CYLINDRICAL_SURFACE('',#9574,2.5);
#729=CYLINDRICAL_SURFACE('',#9578,2.50000000000002);
#730=CYLINDRICAL_SURFACE('',#9582,2.50000000000003);
#731=CYLINDRICAL_SURFACE('',#9586,2.50000000000007);
#732=CYLINDRICAL_SURFACE('',#9590,2.5);
#733=CYLINDRICAL_SURFACE('',#9594,2.50000000000002);
#734=CYLINDRICAL_SURFACE('',#9598,2.50000000000003);
#735=CYLINDRICAL_SURFACE('',#9602,2.50000000000006);
#736=CYLINDRICAL_SURFACE('',#9606,2.5);
#737=CYLINDRICAL_SURFACE('',#9610,2.50000000000002);
#738=CYLINDRICAL_SURFACE('',#9614,2.50000000000003);
#739=CYLINDRICAL_SURFACE('',#9618,2.50000000000007);
#740=CYLINDRICAL_SURFACE('',#9622,2.5);
#741=CYLINDRICAL_SURFACE('',#9626,2.50000000000002);
#742=CYLINDRICAL_SURFACE('',#9630,2.50000000000003);
#743=CYLINDRICAL_SURFACE('',#9634,2.50000000000007);
#744=CYLINDRICAL_SURFACE('',#9638,2.5);
#745=CYLINDRICAL_SURFACE('',#9642,2.50000000000002);
#746=CYLINDRICAL_SURFACE('',#9646,2.50000000000003);
#747=CYLINDRICAL_SURFACE('',#9650,2.50000000000007);
#748=CYLINDRICAL_SURFACE('',#9653,2.50000000000007);
#749=CYLINDRICAL_SURFACE('',#9657,2.5);
#750=CYLINDRICAL_SURFACE('',#9662,2.50000000000003);
#751=CYLINDRICAL_SURFACE('',#9667,2.50000000000002);
#752=CYLINDRICAL_SURFACE('',#9673,2.50000000000003);
#753=CYLINDRICAL_SURFACE('',#9677,2.50000000000006);
#754=CYLINDRICAL_SURFACE('',#9681,2.5);
#755=CYLINDRICAL_SURFACE('',#9685,2.50000000000002);
#756=CYLINDRICAL_SURFACE('',#9690,2.50000000000003);
#757=CYLINDRICAL_SURFACE('',#9694,2.50000000000007);
#758=CYLINDRICAL_SURFACE('',#9698,2.5);
#759=CYLINDRICAL_SURFACE('',#9702,2.50000000000002);
#760=CYLINDRICAL_SURFACE('',#9714,20.);
#761=CYLINDRICAL_SURFACE('',#9717,20.);
#762=CYLINDRICAL_SURFACE('',#9722,20.);
#763=CYLINDRICAL_SURFACE('',#9730,1.6);
#764=CYLINDRICAL_SURFACE('',#9734,1.60000000000001);
#765=CYLINDRICAL_SURFACE('',#9738,1.60000000000001);
#766=CYLINDRICAL_SURFACE('',#9742,1.6);
#767=CYLINDRICAL_SURFACE('',#9746,1.29999999999999);
#768=CYLINDRICAL_SURFACE('',#9750,1.29999999999999);
#769=CYLINDRICAL_SURFACE('',#9754,1.29999999999999);
#770=CYLINDRICAL_SURFACE('',#9758,1.29999999999999);
#771=CYLINDRICAL_SURFACE('',#9765,57.);
#772=CYLINDRICAL_SURFACE('',#9772,60.);
#773=CYLINDRICAL_SURFACE('',#9786,20.);
#774=CYLINDRICAL_SURFACE('',#9788,20.);
#775=CYLINDRICAL_SURFACE('',#9789,20.);
#776=CYLINDRICAL_SURFACE('',#9794,20.);
#777=CYLINDRICAL_SURFACE('',#9796,20.);
#778=CYLINDRICAL_SURFACE('',#9799,20.);
#779=CYLINDRICAL_SURFACE('',#9801,20.);
#780=CYLINDRICAL_SURFACE('',#9803,20.);
#781=CYLINDRICAL_SURFACE('',#9805,20.);
#782=CYLINDRICAL_SURFACE('',#9814,2.5);
#783=CYLINDRICAL_SURFACE('',#9818,4.99999999999999);
#784=CYLINDRICAL_SURFACE('',#9821,55.);
#785=CYLINDRICAL_SURFACE('',#9832,2.5);
#786=CYLINDRICAL_SURFACE('',#9836,5.);
#787=CYLINDRICAL_SURFACE('',#9839,55.);
#788=CYLINDRICAL_SURFACE('',#9845,4.99999999999999);
#789=CYLINDRICAL_SURFACE('',#9852,5.);
#790=CYLINDRICAL_SURFACE('',#9860,58.);
#791=FACE_OUTER_BOUND('',#1242,.T.);
#792=FACE_OUTER_BOUND('',#1243,.T.);
#793=FACE_OUTER_BOUND('',#1244,.T.);
#794=FACE_OUTER_BOUND('',#1245,.T.);
#795=FACE_OUTER_BOUND('',#1246,.T.);
#796=FACE_OUTER_BOUND('',#1247,.T.);
#797=FACE_OUTER_BOUND('',#1248,.T.);
#798=FACE_OUTER_BOUND('',#1249,.T.);
#799=FACE_OUTER_BOUND('',#1250,.T.);
#800=FACE_OUTER_BOUND('',#1251,.T.);
#801=FACE_OUTER_BOUND('',#1252,.T.);
#802=FACE_OUTER_BOUND('',#1253,.T.);
#803=FACE_OUTER_BOUND('',#1254,.T.);
#804=FACE_OUTER_BOUND('',#1255,.T.);
#805=FACE_OUTER_BOUND('',#1256,.T.);
#806=FACE_OUTER_BOUND('',#1257,.T.);
#807=FACE_OUTER_BOUND('',#1258,.T.);
#808=FACE_OUTER_BOUND('',#1259,.T.);
#809=FACE_OUTER_BOUND('',#1260,.T.);
#810=FACE_OUTER_BOUND('',#1261,.T.);
#811=FACE_OUTER_BOUND('',#1262,.T.);
#812=FACE_OUTER_BOUND('',#1263,.T.);
#813=FACE_OUTER_BOUND('',#1264,.T.);
#814=FACE_OUTER_BOUND('',#1265,.T.);
#815=FACE_OUTER_BOUND('',#1266,.T.);
#816=FACE_OUTER_BOUND('',#1267,.T.);
#817=FACE_OUTER_BOUND('',#1268,.T.);
#818=FACE_OUTER_BOUND('',#1269,.T.);
#819=FACE_OUTER_BOUND('',#1270,.T.);
#820=FACE_OUTER_BOUND('',#1271,.T.);
#821=FACE_OUTER_BOUND('',#1272,.T.);
#822=FACE_OUTER_BOUND('',#1273,.T.);
#823=FACE_OUTER_BOUND('',#1274,.T.);
#824=FACE_OUTER_BOUND('',#1275,.T.);
#825=FACE_OUTER_BOUND('',#1276,.T.);
#826=FACE_OUTER_BOUND('',#1277,.T.);
#827=FACE_OUTER_BOUND('',#1278,.T.);
#828=FACE_OUTER_BOUND('',#1279,.T.);
#829=FACE_OUTER_BOUND('',#1280,.T.);
#830=FACE_OUTER_BOUND('',#1281,.T.);
#831=FACE_OUTER_BOUND('',#1282,.T.);
#832=FACE_OUTER_BOUND('',#1283,.T.);
#833=FACE_OUTER_BOUND('',#1284,.T.);
#834=FACE_OUTER_BOUND('',#1285,.T.);
#835=FACE_OUTER_BOUND('',#1286,.T.);
#836=FACE_OUTER_BOUND('',#1287,.T.);
#837=FACE_OUTER_BOUND('',#1288,.T.);
#838=FACE_OUTER_BOUND('',#1289,.T.);
#839=FACE_OUTER_BOUND('',#1290,.T.);
#840=FACE_OUTER_BOUND('',#1291,.T.);
#841=FACE_OUTER_BOUND('',#1292,.T.);
#842=FACE_OUTER_BOUND('',#1293,.T.);
#843=FACE_OUTER_BOUND('',#1294,.T.);
#844=FACE_OUTER_BOUND('',#1295,.T.);
#845=FACE_OUTER_BOUND('',#1296,.T.);
#846=FACE_OUTER_BOUND('',#1297,.T.);
#847=FACE_OUTER_BOUND('',#1298,.T.);
#848=FACE_OUTER_BOUND('',#1299,.T.);
#849=FACE_OUTER_BOUND('',#1300,.T.);
#850=FACE_OUTER_BOUND('',#1301,.T.);
#851=FACE_OUTER_BOUND('',#1302,.T.);
#852=FACE_OUTER_BOUND('',#1303,.T.);
#853=FACE_OUTER_BOUND('',#1304,.T.);
#854=FACE_OUTER_BOUND('',#1305,.T.);
#855=FACE_OUTER_BOUND('',#1306,.T.);
#856=FACE_OUTER_BOUND('',#1307,.T.);
#857=FACE_OUTER_BOUND('',#1308,.T.);
#858=FACE_OUTER_BOUND('',#1309,.T.);
#859=FACE_OUTER_BOUND('',#1310,.T.);
#860=FACE_OUTER_BOUND('',#1311,.T.);
#861=FACE_OUTER_BOUND('',#1312,.T.);
#862=FACE_OUTER_BOUND('',#1313,.T.);
#863=FACE_OUTER_BOUND('',#1314,.T.);
#864=FACE_OUTER_BOUND('',#1315,.T.);
#865=FACE_OUTER_BOUND('',#1316,.T.);
#866=FACE_OUTER_BOUND('',#1317,.T.);
#867=FACE_OUTER_BOUND('',#1318,.T.);
#868=FACE_OUTER_BOUND('',#1319,.T.);
#869=FACE_OUTER_BOUND('',#1320,.T.);
#870=FACE_OUTER_BOUND('',#1321,.T.);
#871=FACE_OUTER_BOUND('',#1322,.T.);
#872=FACE_OUTER_BOUND('',#1323,.T.);
#873=FACE_OUTER_BOUND('',#1324,.T.);
#874=FACE_OUTER_BOUND('',#1325,.T.);
#875=FACE_OUTER_BOUND('',#1326,.T.);
#876=FACE_OUTER_BOUND('',#1327,.T.);
#877=FACE_OUTER_BOUND('',#1328,.T.);
#878=FACE_OUTER_BOUND('',#1329,.T.);
#879=FACE_OUTER_BOUND('',#1330,.T.);
#880=FACE_OUTER_BOUND('',#1331,.T.);
#881=FACE_OUTER_BOUND('',#1332,.T.);
#882=FACE_OUTER_BOUND('',#1333,.T.);
#883=FACE_OUTER_BOUND('',#1334,.T.);
#884=FACE_OUTER_BOUND('',#1335,.T.);
#885=FACE_OUTER_BOUND('',#1336,.T.);
#886=FACE_OUTER_BOUND('',#1337,.T.);
#887=FACE_OUTER_BOUND('',#1338,.T.);
#888=FACE_OUTER_BOUND('',#1339,.T.);
#889=FACE_OUTER_BOUND('',#1340,.T.);
#890=FACE_OUTER_BOUND('',#1341,.T.);
#891=FACE_OUTER_BOUND('',#1342,.T.);
#892=FACE_OUTER_BOUND('',#1343,.T.);
#893=FACE_OUTER_BOUND('',#1344,.T.);
#894=FACE_OUTER_BOUND('',#1345,.T.);
#895=FACE_OUTER_BOUND('',#1346,.T.);
#896=FACE_OUTER_BOUND('',#1347,.T.);
#897=FACE_OUTER_BOUND('',#1348,.T.);
#898=FACE_OUTER_BOUND('',#1349,.T.);
#899=FACE_OUTER_BOUND('',#1350,.T.);
#900=FACE_OUTER_BOUND('',#1351,.T.);
#901=FACE_OUTER_BOUND('',#1352,.T.);
#902=FACE_OUTER_BOUND('',#1353,.T.);
#903=FACE_OUTER_BOUND('',#1354,.T.);
#904=FACE_OUTER_BOUND('',#1355,.T.);
#905=FACE_OUTER_BOUND('',#1356,.T.);
#906=FACE_OUTER_BOUND('',#1357,.T.);
#907=FACE_OUTER_BOUND('',#1358,.T.);
#908=FACE_OUTER_BOUND('',#1359,.T.);
#909=FACE_OUTER_BOUND('',#1360,.T.);
#910=FACE_OUTER_BOUND('',#1361,.T.);
#911=FACE_OUTER_BOUND('',#1362,.T.);
#912=FACE_OUTER_BOUND('',#1363,.T.);
#913=FACE_OUTER_BOUND('',#1364,.T.);
#914=FACE_OUTER_BOUND('',#1365,.T.);
#915=FACE_OUTER_BOUND('',#1366,.T.);
#916=FACE_OUTER_BOUND('',#1367,.T.);
#917=FACE_OUTER_BOUND('',#1368,.T.);
#918=FACE_OUTER_BOUND('',#1369,.T.);
#919=FACE_OUTER_BOUND('',#1370,.T.);
#920=FACE_OUTER_BOUND('',#1371,.T.);
#921=FACE_OUTER_BOUND('',#1372,.T.);
#922=FACE_OUTER_BOUND('',#1373,.T.);
#923=FACE_OUTER_BOUND('',#1374,.T.);
#924=FACE_OUTER_BOUND('',#1375,.T.);
#925=FACE_OUTER_BOUND('',#1376,.T.);
#926=FACE_OUTER_BOUND('',#1377,.T.);
#927=FACE_OUTER_BOUND('',#1378,.T.);
#928=FACE_OUTER_BOUND('',#1379,.T.);
#929=FACE_OUTER_BOUND('',#1380,.T.);
#930=FACE_OUTER_BOUND('',#1381,.T.);
#931=FACE_OUTER_BOUND('',#1382,.T.);
#932=FACE_OUTER_BOUND('',#1383,.T.);
#933=FACE_OUTER_BOUND('',#1384,.T.);
#934=FACE_OUTER_BOUND('',#1385,.T.);
#935=FACE_OUTER_BOUND('',#1386,.T.);
#936=FACE_OUTER_BOUND('',#1387,.T.);
#937=FACE_OUTER_BOUND('',#1388,.T.);
#938=FACE_OUTER_BOUND('',#1389,.T.);
#939=FACE_OUTER_BOUND('',#1390,.T.);
#940=FACE_OUTER_BOUND('',#1391,.T.);
#941=FACE_OUTER_BOUND('',#1392,.T.);
#942=FACE_OUTER_BOUND('',#1393,.T.);
#943=FACE_OUTER_BOUND('',#1394,.T.);
#944=FACE_OUTER_BOUND('',#1395,.T.);
#945=FACE_OUTER_BOUND('',#1396,.T.);
#946=FACE_OUTER_BOUND('',#1397,.T.);
#947=FACE_OUTER_BOUND('',#1398,.T.);
#948=FACE_OUTER_BOUND('',#1399,.T.);
#949=FACE_OUTER_BOUND('',#1400,.T.);
#950=FACE_OUTER_BOUND('',#1401,.T.);
#951=FACE_OUTER_BOUND('',#1402,.T.);
#952=FACE_OUTER_BOUND('',#1403,.T.);
#953=FACE_OUTER_BOUND('',#1404,.T.);
#954=FACE_OUTER_BOUND('',#1405,.T.);
#955=FACE_OUTER_BOUND('',#1406,.T.);
#956=FACE_OUTER_BOUND('',#1407,.T.);
#957=FACE_OUTER_BOUND('',#1408,.T.);
#958=FACE_OUTER_BOUND('',#1409,.T.);
#959=FACE_OUTER_BOUND('',#1410,.T.);
#960=FACE_OUTER_BOUND('',#1411,.T.);
#961=FACE_OUTER_BOUND('',#1412,.T.);
#962=FACE_OUTER_BOUND('',#1413,.T.);
#963=FACE_OUTER_BOUND('',#1414,.T.);
#964=FACE_OUTER_BOUND('',#1415,.T.);
#965=FACE_OUTER_BOUND('',#1416,.T.);
#966=FACE_OUTER_BOUND('',#1417,.T.);
#967=FACE_OUTER_BOUND('',#1418,.T.);
#968=FACE_OUTER_BOUND('',#1419,.T.);
#969=FACE_OUTER_BOUND('',#1420,.T.);
#970=FACE_OUTER_BOUND('',#1421,.T.);
#971=FACE_OUTER_BOUND('',#1422,.T.);
#972=FACE_OUTER_BOUND('',#1423,.T.);
#973=FACE_OUTER_BOUND('',#1424,.T.);
#974=FACE_OUTER_BOUND('',#1425,.T.);
#975=FACE_OUTER_BOUND('',#1426,.T.);
#976=FACE_OUTER_BOUND('',#1427,.T.);
#977=FACE_OUTER_BOUND('',#1428,.T.);
#978=FACE_OUTER_BOUND('',#1429,.T.);
#979=FACE_OUTER_BOUND('',#1430,.T.);
#980=FACE_OUTER_BOUND('',#1431,.T.);
#981=FACE_OUTER_BOUND('',#1432,.T.);
#982=FACE_OUTER_BOUND('',#1433,.T.);
#983=FACE_OUTER_BOUND('',#1434,.T.);
#984=FACE_OUTER_BOUND('',#1435,.T.);
#985=FACE_OUTER_BOUND('',#1436,.T.);
#986=FACE_OUTER_BOUND('',#1437,.T.);
#987=FACE_OUTER_BOUND('',#1438,.T.);
#988=FACE_OUTER_BOUND('',#1439,.T.);
#989=FACE_OUTER_BOUND('',#1440,.T.);
#990=FACE_OUTER_BOUND('',#1441,.T.);
#991=FACE_OUTER_BOUND('',#1442,.T.);
#992=FACE_OUTER_BOUND('',#1443,.T.);
#993=FACE_OUTER_BOUND('',#1444,.T.);
#994=FACE_OUTER_BOUND('',#1445,.T.);
#995=FACE_OUTER_BOUND('',#1446,.T.);
#996=FACE_OUTER_BOUND('',#1447,.T.);
#997=FACE_OUTER_BOUND('',#1448,.T.);
#998=FACE_OUTER_BOUND('',#1449,.T.);
#999=FACE_OUTER_BOUND('',#1450,.T.);
#1000=FACE_OUTER_BOUND('',#1451,.T.);
#1001=FACE_OUTER_BOUND('',#1452,.T.);
#1002=FACE_OUTER_BOUND('',#1453,.T.);
#1003=FACE_OUTER_BOUND('',#1454,.T.);
#1004=FACE_OUTER_BOUND('',#1455,.T.);
#1005=FACE_OUTER_BOUND('',#1456,.T.);
#1006=FACE_OUTER_BOUND('',#1457,.T.);
#1007=FACE_OUTER_BOUND('',#1458,.T.);
#1008=FACE_OUTER_BOUND('',#1459,.T.);
#1009=FACE_OUTER_BOUND('',#1460,.T.);
#1010=FACE_OUTER_BOUND('',#1461,.T.);
#1011=FACE_OUTER_BOUND('',#1462,.T.);
#1012=FACE_OUTER_BOUND('',#1463,.T.);
#1013=FACE_OUTER_BOUND('',#1464,.T.);
#1014=FACE_OUTER_BOUND('',#1465,.T.);
#1015=FACE_OUTER_BOUND('',#1466,.T.);
#1016=FACE_OUTER_BOUND('',#1467,.T.);
#1017=FACE_OUTER_BOUND('',#1468,.T.);
#1018=FACE_OUTER_BOUND('',#1469,.T.);
#1019=FACE_OUTER_BOUND('',#1470,.T.);
#1020=FACE_OUTER_BOUND('',#1471,.T.);
#1021=FACE_OUTER_BOUND('',#1472,.T.);
#1022=FACE_OUTER_BOUND('',#1473,.T.);
#1023=FACE_OUTER_BOUND('',#1474,.T.);
#1024=FACE_OUTER_BOUND('',#1475,.T.);
#1025=FACE_OUTER_BOUND('',#1476,.T.);
#1026=FACE_OUTER_BOUND('',#1477,.T.);
#1027=FACE_OUTER_BOUND('',#1478,.T.);
#1028=FACE_OUTER_BOUND('',#1479,.T.);
#1029=FACE_OUTER_BOUND('',#1480,.T.);
#1030=FACE_OUTER_BOUND('',#1481,.T.);
#1031=FACE_OUTER_BOUND('',#1482,.T.);
#1032=FACE_OUTER_BOUND('',#1483,.T.);
#1033=FACE_OUTER_BOUND('',#1484,.T.);
#1034=FACE_OUTER_BOUND('',#1485,.T.);
#1035=FACE_OUTER_BOUND('',#1486,.T.);
#1036=FACE_OUTER_BOUND('',#1487,.T.);
#1037=FACE_OUTER_BOUND('',#1488,.T.);
#1038=FACE_OUTER_BOUND('',#1489,.T.);
#1039=FACE_OUTER_BOUND('',#1490,.T.);
#1040=FACE_OUTER_BOUND('',#1491,.T.);
#1041=FACE_OUTER_BOUND('',#1492,.T.);
#1042=FACE_OUTER_BOUND('',#1493,.T.);
#1043=FACE_OUTER_BOUND('',#1494,.T.);
#1044=FACE_OUTER_BOUND('',#1495,.T.);
#1045=FACE_OUTER_BOUND('',#1496,.T.);
#1046=FACE_OUTER_BOUND('',#1497,.T.);
#1047=FACE_OUTER_BOUND('',#1498,.T.);
#1048=FACE_OUTER_BOUND('',#1499,.T.);
#1049=FACE_OUTER_BOUND('',#1500,.T.);
#1050=FACE_OUTER_BOUND('',#1501,.T.);
#1051=FACE_OUTER_BOUND('',#1502,.T.);
#1052=FACE_OUTER_BOUND('',#1503,.T.);
#1053=FACE_OUTER_BOUND('',#1504,.T.);
#1054=FACE_OUTER_BOUND('',#1505,.T.);
#1055=FACE_OUTER_BOUND('',#1506,.T.);
#1056=FACE_OUTER_BOUND('',#1507,.T.);
#1057=FACE_OUTER_BOUND('',#1508,.T.);
#1058=FACE_OUTER_BOUND('',#1509,.T.);
#1059=FACE_OUTER_BOUND('',#1510,.T.);
#1060=FACE_OUTER_BOUND('',#1511,.T.);
#1061=FACE_OUTER_BOUND('',#1512,.T.);
#1062=FACE_OUTER_BOUND('',#1513,.T.);
#1063=FACE_OUTER_BOUND('',#1514,.T.);
#1064=FACE_OUTER_BOUND('',#1515,.T.);
#1065=FACE_OUTER_BOUND('',#1516,.T.);
#1066=FACE_OUTER_BOUND('',#1517,.T.);
#1067=FACE_OUTER_BOUND('',#1518,.T.);
#1068=FACE_OUTER_BOUND('',#1519,.T.);
#1069=FACE_OUTER_BOUND('',#1520,.T.);
#1070=FACE_OUTER_BOUND('',#1521,.T.);
#1071=FACE_OUTER_BOUND('',#1522,.T.);
#1072=FACE_OUTER_BOUND('',#1523,.T.);
#1073=FACE_OUTER_BOUND('',#1524,.T.);
#1074=FACE_OUTER_BOUND('',#1525,.T.);
#1075=FACE_OUTER_BOUND('',#1526,.T.);
#1076=FACE_OUTER_BOUND('',#1527,.T.);
#1077=FACE_OUTER_BOUND('',#1528,.T.);
#1078=FACE_OUTER_BOUND('',#1529,.T.);
#1079=FACE_OUTER_BOUND('',#1530,.T.);
#1080=FACE_OUTER_BOUND('',#1531,.T.);
#1081=FACE_OUTER_BOUND('',#1532,.T.);
#1082=FACE_OUTER_BOUND('',#1533,.T.);
#1083=FACE_OUTER_BOUND('',#1534,.T.);
#1084=FACE_OUTER_BOUND('',#1535,.T.);
#1085=FACE_OUTER_BOUND('',#1536,.T.);
#1086=FACE_OUTER_BOUND('',#1537,.T.);
#1087=FACE_OUTER_BOUND('',#1538,.T.);
#1088=FACE_OUTER_BOUND('',#1539,.T.);
#1089=FACE_OUTER_BOUND('',#1540,.T.);
#1090=FACE_OUTER_BOUND('',#1541,.T.);
#1091=FACE_OUTER_BOUND('',#1542,.T.);
#1092=FACE_OUTER_BOUND('',#1543,.T.);
#1093=FACE_OUTER_BOUND('',#1544,.T.);
#1094=FACE_OUTER_BOUND('',#1545,.T.);
#1095=FACE_OUTER_BOUND('',#1546,.T.);
#1096=FACE_OUTER_BOUND('',#1547,.T.);
#1097=FACE_OUTER_BOUND('',#1548,.T.);
#1098=FACE_OUTER_BOUND('',#1549,.T.);
#1099=FACE_OUTER_BOUND('',#1550,.T.);
#1100=FACE_OUTER_BOUND('',#1551,.T.);
#1101=FACE_OUTER_BOUND('',#1552,.T.);
#1102=FACE_OUTER_BOUND('',#1553,.T.);
#1103=FACE_OUTER_BOUND('',#1554,.T.);
#1104=FACE_OUTER_BOUND('',#1555,.T.);
#1105=FACE_OUTER_BOUND('',#1556,.T.);
#1106=FACE_OUTER_BOUND('',#1557,.T.);
#1107=FACE_OUTER_BOUND('',#1558,.T.);
#1108=FACE_OUTER_BOUND('',#1559,.T.);
#1109=FACE_OUTER_BOUND('',#1560,.T.);
#1110=FACE_OUTER_BOUND('',#1561,.T.);
#1111=FACE_OUTER_BOUND('',#1562,.T.);
#1112=FACE_OUTER_BOUND('',#1563,.T.);
#1113=FACE_OUTER_BOUND('',#1564,.T.);
#1114=FACE_OUTER_BOUND('',#1565,.T.);
#1115=FACE_OUTER_BOUND('',#1566,.T.);
#1116=FACE_OUTER_BOUND('',#1567,.T.);
#1117=FACE_OUTER_BOUND('',#1568,.T.);
#1118=FACE_OUTER_BOUND('',#1569,.T.);
#1119=FACE_OUTER_BOUND('',#1570,.T.);
#1120=FACE_OUTER_BOUND('',#1571,.T.);
#1121=FACE_OUTER_BOUND('',#1572,.T.);
#1122=FACE_OUTER_BOUND('',#1573,.T.);
#1123=FACE_OUTER_BOUND('',#1574,.T.);
#1124=FACE_OUTER_BOUND('',#1575,.T.);
#1125=FACE_OUTER_BOUND('',#1576,.T.);
#1126=FACE_OUTER_BOUND('',#1577,.T.);
#1127=FACE_OUTER_BOUND('',#1578,.T.);
#1128=FACE_OUTER_BOUND('',#1579,.T.);
#1129=FACE_OUTER_BOUND('',#1580,.T.);
#1130=FACE_OUTER_BOUND('',#1581,.T.);
#1131=FACE_OUTER_BOUND('',#1582,.T.);
#1132=FACE_OUTER_BOUND('',#1583,.T.);
#1133=FACE_OUTER_BOUND('',#1584,.T.);
#1134=FACE_OUTER_BOUND('',#1585,.T.);
#1135=FACE_OUTER_BOUND('',#1586,.T.);
#1136=FACE_OUTER_BOUND('',#1587,.T.);
#1137=FACE_OUTER_BOUND('',#1588,.T.);
#1138=FACE_OUTER_BOUND('',#1589,.T.);
#1139=FACE_OUTER_BOUND('',#1590,.T.);
#1140=FACE_OUTER_BOUND('',#1591,.T.);
#1141=FACE_OUTER_BOUND('',#1592,.T.);
#1142=FACE_OUTER_BOUND('',#1593,.T.);
#1143=FACE_OUTER_BOUND('',#1594,.T.);
#1144=FACE_OUTER_BOUND('',#1595,.T.);
#1145=FACE_OUTER_BOUND('',#1596,.T.);
#1146=FACE_OUTER_BOUND('',#1597,.T.);
#1147=FACE_OUTER_BOUND('',#1598,.T.);
#1148=FACE_OUTER_BOUND('',#1599,.T.);
#1149=FACE_OUTER_BOUND('',#1600,.T.);
#1150=FACE_OUTER_BOUND('',#1601,.T.);
#1151=FACE_OUTER_BOUND('',#1602,.T.);
#1152=FACE_OUTER_BOUND('',#1603,.T.);
#1153=FACE_OUTER_BOUND('',#1604,.T.);
#1154=FACE_OUTER_BOUND('',#1605,.T.);
#1155=FACE_OUTER_BOUND('',#1606,.T.);
#1156=FACE_OUTER_BOUND('',#1607,.T.);
#1157=FACE_OUTER_BOUND('',#1608,.T.);
#1158=FACE_OUTER_BOUND('',#1609,.T.);
#1159=FACE_OUTER_BOUND('',#1610,.T.);
#1160=FACE_OUTER_BOUND('',#1611,.T.);
#1161=FACE_OUTER_BOUND('',#1612,.T.);
#1162=FACE_OUTER_BOUND('',#1648,.T.);
#1163=FACE_OUTER_BOUND('',#1649,.T.);
#1164=FACE_OUTER_BOUND('',#1650,.T.);
#1165=FACE_OUTER_BOUND('',#1651,.T.);
#1166=FACE_OUTER_BOUND('',#1652,.T.);
#1167=FACE_OUTER_BOUND('',#1653,.T.);
#1168=FACE_OUTER_BOUND('',#1654,.T.);
#1169=FACE_OUTER_BOUND('',#1655,.T.);
#1170=FACE_OUTER_BOUND('',#1656,.T.);
#1171=FACE_OUTER_BOUND('',#1657,.T.);
#1172=FACE_OUTER_BOUND('',#1658,.T.);
#1173=FACE_OUTER_BOUND('',#1659,.T.);
#1174=FACE_OUTER_BOUND('',#1660,.T.);
#1175=FACE_OUTER_BOUND('',#1661,.T.);
#1176=FACE_OUTER_BOUND('',#1662,.T.);
#1177=FACE_OUTER_BOUND('',#1664,.T.);
#1178=FACE_OUTER_BOUND('',#1665,.T.);
#1179=FACE_OUTER_BOUND('',#1666,.T.);
#1180=FACE_OUTER_BOUND('',#1667,.T.);
#1181=FACE_OUTER_BOUND('',#1669,.T.);
#1182=FACE_OUTER_BOUND('',#1670,.T.);
#1183=FACE_OUTER_BOUND('',#1671,.T.);
#1184=FACE_OUTER_BOUND('',#1672,.T.);
#1185=FACE_OUTER_BOUND('',#1673,.T.);
#1186=FACE_OUTER_BOUND('',#1675,.T.);
#1187=FACE_OUTER_BOUND('',#1676,.T.);
#1188=FACE_OUTER_BOUND('',#1679,.T.);
#1189=FACE_OUTER_BOUND('',#1680,.T.);
#1190=FACE_OUTER_BOUND('',#1681,.T.);
#1191=FACE_OUTER_BOUND('',#1682,.T.);
#1192=FACE_OUTER_BOUND('',#1683,.T.);
#1193=FACE_OUTER_BOUND('',#1684,.T.);
#1194=FACE_OUTER_BOUND('',#1685,.T.);
#1195=FACE_OUTER_BOUND('',#1732,.T.);
#1196=FACE_OUTER_BOUND('',#1733,.T.);
#1197=FACE_OUTER_BOUND('',#1734,.T.);
#1198=FACE_OUTER_BOUND('',#1735,.T.);
#1199=FACE_OUTER_BOUND('',#1736,.T.);
#1200=FACE_OUTER_BOUND('',#1737,.T.);
#1201=FACE_OUTER_BOUND('',#1738,.T.);
#1202=FACE_OUTER_BOUND('',#1739,.T.);
#1203=FACE_OUTER_BOUND('',#1740,.T.);
#1204=FACE_OUTER_BOUND('',#1741,.T.);
#1205=FACE_OUTER_BOUND('',#1742,.T.);
#1206=FACE_OUTER_BOUND('',#1743,.T.);
#1207=FACE_OUTER_BOUND('',#1744,.T.);
#1208=FACE_OUTER_BOUND('',#1745,.T.);
#1209=FACE_OUTER_BOUND('',#1746,.T.);
#1210=FACE_OUTER_BOUND('',#1747,.T.);
#1211=FACE_OUTER_BOUND('',#1748,.T.);
#1212=FACE_OUTER_BOUND('',#1749,.T.);
#1213=FACE_OUTER_BOUND('',#1750,.T.);
#1214=FACE_OUTER_BOUND('',#1751,.T.);
#1215=FACE_OUTER_BOUND('',#1752,.T.);
#1216=FACE_OUTER_BOUND('',#1753,.T.);
#1217=FACE_OUTER_BOUND('',#1754,.T.);
#1218=FACE_OUTER_BOUND('',#1755,.T.);
#1219=FACE_OUTER_BOUND('',#1756,.T.);
#1220=FACE_OUTER_BOUND('',#1757,.T.);
#1221=FACE_OUTER_BOUND('',#1758,.T.);
#1222=FACE_OUTER_BOUND('',#1759,.T.);
#1223=FACE_OUTER_BOUND('',#1760,.T.);
#1224=FACE_OUTER_BOUND('',#1761,.T.);
#1225=FACE_OUTER_BOUND('',#1762,.T.);
#1226=FACE_OUTER_BOUND('',#1763,.T.);
#1227=FACE_OUTER_BOUND('',#1764,.T.);
#1228=FACE_OUTER_BOUND('',#1765,.T.);
#1229=FACE_OUTER_BOUND('',#1766,.T.);
#1230=FACE_OUTER_BOUND('',#1767,.T.);
#1231=FACE_OUTER_BOUND('',#1768,.T.);
#1232=FACE_OUTER_BOUND('',#1769,.T.);
#1233=FACE_OUTER_BOUND('',#1770,.T.);
#1234=FACE_OUTER_BOUND('',#1771,.T.);
#1235=FACE_OUTER_BOUND('',#1772,.T.);
#1236=FACE_OUTER_BOUND('',#1773,.T.);
#1237=FACE_OUTER_BOUND('',#1774,.T.);
#1238=FACE_OUTER_BOUND('',#1775,.T.);
#1239=FACE_OUTER_BOUND('',#1776,.T.);
#1240=FACE_OUTER_BOUND('',#1777,.T.);
#1241=FACE_OUTER_BOUND('',#1778,.T.);
#1242=EDGE_LOOP('',(#5654,#5655,#5656,#5657));
#1243=EDGE_LOOP('',(#5658,#5659,#5660,#5661));
#1244=EDGE_LOOP('',(#5662,#5663,#5664,#5665));
#1245=EDGE_LOOP('',(#5666,#5667,#5668,#5669));
#1246=EDGE_LOOP('',(#5670,#5671,#5672,#5673));
#1247=EDGE_LOOP('',(#5674,#5675,#5676,#5677));
#1248=EDGE_LOOP('',(#5678,#5679,#5680,#5681));
#1249=EDGE_LOOP('',(#5682,#5683,#5684,#5685));
#1250=EDGE_LOOP('',(#5686,#5687,#5688,#5689,#5690,#5691,#5692,#5693));
#1251=EDGE_LOOP('',(#5694,#5695,#5696,#5697));
#1252=EDGE_LOOP('',(#5698,#5699,#5700,#5701));
#1253=EDGE_LOOP('',(#5702,#5703,#5704,#5705));
#1254=EDGE_LOOP('',(#5706,#5707,#5708,#5709,#5710));
#1255=EDGE_LOOP('',(#5711,#5712,#5713,#5714));
#1256=EDGE_LOOP('',(#5715,#5716,#5717,#5718,#5719));
#1257=EDGE_LOOP('',(#5720,#5721,#5722,#5723,#5724));
#1258=EDGE_LOOP('',(#5725,#5726,#5727,#5728,#5729));
#1259=EDGE_LOOP('',(#5730,#5731,#5732,#5733));
#1260=EDGE_LOOP('',(#5734,#5735,#5736,#5737));
#1261=EDGE_LOOP('',(#5738,#5739,#5740,#5741));
#1262=EDGE_LOOP('',(#5742,#5743,#5744,#5745));
#1263=EDGE_LOOP('',(#5746,#5747,#5748,#5749));
#1264=EDGE_LOOP('',(#5750,#5751,#5752,#5753));
#1265=EDGE_LOOP('',(#5754,#5755,#5756,#5757));
#1266=EDGE_LOOP('',(#5758,#5759,#5760,#5761));
#1267=EDGE_LOOP('',(#5762,#5763,#5764,#5765));
#1268=EDGE_LOOP('',(#5766,#5767,#5768,#5769));
#1269=EDGE_LOOP('',(#5770,#5771,#5772,#5773));
#1270=EDGE_LOOP('',(#5774,#5775,#5776,#5777));
#1271=EDGE_LOOP('',(#5778,#5779,#5780,#5781));
#1272=EDGE_LOOP('',(#5782,#5783,#5784,#5785));
#1273=EDGE_LOOP('',(#5786,#5787,#5788,#5789));
#1274=EDGE_LOOP('',(#5790,#5791,#5792,#5793));
#1275=EDGE_LOOP('',(#5794,#5795,#5796,#5797));
#1276=EDGE_LOOP('',(#5798,#5799,#5800,#5801));
#1277=EDGE_LOOP('',(#5802,#5803,#5804,#5805));
#1278=EDGE_LOOP('',(#5806,#5807,#5808,#5809));
#1279=EDGE_LOOP('',(#5810,#5811,#5812,#5813));
#1280=EDGE_LOOP('',(#5814,#5815,#5816,#5817));
#1281=EDGE_LOOP('',(#5818,#5819,#5820,#5821));
#1282=EDGE_LOOP('',(#5822,#5823,#5824,#5825));
#1283=EDGE_LOOP('',(#5826,#5827,#5828,#5829));
#1284=EDGE_LOOP('',(#5830,#5831,#5832,#5833));
#1285=EDGE_LOOP('',(#5834,#5835,#5836,#5837));
#1286=EDGE_LOOP('',(#5838,#5839,#5840,#5841));
#1287=EDGE_LOOP('',(#5842,#5843,#5844,#5845));
#1288=EDGE_LOOP('',(#5846,#5847,#5848,#5849));
#1289=EDGE_LOOP('',(#5850,#5851,#5852,#5853));
#1290=EDGE_LOOP('',(#5854,#5855,#5856,#5857));
#1291=EDGE_LOOP('',(#5858,#5859,#5860,#5861));
#1292=EDGE_LOOP('',(#5862,#5863,#5864,#5865));
#1293=EDGE_LOOP('',(#5866,#5867,#5868,#5869));
#1294=EDGE_LOOP('',(#5870,#5871,#5872,#5873));
#1295=EDGE_LOOP('',(#5874,#5875,#5876,#5877));
#1296=EDGE_LOOP('',(#5878,#5879,#5880,#5881));
#1297=EDGE_LOOP('',(#5882,#5883,#5884,#5885));
#1298=EDGE_LOOP('',(#5886,#5887,#5888,#5889));
#1299=EDGE_LOOP('',(#5890,#5891,#5892,#5893));
#1300=EDGE_LOOP('',(#5894,#5895,#5896,#5897));
#1301=EDGE_LOOP('',(#5898,#5899,#5900,#5901));
#1302=EDGE_LOOP('',(#5902,#5903,#5904,#5905));
#1303=EDGE_LOOP('',(#5906,#5907,#5908,#5909));
#1304=EDGE_LOOP('',(#5910,#5911,#5912,#5913));
#1305=EDGE_LOOP('',(#5914,#5915,#5916,#5917));
#1306=EDGE_LOOP('',(#5918,#5919,#5920,#5921));
#1307=EDGE_LOOP('',(#5922,#5923,#5924,#5925));
#1308=EDGE_LOOP('',(#5926,#5927,#5928,#5929));
#1309=EDGE_LOOP('',(#5930,#5931,#5932,#5933));
#1310=EDGE_LOOP('',(#5934,#5935,#5936,#5937));
#1311=EDGE_LOOP('',(#5938,#5939,#5940,#5941));
#1312=EDGE_LOOP('',(#5942,#5943,#5944,#5945));
#1313=EDGE_LOOP('',(#5946,#5947,#5948,#5949));
#1314=EDGE_LOOP('',(#5950,#5951,#5952,#5953));
#1315=EDGE_LOOP('',(#5954,#5955,#5956,#5957));
#1316=EDGE_LOOP('',(#5958,#5959,#5960,#5961));
#1317=EDGE_LOOP('',(#5962,#5963,#5964,#5965));
#1318=EDGE_LOOP('',(#5966,#5967,#5968,#5969));
#1319=EDGE_LOOP('',(#5970,#5971,#5972,#5973));
#1320=EDGE_LOOP('',(#5974,#5975,#5976,#5977));
#1321=EDGE_LOOP('',(#5978,#5979,#5980,#5981));
#1322=EDGE_LOOP('',(#5982,#5983,#5984,#5985));
#1323=EDGE_LOOP('',(#5986,#5987,#5988,#5989));
#1324=EDGE_LOOP('',(#5990,#5991,#5992,#5993));
#1325=EDGE_LOOP('',(#5994,#5995,#5996,#5997));
#1326=EDGE_LOOP('',(#5998,#5999,#6000,#6001));
#1327=EDGE_LOOP('',(#6002,#6003,#6004,#6005));
#1328=EDGE_LOOP('',(#6006,#6007,#6008,#6009));
#1329=EDGE_LOOP('',(#6010,#6011,#6012,#6013));
#1330=EDGE_LOOP('',(#6014,#6015,#6016,#6017));
#1331=EDGE_LOOP('',(#6018,#6019,#6020,#6021));
#1332=EDGE_LOOP('',(#6022,#6023,#6024,#6025));
#1333=EDGE_LOOP('',(#6026,#6027,#6028,#6029));
#1334=EDGE_LOOP('',(#6030,#6031,#6032,#6033));
#1335=EDGE_LOOP('',(#6034,#6035,#6036,#6037));
#1336=EDGE_LOOP('',(#6038,#6039,#6040,#6041));
#1337=EDGE_LOOP('',(#6042,#6043,#6044,#6045));
#1338=EDGE_LOOP('',(#6046,#6047,#6048,#6049));
#1339=EDGE_LOOP('',(#6050,#6051,#6052,#6053));
#1340=EDGE_LOOP('',(#6054,#6055,#6056,#6057));
#1341=EDGE_LOOP('',(#6058,#6059,#6060,#6061));
#1342=EDGE_LOOP('',(#6062,#6063,#6064,#6065));
#1343=EDGE_LOOP('',(#6066,#6067,#6068,#6069));
#1344=EDGE_LOOP('',(#6070,#6071,#6072,#6073));
#1345=EDGE_LOOP('',(#6074,#6075,#6076,#6077));
#1346=EDGE_LOOP('',(#6078,#6079,#6080,#6081));
#1347=EDGE_LOOP('',(#6082,#6083,#6084,#6085));
#1348=EDGE_LOOP('',(#6086,#6087,#6088,#6089));
#1349=EDGE_LOOP('',(#6090,#6091,#6092,#6093));
#1350=EDGE_LOOP('',(#6094,#6095,#6096,#6097));
#1351=EDGE_LOOP('',(#6098,#6099,#6100,#6101));
#1352=EDGE_LOOP('',(#6102,#6103,#6104,#6105));
#1353=EDGE_LOOP('',(#6106,#6107,#6108,#6109));
#1354=EDGE_LOOP('',(#6110,#6111,#6112,#6113));
#1355=EDGE_LOOP('',(#6114,#6115,#6116,#6117));
#1356=EDGE_LOOP('',(#6118,#6119,#6120,#6121));
#1357=EDGE_LOOP('',(#6122,#6123,#6124,#6125));
#1358=EDGE_LOOP('',(#6126,#6127,#6128,#6129));
#1359=EDGE_LOOP('',(#6130,#6131,#6132,#6133));
#1360=EDGE_LOOP('',(#6134,#6135,#6136,#6137));
#1361=EDGE_LOOP('',(#6138,#6139,#6140,#6141));
#1362=EDGE_LOOP('',(#6142,#6143,#6144,#6145));
#1363=EDGE_LOOP('',(#6146,#6147,#6148,#6149));
#1364=EDGE_LOOP('',(#6150,#6151,#6152,#6153));
#1365=EDGE_LOOP('',(#6154,#6155,#6156,#6157));
#1366=EDGE_LOOP('',(#6158,#6159,#6160,#6161));
#1367=EDGE_LOOP('',(#6162,#6163,#6164,#6165));
#1368=EDGE_LOOP('',(#6166,#6167,#6168,#6169));
#1369=EDGE_LOOP('',(#6170,#6171,#6172,#6173));
#1370=EDGE_LOOP('',(#6174,#6175,#6176,#6177));
#1371=EDGE_LOOP('',(#6178,#6179,#6180,#6181));
#1372=EDGE_LOOP('',(#6182,#6183,#6184,#6185));
#1373=EDGE_LOOP('',(#6186,#6187,#6188,#6189));
#1374=EDGE_LOOP('',(#6190,#6191,#6192,#6193));
#1375=EDGE_LOOP('',(#6194,#6195,#6196,#6197));
#1376=EDGE_LOOP('',(#6198,#6199,#6200,#6201));
#1377=EDGE_LOOP('',(#6202,#6203,#6204,#6205));
#1378=EDGE_LOOP('',(#6206,#6207,#6208,#6209));
#1379=EDGE_LOOP('',(#6210,#6211,#6212,#6213));
#1380=EDGE_LOOP('',(#6214,#6215,#6216,#6217));
#1381=EDGE_LOOP('',(#6218,#6219,#6220,#6221));
#1382=EDGE_LOOP('',(#6222,#6223,#6224,#6225));
#1383=EDGE_LOOP('',(#6226,#6227,#6228,#6229));
#1384=EDGE_LOOP('',(#6230,#6231,#6232,#6233));
#1385=EDGE_LOOP('',(#6234,#6235,#6236,#6237));
#1386=EDGE_LOOP('',(#6238,#6239,#6240,#6241));
#1387=EDGE_LOOP('',(#6242,#6243,#6244,#6245));
#1388=EDGE_LOOP('',(#6246,#6247,#6248,#6249));
#1389=EDGE_LOOP('',(#6250,#6251,#6252,#6253));
#1390=EDGE_LOOP('',(#6254,#6255,#6256,#6257));
#1391=EDGE_LOOP('',(#6258,#6259,#6260,#6261));
#1392=EDGE_LOOP('',(#6262,#6263,#6264,#6265));
#1393=EDGE_LOOP('',(#6266,#6267,#6268,#6269));
#1394=EDGE_LOOP('',(#6270,#6271,#6272,#6273));
#1395=EDGE_LOOP('',(#6274,#6275,#6276,#6277));
#1396=EDGE_LOOP('',(#6278,#6279,#6280,#6281));
#1397=EDGE_LOOP('',(#6282,#6283,#6284,#6285));
#1398=EDGE_LOOP('',(#6286,#6287,#6288,#6289));
#1399=EDGE_LOOP('',(#6290,#6291,#6292,#6293));
#1400=EDGE_LOOP('',(#6294,#6295,#6296,#6297));
#1401=EDGE_LOOP('',(#6298,#6299,#6300,#6301));
#1402=EDGE_LOOP('',(#6302,#6303,#6304,#6305));
#1403=EDGE_LOOP('',(#6306,#6307,#6308,#6309));
#1404=EDGE_LOOP('',(#6310,#6311,#6312,#6313));
#1405=EDGE_LOOP('',(#6314,#6315,#6316,#6317));
#1406=EDGE_LOOP('',(#6318,#6319,#6320,#6321));
#1407=EDGE_LOOP('',(#6322,#6323,#6324,#6325,#6326));
#1408=EDGE_LOOP('',(#6327,#6328,#6329,#6330));
#1409=EDGE_LOOP('',(#6331,#6332,#6333,#6334,#6335));
#1410=EDGE_LOOP('',(#6336,#6337,#6338,#6339,#6340));
#1411=EDGE_LOOP('',(#6341,#6342,#6343,#6344,#6345));
#1412=EDGE_LOOP('',(#6346,#6347,#6348,#6349));
#1413=EDGE_LOOP('',(#6350,#6351,#6352,#6353));
#1414=EDGE_LOOP('',(#6354,#6355,#6356,#6357));
#1415=EDGE_LOOP('',(#6358,#6359,#6360,#6361));
#1416=EDGE_LOOP('',(#6362,#6363,#6364,#6365));
#1417=EDGE_LOOP('',(#6366,#6367,#6368,#6369));
#1418=EDGE_LOOP('',(#6370,#6371,#6372,#6373));
#1419=EDGE_LOOP('',(#6374,#6375,#6376,#6377));
#1420=EDGE_LOOP('',(#6378,#6379,#6380,#6381));
#1421=EDGE_LOOP('',(#6382,#6383,#6384,#6385,#6386,#6387,#6388,#6389));
#1422=EDGE_LOOP('',(#6390,#6391,#6392,#6393));
#1423=EDGE_LOOP('',(#6394,#6395,#6396,#6397));
#1424=EDGE_LOOP('',(#6398,#6399,#6400,#6401));
#1425=EDGE_LOOP('',(#6402,#6403,#6404,#6405));
#1426=EDGE_LOOP('',(#6406,#6407,#6408,#6409));
#1427=EDGE_LOOP('',(#6410,#6411,#6412,#6413));
#1428=EDGE_LOOP('',(#6414,#6415,#6416,#6417));
#1429=EDGE_LOOP('',(#6418,#6419,#6420,#6421));
#1430=EDGE_LOOP('',(#6422,#6423,#6424,#6425,#6426,#6427,#6428,#6429));
#1431=EDGE_LOOP('',(#6430,#6431,#6432,#6433));
#1432=EDGE_LOOP('',(#6434,#6435,#6436,#6437));
#1433=EDGE_LOOP('',(#6438,#6439,#6440,#6441));
#1434=EDGE_LOOP('',(#6442,#6443,#6444,#6445,#6446));
#1435=EDGE_LOOP('',(#6447,#6448,#6449,#6450));
#1436=EDGE_LOOP('',(#6451,#6452,#6453,#6454,#6455));
#1437=EDGE_LOOP('',(#6456,#6457,#6458,#6459,#6460));
#1438=EDGE_LOOP('',(#6461,#6462,#6463,#6464,#6465));
#1439=EDGE_LOOP('',(#6466,#6467,#6468,#6469));
#1440=EDGE_LOOP('',(#6470,#6471,#6472,#6473));
#1441=EDGE_LOOP('',(#6474,#6475,#6476,#6477));
#1442=EDGE_LOOP('',(#6478,#6479,#6480,#6481));
#1443=EDGE_LOOP('',(#6482,#6483,#6484,#6485,#6486));
#1444=EDGE_LOOP('',(#6487,#6488,#6489,#6490));
#1445=EDGE_LOOP('',(#6491,#6492,#6493,#6494,#6495));
#1446=EDGE_LOOP('',(#6496,#6497,#6498,#6499,#6500));
#1447=EDGE_LOOP('',(#6501,#6502,#6503,#6504,#6505));
#1448=EDGE_LOOP('',(#6506,#6507,#6508,#6509));
#1449=EDGE_LOOP('',(#6510,#6511,#6512,#6513));
#1450=EDGE_LOOP('',(#6514,#6515,#6516,#6517));
#1451=EDGE_LOOP('',(#6518,#6519,#6520,#6521));
#1452=EDGE_LOOP('',(#6522,#6523,#6524,#6525));
#1453=EDGE_LOOP('',(#6526,#6527,#6528,#6529));
#1454=EDGE_LOOP('',(#6530,#6531,#6532,#6533));
#1455=EDGE_LOOP('',(#6534,#6535,#6536,#6537));
#1456=EDGE_LOOP('',(#6538,#6539,#6540,#6541));
#1457=EDGE_LOOP('',(#6542,#6543,#6544,#6545));
#1458=EDGE_LOOP('',(#6546,#6547,#6548,#6549));
#1459=EDGE_LOOP('',(#6550,#6551,#6552,#6553));
#1460=EDGE_LOOP('',(#6554,#6555,#6556,#6557));
#1461=EDGE_LOOP('',(#6558,#6559,#6560,#6561));
#1462=EDGE_LOOP('',(#6562,#6563,#6564,#6565));
#1463=EDGE_LOOP('',(#6566,#6567,#6568,#6569));
#1464=EDGE_LOOP('',(#6570,#6571,#6572,#6573));
#1465=EDGE_LOOP('',(#6574,#6575,#6576,#6577));
#1466=EDGE_LOOP('',(#6578,#6579,#6580,#6581));
#1467=EDGE_LOOP('',(#6582,#6583,#6584,#6585));
#1468=EDGE_LOOP('',(#6586,#6587,#6588,#6589));
#1469=EDGE_LOOP('',(#6590,#6591,#6592,#6593));
#1470=EDGE_LOOP('',(#6594,#6595,#6596,#6597));
#1471=EDGE_LOOP('',(#6598,#6599,#6600,#6601));
#1472=EDGE_LOOP('',(#6602,#6603,#6604,#6605));
#1473=EDGE_LOOP('',(#6606,#6607,#6608,#6609));
#1474=EDGE_LOOP('',(#6610,#6611,#6612,#6613));
#1475=EDGE_LOOP('',(#6614,#6615,#6616,#6617));
#1476=EDGE_LOOP('',(#6618,#6619,#6620,#6621));
#1477=EDGE_LOOP('',(#6622,#6623,#6624,#6625));
#1478=EDGE_LOOP('',(#6626,#6627,#6628,#6629));
#1479=EDGE_LOOP('',(#6630,#6631,#6632,#6633));
#1480=EDGE_LOOP('',(#6634,#6635,#6636,#6637));
#1481=EDGE_LOOP('',(#6638,#6639,#6640,#6641));
#1482=EDGE_LOOP('',(#6642,#6643,#6644,#6645));
#1483=EDGE_LOOP('',(#6646,#6647,#6648,#6649));
#1484=EDGE_LOOP('',(#6650,#6651,#6652,#6653));
#1485=EDGE_LOOP('',(#6654,#6655,#6656,#6657));
#1486=EDGE_LOOP('',(#6658,#6659,#6660,#6661));
#1487=EDGE_LOOP('',(#6662,#6663,#6664,#6665));
#1488=EDGE_LOOP('',(#6666,#6667,#6668,#6669));
#1489=EDGE_LOOP('',(#6670,#6671,#6672,#6673));
#1490=EDGE_LOOP('',(#6674,#6675,#6676,#6677));
#1491=EDGE_LOOP('',(#6678,#6679,#6680,#6681));
#1492=EDGE_LOOP('',(#6682,#6683,#6684,#6685));
#1493=EDGE_LOOP('',(#6686,#6687,#6688,#6689));
#1494=EDGE_LOOP('',(#6690,#6691,#6692,#6693));
#1495=EDGE_LOOP('',(#6694,#6695,#6696,#6697));
#1496=EDGE_LOOP('',(#6698,#6699,#6700,#6701));
#1497=EDGE_LOOP('',(#6702,#6703,#6704,#6705));
#1498=EDGE_LOOP('',(#6706,#6707,#6708,#6709));
#1499=EDGE_LOOP('',(#6710,#6711,#6712,#6713));
#1500=EDGE_LOOP('',(#6714,#6715,#6716,#6717));
#1501=EDGE_LOOP('',(#6718,#6719,#6720,#6721));
#1502=EDGE_LOOP('',(#6722,#6723,#6724,#6725));
#1503=EDGE_LOOP('',(#6726,#6727,#6728,#6729));
#1504=EDGE_LOOP('',(#6730,#6731,#6732,#6733));
#1505=EDGE_LOOP('',(#6734,#6735,#6736,#6737));
#1506=EDGE_LOOP('',(#6738,#6739,#6740,#6741));
#1507=EDGE_LOOP('',(#6742,#6743,#6744,#6745));
#1508=EDGE_LOOP('',(#6746,#6747,#6748,#6749));
#1509=EDGE_LOOP('',(#6750,#6751,#6752,#6753));
#1510=EDGE_LOOP('',(#6754,#6755,#6756,#6757));
#1511=EDGE_LOOP('',(#6758,#6759,#6760,#6761));
#1512=EDGE_LOOP('',(#6762,#6763,#6764,#6765));
#1513=EDGE_LOOP('',(#6766,#6767,#6768,#6769));
#1514=EDGE_LOOP('',(#6770,#6771,#6772,#6773));
#1515=EDGE_LOOP('',(#6774,#6775,#6776,#6777));
#1516=EDGE_LOOP('',(#6778,#6779,#6780,#6781));
#1517=EDGE_LOOP('',(#6782,#6783,#6784,#6785));
#1518=EDGE_LOOP('',(#6786,#6787,#6788,#6789));
#1519=EDGE_LOOP('',(#6790,#6791,#6792,#6793));
#1520=EDGE_LOOP('',(#6794,#6795,#6796,#6797));
#1521=EDGE_LOOP('',(#6798,#6799,#6800,#6801));
#1522=EDGE_LOOP('',(#6802,#6803,#6804,#6805));
#1523=EDGE_LOOP('',(#6806,#6807,#6808,#6809));
#1524=EDGE_LOOP('',(#6810,#6811,#6812,#6813));
#1525=EDGE_LOOP('',(#6814,#6815,#6816,#6817));
#1526=EDGE_LOOP('',(#6818,#6819,#6820,#6821));
#1527=EDGE_LOOP('',(#6822,#6823,#6824,#6825));
#1528=EDGE_LOOP('',(#6826,#6827,#6828,#6829));
#1529=EDGE_LOOP('',(#6830,#6831,#6832,#6833));
#1530=EDGE_LOOP('',(#6834,#6835,#6836,#6837));
#1531=EDGE_LOOP('',(#6838,#6839,#6840,#6841));
#1532=EDGE_LOOP('',(#6842,#6843,#6844,#6845));
#1533=EDGE_LOOP('',(#6846,#6847,#6848,#6849));
#1534=EDGE_LOOP('',(#6850,#6851,#6852,#6853));
#1535=EDGE_LOOP('',(#6854,#6855,#6856,#6857));
#1536=EDGE_LOOP('',(#6858,#6859,#6860,#6861));
#1537=EDGE_LOOP('',(#6862,#6863,#6864,#6865));
#1538=EDGE_LOOP('',(#6866,#6867,#6868,#6869));
#1539=EDGE_LOOP('',(#6870,#6871,#6872,#6873));
#1540=EDGE_LOOP('',(#6874,#6875,#6876,#6877));
#1541=EDGE_LOOP('',(#6878,#6879,#6880,#6881));
#1542=EDGE_LOOP('',(#6882,#6883,#6884,#6885));
#1543=EDGE_LOOP('',(#6886,#6887,#6888,#6889));
#1544=EDGE_LOOP('',(#6890,#6891,#6892,#6893));
#1545=EDGE_LOOP('',(#6894,#6895,#6896,#6897));
#1546=EDGE_LOOP('',(#6898,#6899,#6900,#6901));
#1547=EDGE_LOOP('',(#6902,#6903,#6904,#6905));
#1548=EDGE_LOOP('',(#6906,#6907,#6908,#6909));
#1549=EDGE_LOOP('',(#6910,#6911,#6912,#6913));
#1550=EDGE_LOOP('',(#6914,#6915,#6916,#6917));
#1551=EDGE_LOOP('',(#6918,#6919,#6920,#6921));
#1552=EDGE_LOOP('',(#6922,#6923,#6924,#6925));
#1553=EDGE_LOOP('',(#6926,#6927,#6928,#6929));
#1554=EDGE_LOOP('',(#6930,#6931,#6932,#6933));
#1555=EDGE_LOOP('',(#6934,#6935,#6936,#6937));
#1556=EDGE_LOOP('',(#6938,#6939,#6940,#6941));
#1557=EDGE_LOOP('',(#6942,#6943,#6944,#6945));
#1558=EDGE_LOOP('',(#6946,#6947,#6948,#6949));
#1559=EDGE_LOOP('',(#6950,#6951,#6952,#6953));
#1560=EDGE_LOOP('',(#6954,#6955,#6956,#6957));
#1561=EDGE_LOOP('',(#6958,#6959,#6960,#6961));
#1562=EDGE_LOOP('',(#6962,#6963,#6964,#6965));
#1563=EDGE_LOOP('',(#6966,#6967,#6968,#6969));
#1564=EDGE_LOOP('',(#6970,#6971,#6972,#6973));
#1565=EDGE_LOOP('',(#6974,#6975,#6976,#6977));
#1566=EDGE_LOOP('',(#6978,#6979,#6980,#6981));
#1567=EDGE_LOOP('',(#6982,#6983,#6984,#6985));
#1568=EDGE_LOOP('',(#6986,#6987,#6988,#6989));
#1569=EDGE_LOOP('',(#6990,#6991,#6992,#6993));
#1570=EDGE_LOOP('',(#6994,#6995,#6996,#6997));
#1571=EDGE_LOOP('',(#6998,#6999,#7000,#7001));
#1572=EDGE_LOOP('',(#7002,#7003,#7004,#7005));
#1573=EDGE_LOOP('',(#7006,#7007,#7008,#7009));
#1574=EDGE_LOOP('',(#7010,#7011,#7012,#7013));
#1575=EDGE_LOOP('',(#7014,#7015,#7016,#7017));
#1576=EDGE_LOOP('',(#7018,#7019,#7020,#7021));
#1577=EDGE_LOOP('',(#7022,#7023,#7024,#7025));
#1578=EDGE_LOOP('',(#7026,#7027,#7028,#7029));
#1579=EDGE_LOOP('',(#7030,#7031,#7032,#7033));
#1580=EDGE_LOOP('',(#7034,#7035,#7036,#7037));
#1581=EDGE_LOOP('',(#7038,#7039,#7040,#7041));
#1582=EDGE_LOOP('',(#7042,#7043,#7044,#7045));
#1583=EDGE_LOOP('',(#7046,#7047,#7048,#7049));
#1584=EDGE_LOOP('',(#7050,#7051,#7052,#7053));
#1585=EDGE_LOOP('',(#7054,#7055,#7056,#7057));
#1586=EDGE_LOOP('',(#7058,#7059,#7060,#7061));
#1587=EDGE_LOOP('',(#7062,#7063,#7064,#7065));
#1588=EDGE_LOOP('',(#7066,#7067,#7068,#7069,#7070));
#1589=EDGE_LOOP('',(#7071,#7072,#7073,#7074));
#1590=EDGE_LOOP('',(#7075,#7076,#7077,#7078,#7079));
#1591=EDGE_LOOP('',(#7080,#7081,#7082,#7083,#7084));
#1592=EDGE_LOOP('',(#7085,#7086,#7087,#7088,#7089));
#1593=EDGE_LOOP('',(#7090,#7091,#7092,#7093));
#1594=EDGE_LOOP('',(#7094,#7095,#7096,#7097));
#1595=EDGE_LOOP('',(#7098,#7099,#7100,#7101));
#1596=EDGE_LOOP('',(#7102,#7103,#7104,#7105));
#1597=EDGE_LOOP('',(#7106,#7107,#7108,#7109));
#1598=EDGE_LOOP('',(#7110,#7111,#7112,#7113));
#1599=EDGE_LOOP('',(#7114,#7115,#7116,#7117));
#1600=EDGE_LOOP('',(#7118,#7119,#7120,#7121));
#1601=EDGE_LOOP('',(#7122,#7123,#7124,#7125));
#1602=EDGE_LOOP('',(#7126,#7127,#7128,#7129,#7130,#7131,#7132,#7133));
#1603=EDGE_LOOP('',(#7134,#7135,#7136,#7137));
#1604=EDGE_LOOP('',(#7138,#7139,#7140,#7141));
#1605=EDGE_LOOP('',(#7142,#7143,#7144,#7145));
#1606=EDGE_LOOP('',(#7146,#7147,#7148,#7149));
#1607=EDGE_LOOP('',(#7150,#7151,#7152,#7153));
#1608=EDGE_LOOP('',(#7154,#7155,#7156,#7157));
#1609=EDGE_LOOP('',(#7158,#7159,#7160,#7161));
#1610=EDGE_LOOP('',(#7162,#7163,#7164,#7165));
#1611=EDGE_LOOP('',(#7166,#7167,#7168,#7169,#7170,#7171,#7172,#7173));
#1612=EDGE_LOOP('',(#7174,#7175,#7176,#7177,#7178,#7179,#7180,#7181,#7182,
#7183,#7184,#7185,#7186,#7187,#7188,#7189,#7190,#7191,#7192,#7193,#7194,
#7195,#7196,#7197,#7198,#7199,#7200,#7201,#7202,#7203,#7204,#7205,#7206,
#7207,#7208,#7209,#7210,#7211,#7212,#7213,#7214,#7215,#7216,#7217,#7218));
#1613=EDGE_LOOP('',(#7219,#7220,#7221,#7222,#7223,#7224,#7225,#7226));
#1614=EDGE_LOOP('',(#7227,#7228,#7229,#7230,#7231,#7232,#7233,#7234));
#1615=EDGE_LOOP('',(#7235,#7236,#7237,#7238,#7239,#7240,#7241,#7242));
#1616=EDGE_LOOP('',(#7243,#7244,#7245,#7246,#7247,#7248,#7249,#7250));
#1617=EDGE_LOOP('',(#7251,#7252,#7253,#7254,#7255,#7256,#7257,#7258));
#1618=EDGE_LOOP('',(#7259,#7260,#7261,#7262,#7263,#7264,#7265,#7266));
#1619=EDGE_LOOP('',(#7267,#7268,#7269,#7270,#7271,#7272,#7273,#7274));
#1620=EDGE_LOOP('',(#7275,#7276,#7277,#7278,#7279,#7280,#7281,#7282));
#1621=EDGE_LOOP('',(#7283,#7284,#7285,#7286,#7287,#7288,#7289,#7290));
#1622=EDGE_LOOP('',(#7291,#7292,#7293,#7294,#7295,#7296,#7297,#7298));
#1623=EDGE_LOOP('',(#7299,#7300,#7301,#7302,#7303,#7304,#7305,#7306));
#1624=EDGE_LOOP('',(#7307,#7308,#7309,#7310,#7311,#7312,#7313,#7314));
#1625=EDGE_LOOP('',(#7315,#7316,#7317,#7318,#7319,#7320,#7321,#7322));
#1626=EDGE_LOOP('',(#7323,#7324,#7325,#7326,#7327,#7328,#7329,#7330));
#1627=EDGE_LOOP('',(#7331,#7332,#7333,#7334,#7335,#7336,#7337,#7338));
#1628=EDGE_LOOP('',(#7339,#7340,#7341,#7342,#7343,#7344,#7345,#7346));
#1629=EDGE_LOOP('',(#7347,#7348,#7349,#7350,#7351,#7352,#7353,#7354));
#1630=EDGE_LOOP('',(#7355,#7356,#7357,#7358,#7359,#7360,#7361,#7362));
#1631=EDGE_LOOP('',(#7363,#7364,#7365,#7366,#7367,#7368,#7369,#7370));
#1632=EDGE_LOOP('',(#7371,#7372,#7373,#7374,#7375,#7376,#7377,#7378));
#1633=EDGE_LOOP('',(#7379,#7380,#7381,#7382,#7383,#7384,#7385,#7386));
#1634=EDGE_LOOP('',(#7387,#7388,#7389,#7390,#7391,#7392,#7393,#7394));
#1635=EDGE_LOOP('',(#7395,#7396,#7397,#7398,#7399,#7400,#7401,#7402));
#1636=EDGE_LOOP('',(#7403,#7404,#7405,#7406,#7407,#7408,#7409,#7410));
#1637=EDGE_LOOP('',(#7411,#7412,#7413,#7414,#7415,#7416,#7417,#7418));
#1638=EDGE_LOOP('',(#7419,#7420,#7421,#7422,#7423,#7424,#7425,#7426));
#1639=EDGE_LOOP('',(#7427,#7428,#7429,#7430,#7431,#7432,#7433,#7434));
#1640=EDGE_LOOP('',(#7435,#7436,#7437,#7438,#7439,#7440,#7441,#7442));
#1641=EDGE_LOOP('',(#7443,#7444,#7445,#7446,#7447,#7448,#7449,#7450));
#1642=EDGE_LOOP('',(#7451,#7452,#7453,#7454,#7455,#7456,#7457,#7458));
#1643=EDGE_LOOP('',(#7459,#7460,#7461,#7462,#7463,#7464,#7465,#7466));
#1644=EDGE_LOOP('',(#7467,#7468,#7469,#7470,#7471,#7472,#7473,#7474));
#1645=EDGE_LOOP('',(#7475,#7476,#7477,#7478,#7479,#7480,#7481,#7482));
#1646=EDGE_LOOP('',(#7483,#7484,#7485,#7486,#7487,#7488,#7489,#7490));
#1647=EDGE_LOOP('',(#7491,#7492,#7493,#7494,#7495,#7496,#7497,#7498));
#1648=EDGE_LOOP('',(#7499,#7500,#7501,#7502));
#1649=EDGE_LOOP('',(#7503,#7504,#7505));
#1650=EDGE_LOOP('',(#7506,#7507,#7508,#7509,#7510,#7511,#7512,#7513,#7514,
#7515,#7516,#7517,#7518,#7519,#7520,#7521,#7522,#7523,#7524,#7525,#7526,
#7527,#7528,#7529,#7530,#7531,#7532,#7533,#7534,#7535,#7536,#7537,#7538,
#7539));
#1651=EDGE_LOOP('',(#7540,#7541,#7542,#7543));
#1652=EDGE_LOOP('',(#7544,#7545,#7546,#7547));
#1653=EDGE_LOOP('',(#7548,#7549,#7550,#7551,#7552,#7553,#7554,#7555,#7556,
#7557));
#1654=EDGE_LOOP('',(#7558,#7559,#7560,#7561));
#1655=EDGE_LOOP('',(#7562,#7563,#7564,#7565));
#1656=EDGE_LOOP('',(#7566,#7567,#7568,#7569));
#1657=EDGE_LOOP('',(#7570,#7571,#7572,#7573));
#1658=EDGE_LOOP('',(#7574,#7575,#7576,#7577));
#1659=EDGE_LOOP('',(#7578,#7579,#7580,#7581));
#1660=EDGE_LOOP('',(#7582,#7583,#7584,#7585));
#1661=EDGE_LOOP('',(#7586,#7587,#7588,#7589));
#1662=EDGE_LOOP('',(#7590,#7591,#7592,#7593));
#1663=EDGE_LOOP('',(#7594,#7595,#7596,#7597,#7598,#7599,#7600,#7601));
#1664=EDGE_LOOP('',(#7602,#7603,#7604,#7605));
#1665=EDGE_LOOP('',(#7606,#7607,#7608,#7609));
#1666=EDGE_LOOP('',(#7610,#7611,#7612,#7613));
#1667=EDGE_LOOP('',(#7614,#7615,#7616,#7617));
#1668=EDGE_LOOP('',(#7618,#7619,#7620,#7621,#7622,#7623,#7624,#7625));
#1669=EDGE_LOOP('',(#7626,#7627,#7628,#7629));
#1670=EDGE_LOOP('',(#7630,#7631,#7632,#7633));
#1671=EDGE_LOOP('',(#7634,#7635,#7636,#7637));
#1672=EDGE_LOOP('',(#7638,#7639,#7640,#7641,#7642,#7643,#7644,#7645));
#1673=EDGE_LOOP('',(#7646));
#1674=EDGE_LOOP('',(#7647));
#1675=EDGE_LOOP('',(#7648,#7649,#7650,#7651));
#1676=EDGE_LOOP('',(#7652,#7653,#7654,#7655,#7656,#7657,#7658,#7659,#7660,
#7661,#7662));
#1677=EDGE_LOOP('',(#7663,#7664,#7665,#7666,#7667,#7668,#7669,#7670));
#1678=EDGE_LOOP('',(#7671));
#1679=EDGE_LOOP('',(#7672,#7673,#7674,#7675));
#1680=EDGE_LOOP('',(#7676));
#1681=EDGE_LOOP('',(#7677,#7678,#7679,#7680));
#1682=EDGE_LOOP('',(#7681,#7682,#7683,#7684));
#1683=EDGE_LOOP('',(#7685,#7686,#7687,#7688));
#1684=EDGE_LOOP('',(#7689,#7690,#7691,#7692));
#1685=EDGE_LOOP('',(#7693,#7694,#7695,#7696,#7697,#7698,#7699,#7700));
#1686=EDGE_LOOP('',(#7701,#7702,#7703,#7704));
#1687=EDGE_LOOP('',(#7705,#7706,#7707,#7708,#7709,#7710,#7711,#7712));
#1688=EDGE_LOOP('',(#7713,#7714,#7715,#7716,#7717,#7718,#7719,#7720));
#1689=EDGE_LOOP('',(#7721,#7722,#7723,#7724,#7725,#7726,#7727,#7728));
#1690=EDGE_LOOP('',(#7729,#7730,#7731,#7732,#7733,#7734,#7735,#7736));
#1691=EDGE_LOOP('',(#7737,#7738,#7739,#7740,#7741,#7742,#7743,#7744));
#1692=EDGE_LOOP('',(#7745,#7746,#7747,#7748,#7749,#7750,#7751,#7752));
#1693=EDGE_LOOP('',(#7753,#7754,#7755,#7756,#7757,#7758,#7759,#7760));
#1694=EDGE_LOOP('',(#7761,#7762,#7763,#7764,#7765,#7766,#7767,#7768));
#1695=EDGE_LOOP('',(#7769,#7770,#7771,#7772,#7773,#7774,#7775,#7776));
#1696=EDGE_LOOP('',(#7777,#7778,#7779,#7780,#7781,#7782,#7783,#7784));
#1697=EDGE_LOOP('',(#7785,#7786,#7787,#7788,#7789,#7790,#7791,#7792));
#1698=EDGE_LOOP('',(#7793,#7794,#7795,#7796,#7797,#7798,#7799,#7800));
#1699=EDGE_LOOP('',(#7801,#7802,#7803,#7804,#7805,#7806,#7807,#7808));
#1700=EDGE_LOOP('',(#7809,#7810,#7811,#7812,#7813,#7814,#7815,#7816));
#1701=EDGE_LOOP('',(#7817,#7818,#7819,#7820,#7821,#7822,#7823,#7824));
#1702=EDGE_LOOP('',(#7825,#7826,#7827,#7828,#7829,#7830,#7831,#7832));
#1703=EDGE_LOOP('',(#7833,#7834,#7835,#7836,#7837,#7838,#7839,#7840));
#1704=EDGE_LOOP('',(#7841,#7842,#7843,#7844,#7845,#7846,#7847,#7848));
#1705=EDGE_LOOP('',(#7849,#7850,#7851,#7852,#7853,#7854,#7855,#7856));
#1706=EDGE_LOOP('',(#7857,#7858,#7859,#7860,#7861,#7862,#7863,#7864));
#1707=EDGE_LOOP('',(#7865,#7866,#7867,#7868,#7869,#7870,#7871,#7872));
#1708=EDGE_LOOP('',(#7873,#7874,#7875,#7876,#7877,#7878,#7879,#7880));
#1709=EDGE_LOOP('',(#7881,#7882,#7883,#7884,#7885,#7886,#7887,#7888));
#1710=EDGE_LOOP('',(#7889,#7890,#7891,#7892,#7893,#7894,#7895,#7896));
#1711=EDGE_LOOP('',(#7897,#7898,#7899,#7900,#7901,#7902,#7903,#7904));
#1712=EDGE_LOOP('',(#7905,#7906,#7907,#7908,#7909,#7910,#7911,#7912));
#1713=EDGE_LOOP('',(#7913,#7914,#7915,#7916,#7917,#7918,#7919,#7920));
#1714=EDGE_LOOP('',(#7921,#7922,#7923,#7924,#7925,#7926,#7927,#7928));
#1715=EDGE_LOOP('',(#7929,#7930,#7931,#7932,#7933,#7934,#7935,#7936));
#1716=EDGE_LOOP('',(#7937,#7938,#7939,#7940,#7941,#7942,#7943,#7944));
#1717=EDGE_LOOP('',(#7945,#7946,#7947,#7948,#7949,#7950,#7951,#7952));
#1718=EDGE_LOOP('',(#7953,#7954,#7955,#7956,#7957,#7958,#7959,#7960));
#1719=EDGE_LOOP('',(#7961,#7962,#7963,#7964,#7965,#7966,#7967,#7968));
#1720=EDGE_LOOP('',(#7969,#7970,#7971,#7972,#7973,#7974,#7975,#7976));
#1721=EDGE_LOOP('',(#7977,#7978,#7979,#7980,#7981,#7982,#7983,#7984));
#1722=EDGE_LOOP('',(#7985,#7986,#7987,#7988,#7989,#7990,#7991,#7992));
#1723=EDGE_LOOP('',(#7993,#7994,#7995,#7996,#7997,#7998,#7999,#8000));
#1724=EDGE_LOOP('',(#8001,#8002,#8003,#8004,#8005,#8006,#8007,#8008));
#1725=EDGE_LOOP('',(#8009,#8010,#8011,#8012,#8013,#8014,#8015,#8016));
#1726=EDGE_LOOP('',(#8017,#8018,#8019,#8020,#8021,#8022,#8023,#8024));
#1727=EDGE_LOOP('',(#8025,#8026,#8027,#8028,#8029,#8030,#8031,#8032));
#1728=EDGE_LOOP('',(#8033,#8034,#8035,#8036,#8037,#8038,#8039,#8040));
#1729=EDGE_LOOP('',(#8041,#8042,#8043,#8044,#8045,#8046,#8047,#8048));
#1730=EDGE_LOOP('',(#8049,#8050,#8051,#8052,#8053,#8054,#8055,#8056));
#1731=EDGE_LOOP('',(#8057,#8058,#8059,#8060,#8061,#8062,#8063,#8064));
#1732=EDGE_LOOP('',(#8065,#8066,#8067,#8068));
#1733=EDGE_LOOP('',(#8069,#8070,#8071,#8072,#8073,#8074));
#1734=EDGE_LOOP('',(#8075,#8076,#8077,#8078));
#1735=EDGE_LOOP('',(#8079,#8080,#8081));
#1736=EDGE_LOOP('',(#8082,#8083,#8084,#8085));
#1737=EDGE_LOOP('',(#8086,#8087,#8088,#8089));
#1738=EDGE_LOOP('',(#8090,#8091,#8092));
#1739=EDGE_LOOP('',(#8093,#8094,#8095,#8096));
#1740=EDGE_LOOP('',(#8097,#8098,#8099,#8100));
#1741=EDGE_LOOP('',(#8101,#8102,#8103,#8104));
#1742=EDGE_LOOP('',(#8105,#8106,#8107,#8108));
#1743=EDGE_LOOP('',(#8109,#8110,#8111,#8112));
#1744=EDGE_LOOP('',(#8113,#8114,#8115,#8116,#8117,#8118));
#1745=EDGE_LOOP('',(#8119,#8120,#8121,#8122,#8123,#8124,#8125));
#1746=EDGE_LOOP('',(#8126,#8127,#8128,#8129));
#1747=EDGE_LOOP('',(#8130,#8131,#8132,#8133));
#1748=EDGE_LOOP('',(#8134,#8135,#8136,#8137));
#1749=EDGE_LOOP('',(#8138,#8139,#8140,#8141));
#1750=EDGE_LOOP('',(#8142));
#1751=EDGE_LOOP('',(#8143,#8144,#8145,#8146));
#1752=EDGE_LOOP('',(#8147,#8148,#8149,#8150));
#1753=EDGE_LOOP('',(#8151,#8152,#8153,#8154));
#1754=EDGE_LOOP('',(#8155,#8156,#8157,#8158));
#1755=EDGE_LOOP('',(#8159,#8160,#8161,#8162,#8163));
#1756=EDGE_LOOP('',(#8164,#8165,#8166,#8167,#8168,#8169,#8170,#8171));
#1757=EDGE_LOOP('',(#8172,#8173,#8174,#8175));
#1758=EDGE_LOOP('',(#8176,#8177,#8178,#8179));
#1759=EDGE_LOOP('',(#8180,#8181,#8182,#8183));
#1760=EDGE_LOOP('',(#8184,#8185,#8186,#8187));
#1761=EDGE_LOOP('',(#8188,#8189,#8190,#8191));
#1762=EDGE_LOOP('',(#8192,#8193,#8194,#8195,#8196));
#1763=EDGE_LOOP('',(#8197,#8198,#8199,#8200,#8201,#8202,#8203,#8204));
#1764=EDGE_LOOP('',(#8205,#8206,#8207,#8208));
#1765=EDGE_LOOP('',(#8209,#8210,#8211,#8212));
#1766=EDGE_LOOP('',(#8213,#8214,#8215,#8216,#8217));
#1767=EDGE_LOOP('',(#8218,#8219,#8220,#8221));
#1768=EDGE_LOOP('',(#8222,#8223,#8224));
#1769=EDGE_LOOP('',(#8225,#8226,#8227));
#1770=EDGE_LOOP('',(#8228,#8229,#8230,#8231));
#1771=EDGE_LOOP('',(#8232,#8233,#8234,#8235,#8236));
#1772=EDGE_LOOP('',(#8237,#8238,#8239,#8240));
#1773=EDGE_LOOP('',(#8241,#8242,#8243));
#1774=EDGE_LOOP('',(#8244,#8245,#8246));
#1775=EDGE_LOOP('',(#8247,#8248,#8249,#8250,#8251,#8252));
#1776=EDGE_LOOP('',(#8253,#8254,#8255,#8256,#8257,#8258));
#1777=EDGE_LOOP('',(#8259,#8260,#8261,#8262));
#1778=EDGE_LOOP('',(#8263));
#1779=EDGE_LOOP('',(#8264,#8265));
#1780=EDGE_LOOP('',(#8266,#8267));
#1781=LINE('',#12513,#2631);
#1782=LINE('',#12515,#2632);
#1783=LINE('',#12517,#2633);
#1784=LINE('',#12518,#2634);
#1785=LINE('',#12523,#2635);
#1786=LINE('',#12527,#2636);
#1787=LINE('',#12529,#2637);
#1788=LINE('',#12530,#2638);
#1789=LINE('',#12535,#2639);
#1790=LINE('',#12539,#2640);
#1791=LINE('',#12541,#2641);
#1792=LINE('',#12542,#2642);
#1793=LINE('',#12547,#2643);
#1794=LINE('',#12551,#2644);
#1795=LINE('',#12553,#2645);
#1796=LINE('',#12554,#2646);
#1797=LINE('',#12564,#2647);
#1798=LINE('',#12567,#2648);
#1799=LINE('',#12570,#2649);
#1800=LINE('',#12572,#2650);
#1801=LINE('',#12573,#2651);
#1802=LINE('',#12579,#2652);
#1803=LINE('',#12582,#2653);
#1804=LINE('',#12584,#2654);
#1805=LINE('',#12586,#2655);
#1806=LINE('',#12587,#2656);
#1807=LINE('',#12591,#2657);
#1808=LINE('',#12593,#2658);
#1809=LINE('',#12595,#2659);
#1810=LINE('',#12596,#2660);
#1811=LINE('',#12604,#2661);
#1812=LINE('',#12607,#2662);
#1813=LINE('',#12608,#2663);
#1814=LINE('',#12609,#2664);
#1815=LINE('',#12616,#2665);
#1816=LINE('',#12620,#2666);
#1817=LINE('',#12622,#2667);
#1818=LINE('',#12624,#2668);
#1819=LINE('',#12625,#2669);
#1820=LINE('',#12631,#2670);
#1821=LINE('',#12634,#2671);
#1822=LINE('',#12636,#2672);
#1823=LINE('',#12637,#2673);
#1824=LINE('',#12643,#2674);
#1825=LINE('',#12646,#2675);
#1826=LINE('',#12648,#2676);
#1827=LINE('',#12649,#2677);
#1828=LINE('',#12655,#2678);
#1829=LINE('',#12658,#2679);
#1830=LINE('',#12660,#2680);
#1831=LINE('',#12661,#2681);
#1832=LINE('',#12668,#2682);
#1833=LINE('',#12670,#2683);
#1834=LINE('',#12672,#2684);
#1835=LINE('',#12673,#2685);
#1836=LINE('',#12679,#2686);
#1837=LINE('',#12682,#2687);
#1838=LINE('',#12684,#2688);
#1839=LINE('',#12685,#2689);
#1840=LINE('',#12691,#2690);
#1841=LINE('',#12694,#2691);
#1842=LINE('',#12696,#2692);
#1843=LINE('',#12697,#2693);
#1844=LINE('',#12703,#2694);
#1845=LINE('',#12706,#2695);
#1846=LINE('',#12708,#2696);
#1847=LINE('',#12709,#2697);
#1848=LINE('',#12716,#2698);
#1849=LINE('',#12718,#2699);
#1850=LINE('',#12720,#2700);
#1851=LINE('',#12721,#2701);
#1852=LINE('',#12727,#2702);
#1853=LINE('',#12730,#2703);
#1854=LINE('',#12732,#2704);
#1855=LINE('',#12733,#2705);
#1856=LINE('',#12739,#2706);
#1857=LINE('',#12742,#2707);
#1858=LINE('',#12744,#2708);
#1859=LINE('',#12745,#2709);
#1860=LINE('',#12751,#2710);
#1861=LINE('',#12754,#2711);
#1862=LINE('',#12756,#2712);
#1863=LINE('',#12757,#2713);
#1864=LINE('',#12764,#2714);
#1865=LINE('',#12766,#2715);
#1866=LINE('',#12768,#2716);
#1867=LINE('',#12769,#2717);
#1868=LINE('',#12775,#2718);
#1869=LINE('',#12778,#2719);
#1870=LINE('',#12780,#2720);
#1871=LINE('',#12781,#2721);
#1872=LINE('',#12787,#2722);
#1873=LINE('',#12790,#2723);
#1874=LINE('',#12792,#2724);
#1875=LINE('',#12793,#2725);
#1876=LINE('',#12799,#2726);
#1877=LINE('',#12802,#2727);
#1878=LINE('',#12804,#2728);
#1879=LINE('',#12805,#2729);
#1880=LINE('',#12812,#2730);
#1881=LINE('',#12814,#2731);
#1882=LINE('',#12816,#2732);
#1883=LINE('',#12817,#2733);
#1884=LINE('',#12823,#2734);
#1885=LINE('',#12826,#2735);
#1886=LINE('',#12828,#2736);
#1887=LINE('',#12829,#2737);
#1888=LINE('',#12835,#2738);
#1889=LINE('',#12838,#2739);
#1890=LINE('',#12840,#2740);
#1891=LINE('',#12841,#2741);
#1892=LINE('',#12847,#2742);
#1893=LINE('',#12850,#2743);
#1894=LINE('',#12852,#2744);
#1895=LINE('',#12853,#2745);
#1896=LINE('',#12860,#2746);
#1897=LINE('',#12862,#2747);
#1898=LINE('',#12864,#2748);
#1899=LINE('',#12865,#2749);
#1900=LINE('',#12871,#2750);
#1901=LINE('',#12874,#2751);
#1902=LINE('',#12876,#2752);
#1903=LINE('',#12877,#2753);
#1904=LINE('',#12883,#2754);
#1905=LINE('',#12886,#2755);
#1906=LINE('',#12888,#2756);
#1907=LINE('',#12889,#2757);
#1908=LINE('',#12895,#2758);
#1909=LINE('',#12898,#2759);
#1910=LINE('',#12900,#2760);
#1911=LINE('',#12901,#2761);
#1912=LINE('',#12908,#2762);
#1913=LINE('',#12910,#2763);
#1914=LINE('',#12912,#2764);
#1915=LINE('',#12913,#2765);
#1916=LINE('',#12919,#2766);
#1917=LINE('',#12922,#2767);
#1918=LINE('',#12924,#2768);
#1919=LINE('',#12925,#2769);
#1920=LINE('',#12931,#2770);
#1921=LINE('',#12934,#2771);
#1922=LINE('',#12936,#2772);
#1923=LINE('',#12937,#2773);
#1924=LINE('',#12943,#2774);
#1925=LINE('',#12946,#2775);
#1926=LINE('',#12948,#2776);
#1927=LINE('',#12949,#2777);
#1928=LINE('',#12956,#2778);
#1929=LINE('',#12958,#2779);
#1930=LINE('',#12960,#2780);
#1931=LINE('',#12961,#2781);
#1932=LINE('',#12967,#2782);
#1933=LINE('',#12970,#2783);
#1934=LINE('',#12972,#2784);
#1935=LINE('',#12973,#2785);
#1936=LINE('',#12979,#2786);
#1937=LINE('',#12982,#2787);
#1938=LINE('',#12984,#2788);
#1939=LINE('',#12985,#2789);
#1940=LINE('',#12991,#2790);
#1941=LINE('',#12994,#2791);
#1942=LINE('',#12996,#2792);
#1943=LINE('',#12997,#2793);
#1944=LINE('',#13004,#2794);
#1945=LINE('',#13006,#2795);
#1946=LINE('',#13008,#2796);
#1947=LINE('',#13009,#2797);
#1948=LINE('',#13015,#2798);
#1949=LINE('',#13018,#2799);
#1950=LINE('',#13020,#2800);
#1951=LINE('',#13021,#2801);
#1952=LINE('',#13027,#2802);
#1953=LINE('',#13030,#2803);
#1954=LINE('',#13032,#2804);
#1955=LINE('',#13033,#2805);
#1956=LINE('',#13039,#2806);
#1957=LINE('',#13042,#2807);
#1958=LINE('',#13044,#2808);
#1959=LINE('',#13045,#2809);
#1960=LINE('',#13052,#2810);
#1961=LINE('',#13054,#2811);
#1962=LINE('',#13056,#2812);
#1963=LINE('',#13057,#2813);
#1964=LINE('',#13063,#2814);
#1965=LINE('',#13066,#2815);
#1966=LINE('',#13068,#2816);
#1967=LINE('',#13069,#2817);
#1968=LINE('',#13075,#2818);
#1969=LINE('',#13078,#2819);
#1970=LINE('',#13080,#2820);
#1971=LINE('',#13081,#2821);
#1972=LINE('',#13087,#2822);
#1973=LINE('',#13090,#2823);
#1974=LINE('',#13092,#2824);
#1975=LINE('',#13093,#2825);
#1976=LINE('',#13100,#2826);
#1977=LINE('',#13102,#2827);
#1978=LINE('',#13104,#2828);
#1979=LINE('',#13105,#2829);
#1980=LINE('',#13111,#2830);
#1981=LINE('',#13114,#2831);
#1982=LINE('',#13116,#2832);
#1983=LINE('',#13117,#2833);
#1984=LINE('',#13123,#2834);
#1985=LINE('',#13126,#2835);
#1986=LINE('',#13128,#2836);
#1987=LINE('',#13129,#2837);
#1988=LINE('',#13135,#2838);
#1989=LINE('',#13138,#2839);
#1990=LINE('',#13140,#2840);
#1991=LINE('',#13141,#2841);
#1992=LINE('',#13148,#2842);
#1993=LINE('',#13150,#2843);
#1994=LINE('',#13152,#2844);
#1995=LINE('',#13153,#2845);
#1996=LINE('',#13159,#2846);
#1997=LINE('',#13162,#2847);
#1998=LINE('',#13164,#2848);
#1999=LINE('',#13165,#2849);
#2000=LINE('',#13171,#2850);
#2001=LINE('',#13174,#2851);
#2002=LINE('',#13176,#2852);
#2003=LINE('',#13177,#2853);
#2004=LINE('',#13183,#2854);
#2005=LINE('',#13186,#2855);
#2006=LINE('',#13188,#2856);
#2007=LINE('',#13189,#2857);
#2008=LINE('',#13196,#2858);
#2009=LINE('',#13198,#2859);
#2010=LINE('',#13200,#2860);
#2011=LINE('',#13201,#2861);
#2012=LINE('',#13207,#2862);
#2013=LINE('',#13210,#2863);
#2014=LINE('',#13212,#2864);
#2015=LINE('',#13213,#2865);
#2016=LINE('',#13219,#2866);
#2017=LINE('',#13222,#2867);
#2018=LINE('',#13224,#2868);
#2019=LINE('',#13225,#2869);
#2020=LINE('',#13231,#2870);
#2021=LINE('',#13234,#2871);
#2022=LINE('',#13236,#2872);
#2023=LINE('',#13237,#2873);
#2024=LINE('',#13244,#2874);
#2025=LINE('',#13246,#2875);
#2026=LINE('',#13248,#2876);
#2027=LINE('',#13249,#2877);
#2028=LINE('',#13255,#2878);
#2029=LINE('',#13258,#2879);
#2030=LINE('',#13260,#2880);
#2031=LINE('',#13261,#2881);
#2032=LINE('',#13267,#2882);
#2033=LINE('',#13270,#2883);
#2034=LINE('',#13272,#2884);
#2035=LINE('',#13273,#2885);
#2036=LINE('',#13279,#2886);
#2037=LINE('',#13282,#2887);
#2038=LINE('',#13284,#2888);
#2039=LINE('',#13285,#2889);
#2040=LINE('',#13292,#2890);
#2041=LINE('',#13294,#2891);
#2042=LINE('',#13296,#2892);
#2043=LINE('',#13297,#2893);
#2044=LINE('',#13303,#2894);
#2045=LINE('',#13306,#2895);
#2046=LINE('',#13308,#2896);
#2047=LINE('',#13309,#2897);
#2048=LINE('',#13315,#2898);
#2049=LINE('',#13318,#2899);
#2050=LINE('',#13320,#2900);
#2051=LINE('',#13321,#2901);
#2052=LINE('',#13327,#2902);
#2053=LINE('',#13330,#2903);
#2054=LINE('',#13332,#2904);
#2055=LINE('',#13333,#2905);
#2056=LINE('',#13340,#2906);
#2057=LINE('',#13342,#2907);
#2058=LINE('',#13344,#2908);
#2059=LINE('',#13345,#2909);
#2060=LINE('',#13351,#2910);
#2061=LINE('',#13354,#2911);
#2062=LINE('',#13356,#2912);
#2063=LINE('',#13357,#2913);
#2064=LINE('',#13363,#2914);
#2065=LINE('',#13366,#2915);
#2066=LINE('',#13368,#2916);
#2067=LINE('',#13369,#2917);
#2068=LINE('',#13375,#2918);
#2069=LINE('',#13378,#2919);
#2070=LINE('',#13380,#2920);
#2071=LINE('',#13381,#2921);
#2072=LINE('',#13388,#2922);
#2073=LINE('',#13390,#2923);
#2074=LINE('',#13392,#2924);
#2075=LINE('',#13393,#2925);
#2076=LINE('',#13399,#2926);
#2077=LINE('',#13402,#2927);
#2078=LINE('',#13404,#2928);
#2079=LINE('',#13405,#2929);
#2080=LINE('',#13411,#2930);
#2081=LINE('',#13414,#2931);
#2082=LINE('',#13416,#2932);
#2083=LINE('',#13417,#2933);
#2084=LINE('',#13423,#2934);
#2085=LINE('',#13426,#2935);
#2086=LINE('',#13428,#2936);
#2087=LINE('',#13429,#2937);
#2088=LINE('',#13436,#2938);
#2089=LINE('',#13438,#2939);
#2090=LINE('',#13440,#2940);
#2091=LINE('',#13441,#2941);
#2092=LINE('',#13447,#2942);
#2093=LINE('',#13450,#2943);
#2094=LINE('',#13452,#2944);
#2095=LINE('',#13453,#2945);
#2096=LINE('',#13459,#2946);
#2097=LINE('',#13462,#2947);
#2098=LINE('',#13464,#2948);
#2099=LINE('',#13465,#2949);
#2100=LINE('',#13471,#2950);
#2101=LINE('',#13474,#2951);
#2102=LINE('',#13476,#2952);
#2103=LINE('',#13477,#2953);
#2104=LINE('',#13486,#2954);
#2105=LINE('',#13489,#2955);
#2106=LINE('',#13492,#2956);
#2107=LINE('',#13494,#2957);
#2108=LINE('',#13495,#2958);
#2109=LINE('',#13501,#2959);
#2110=LINE('',#13504,#2960);
#2111=LINE('',#13506,#2961);
#2112=LINE('',#13508,#2962);
#2113=LINE('',#13509,#2963);
#2114=LINE('',#13513,#2964);
#2115=LINE('',#13515,#2965);
#2116=LINE('',#13517,#2966);
#2117=LINE('',#13518,#2967);
#2118=LINE('',#13526,#2968);
#2119=LINE('',#13529,#2969);
#2120=LINE('',#13530,#2970);
#2121=LINE('',#13531,#2971);
#2122=LINE('',#13538,#2972);
#2123=LINE('',#13542,#2973);
#2124=LINE('',#13544,#2974);
#2125=LINE('',#13546,#2975);
#2126=LINE('',#13547,#2976);
#2127=LINE('',#13552,#2977);
#2128=LINE('',#13556,#2978);
#2129=LINE('',#13558,#2979);
#2130=LINE('',#13559,#2980);
#2131=LINE('',#13564,#2981);
#2132=LINE('',#13568,#2982);
#2133=LINE('',#13570,#2983);
#2134=LINE('',#13571,#2984);
#2135=LINE('',#13576,#2985);
#2136=LINE('',#13580,#2986);
#2137=LINE('',#13582,#2987);
#2138=LINE('',#13583,#2988);
#2139=LINE('',#13591,#2989);
#2140=LINE('',#13593,#2990);
#2141=LINE('',#13595,#2991);
#2142=LINE('',#13596,#2992);
#2143=LINE('',#13601,#2993);
#2144=LINE('',#13605,#2994);
#2145=LINE('',#13607,#2995);
#2146=LINE('',#13608,#2996);
#2147=LINE('',#13613,#2997);
#2148=LINE('',#13617,#2998);
#2149=LINE('',#13619,#2999);
#2150=LINE('',#13620,#3000);
#2151=LINE('',#13625,#3001);
#2152=LINE('',#13629,#3002);
#2153=LINE('',#13631,#3003);
#2154=LINE('',#13632,#3004);
#2155=LINE('',#13642,#3005);
#2156=LINE('',#13645,#3006);
#2157=LINE('',#13648,#3007);
#2158=LINE('',#13650,#3008);
#2159=LINE('',#13651,#3009);
#2160=LINE('',#13657,#3010);
#2161=LINE('',#13660,#3011);
#2162=LINE('',#13662,#3012);
#2163=LINE('',#13664,#3013);
#2164=LINE('',#13665,#3014);
#2165=LINE('',#13669,#3015);
#2166=LINE('',#13671,#3016);
#2167=LINE('',#13673,#3017);
#2168=LINE('',#13674,#3018);
#2169=LINE('',#13682,#3019);
#2170=LINE('',#13685,#3020);
#2171=LINE('',#13686,#3021);
#2172=LINE('',#13687,#3022);
#2173=LINE('',#13694,#3023);
#2174=LINE('',#13700,#3024);
#2175=LINE('',#13703,#3025);
#2176=LINE('',#13706,#3026);
#2177=LINE('',#13708,#3027);
#2178=LINE('',#13709,#3028);
#2179=LINE('',#13715,#3029);
#2180=LINE('',#13718,#3030);
#2181=LINE('',#13720,#3031);
#2182=LINE('',#13722,#3032);
#2183=LINE('',#13723,#3033);
#2184=LINE('',#13727,#3034);
#2185=LINE('',#13729,#3035);
#2186=LINE('',#13731,#3036);
#2187=LINE('',#13732,#3037);
#2188=LINE('',#13740,#3038);
#2189=LINE('',#13743,#3039);
#2190=LINE('',#13744,#3040);
#2191=LINE('',#13745,#3041);
#2192=LINE('',#13752,#3042);
#2193=LINE('',#13756,#3043);
#2194=LINE('',#13758,#3044);
#2195=LINE('',#13760,#3045);
#2196=LINE('',#13761,#3046);
#2197=LINE('',#13767,#3047);
#2198=LINE('',#13770,#3048);
#2199=LINE('',#13772,#3049);
#2200=LINE('',#13773,#3050);
#2201=LINE('',#13779,#3051);
#2202=LINE('',#13782,#3052);
#2203=LINE('',#13784,#3053);
#2204=LINE('',#13785,#3054);
#2205=LINE('',#13791,#3055);
#2206=LINE('',#13794,#3056);
#2207=LINE('',#13796,#3057);
#2208=LINE('',#13797,#3058);
#2209=LINE('',#13804,#3059);
#2210=LINE('',#13806,#3060);
#2211=LINE('',#13808,#3061);
#2212=LINE('',#13809,#3062);
#2213=LINE('',#13815,#3063);
#2214=LINE('',#13818,#3064);
#2215=LINE('',#13820,#3065);
#2216=LINE('',#13821,#3066);
#2217=LINE('',#13827,#3067);
#2218=LINE('',#13830,#3068);
#2219=LINE('',#13832,#3069);
#2220=LINE('',#13833,#3070);
#2221=LINE('',#13839,#3071);
#2222=LINE('',#13842,#3072);
#2223=LINE('',#13844,#3073);
#2224=LINE('',#13845,#3074);
#2225=LINE('',#13852,#3075);
#2226=LINE('',#13854,#3076);
#2227=LINE('',#13856,#3077);
#2228=LINE('',#13857,#3078);
#2229=LINE('',#13863,#3079);
#2230=LINE('',#13866,#3080);
#2231=LINE('',#13868,#3081);
#2232=LINE('',#13869,#3082);
#2233=LINE('',#13875,#3083);
#2234=LINE('',#13878,#3084);
#2235=LINE('',#13880,#3085);
#2236=LINE('',#13881,#3086);
#2237=LINE('',#13887,#3087);
#2238=LINE('',#13890,#3088);
#2239=LINE('',#13892,#3089);
#2240=LINE('',#13893,#3090);
#2241=LINE('',#13900,#3091);
#2242=LINE('',#13902,#3092);
#2243=LINE('',#13904,#3093);
#2244=LINE('',#13905,#3094);
#2245=LINE('',#13911,#3095);
#2246=LINE('',#13914,#3096);
#2247=LINE('',#13916,#3097);
#2248=LINE('',#13917,#3098);
#2249=LINE('',#13923,#3099);
#2250=LINE('',#13926,#3100);
#2251=LINE('',#13928,#3101);
#2252=LINE('',#13929,#3102);
#2253=LINE('',#13935,#3103);
#2254=LINE('',#13938,#3104);
#2255=LINE('',#13940,#3105);
#2256=LINE('',#13941,#3106);
#2257=LINE('',#13948,#3107);
#2258=LINE('',#13950,#3108);
#2259=LINE('',#13952,#3109);
#2260=LINE('',#13953,#3110);
#2261=LINE('',#13959,#3111);
#2262=LINE('',#13962,#3112);
#2263=LINE('',#13964,#3113);
#2264=LINE('',#13965,#3114);
#2265=LINE('',#13971,#3115);
#2266=LINE('',#13974,#3116);
#2267=LINE('',#13976,#3117);
#2268=LINE('',#13977,#3118);
#2269=LINE('',#13983,#3119);
#2270=LINE('',#13986,#3120);
#2271=LINE('',#13988,#3121);
#2272=LINE('',#13989,#3122);
#2273=LINE('',#13996,#3123);
#2274=LINE('',#13998,#3124);
#2275=LINE('',#14000,#3125);
#2276=LINE('',#14001,#3126);
#2277=LINE('',#14007,#3127);
#2278=LINE('',#14010,#3128);
#2279=LINE('',#14012,#3129);
#2280=LINE('',#14013,#3130);
#2281=LINE('',#14019,#3131);
#2282=LINE('',#14022,#3132);
#2283=LINE('',#14024,#3133);
#2284=LINE('',#14025,#3134);
#2285=LINE('',#14031,#3135);
#2286=LINE('',#14034,#3136);
#2287=LINE('',#14036,#3137);
#2288=LINE('',#14037,#3138);
#2289=LINE('',#14044,#3139);
#2290=LINE('',#14046,#3140);
#2291=LINE('',#14048,#3141);
#2292=LINE('',#14049,#3142);
#2293=LINE('',#14055,#3143);
#2294=LINE('',#14058,#3144);
#2295=LINE('',#14060,#3145);
#2296=LINE('',#14061,#3146);
#2297=LINE('',#14067,#3147);
#2298=LINE('',#14070,#3148);
#2299=LINE('',#14072,#3149);
#2300=LINE('',#14073,#3150);
#2301=LINE('',#14079,#3151);
#2302=LINE('',#14082,#3152);
#2303=LINE('',#14084,#3153);
#2304=LINE('',#14085,#3154);
#2305=LINE('',#14092,#3155);
#2306=LINE('',#14094,#3156);
#2307=LINE('',#14096,#3157);
#2308=LINE('',#14097,#3158);
#2309=LINE('',#14103,#3159);
#2310=LINE('',#14106,#3160);
#2311=LINE('',#14108,#3161);
#2312=LINE('',#14109,#3162);
#2313=LINE('',#14115,#3163);
#2314=LINE('',#14118,#3164);
#2315=LINE('',#14120,#3165);
#2316=LINE('',#14121,#3166);
#2317=LINE('',#14127,#3167);
#2318=LINE('',#14130,#3168);
#2319=LINE('',#14132,#3169);
#2320=LINE('',#14133,#3170);
#2321=LINE('',#14140,#3171);
#2322=LINE('',#14142,#3172);
#2323=LINE('',#14144,#3173);
#2324=LINE('',#14145,#3174);
#2325=LINE('',#14151,#3175);
#2326=LINE('',#14154,#3176);
#2327=LINE('',#14156,#3177);
#2328=LINE('',#14157,#3178);
#2329=LINE('',#14163,#3179);
#2330=LINE('',#14166,#3180);
#2331=LINE('',#14168,#3181);
#2332=LINE('',#14169,#3182);
#2333=LINE('',#14175,#3183);
#2334=LINE('',#14178,#3184);
#2335=LINE('',#14180,#3185);
#2336=LINE('',#14181,#3186);
#2337=LINE('',#14188,#3187);
#2338=LINE('',#14190,#3188);
#2339=LINE('',#14192,#3189);
#2340=LINE('',#14193,#3190);
#2341=LINE('',#14199,#3191);
#2342=LINE('',#14202,#3192);
#2343=LINE('',#14204,#3193);
#2344=LINE('',#14205,#3194);
#2345=LINE('',#14211,#3195);
#2346=LINE('',#14214,#3196);
#2347=LINE('',#14216,#3197);
#2348=LINE('',#14217,#3198);
#2349=LINE('',#14223,#3199);
#2350=LINE('',#14226,#3200);
#2351=LINE('',#14228,#3201);
#2352=LINE('',#14229,#3202);
#2353=LINE('',#14236,#3203);
#2354=LINE('',#14238,#3204);
#2355=LINE('',#14240,#3205);
#2356=LINE('',#14241,#3206);
#2357=LINE('',#14247,#3207);
#2358=LINE('',#14250,#3208);
#2359=LINE('',#14252,#3209);
#2360=LINE('',#14253,#3210);
#2361=LINE('',#14259,#3211);
#2362=LINE('',#14262,#3212);
#2363=LINE('',#14264,#3213);
#2364=LINE('',#14265,#3214);
#2365=LINE('',#14271,#3215);
#2366=LINE('',#14274,#3216);
#2367=LINE('',#14276,#3217);
#2368=LINE('',#14277,#3218);
#2369=LINE('',#14284,#3219);
#2370=LINE('',#14286,#3220);
#2371=LINE('',#14288,#3221);
#2372=LINE('',#14289,#3222);
#2373=LINE('',#14295,#3223);
#2374=LINE('',#14298,#3224);
#2375=LINE('',#14300,#3225);
#2376=LINE('',#14301,#3226);
#2377=LINE('',#14307,#3227);
#2378=LINE('',#14310,#3228);
#2379=LINE('',#14312,#3229);
#2380=LINE('',#14313,#3230);
#2381=LINE('',#14319,#3231);
#2382=LINE('',#14322,#3232);
#2383=LINE('',#14324,#3233);
#2384=LINE('',#14325,#3234);
#2385=LINE('',#14332,#3235);
#2386=LINE('',#14334,#3236);
#2387=LINE('',#14336,#3237);
#2388=LINE('',#14337,#3238);
#2389=LINE('',#14343,#3239);
#2390=LINE('',#14346,#3240);
#2391=LINE('',#14348,#3241);
#2392=LINE('',#14349,#3242);
#2393=LINE('',#14355,#3243);
#2394=LINE('',#14358,#3244);
#2395=LINE('',#14360,#3245);
#2396=LINE('',#14361,#3246);
#2397=LINE('',#14367,#3247);
#2398=LINE('',#14370,#3248);
#2399=LINE('',#14372,#3249);
#2400=LINE('',#14373,#3250);
#2401=LINE('',#14380,#3251);
#2402=LINE('',#14382,#3252);
#2403=LINE('',#14384,#3253);
#2404=LINE('',#14385,#3254);
#2405=LINE('',#14391,#3255);
#2406=LINE('',#14394,#3256);
#2407=LINE('',#14396,#3257);
#2408=LINE('',#14397,#3258);
#2409=LINE('',#14403,#3259);
#2410=LINE('',#14406,#3260);
#2411=LINE('',#14408,#3261);
#2412=LINE('',#14409,#3262);
#2413=LINE('',#14415,#3263);
#2414=LINE('',#14418,#3264);
#2415=LINE('',#14420,#3265);
#2416=LINE('',#14421,#3266);
#2417=LINE('',#14428,#3267);
#2418=LINE('',#14430,#3268);
#2419=LINE('',#14432,#3269);
#2420=LINE('',#14433,#3270);
#2421=LINE('',#14439,#3271);
#2422=LINE('',#14442,#3272);
#2423=LINE('',#14444,#3273);
#2424=LINE('',#14445,#3274);
#2425=LINE('',#14451,#3275);
#2426=LINE('',#14454,#3276);
#2427=LINE('',#14456,#3277);
#2428=LINE('',#14457,#3278);
#2429=LINE('',#14463,#3279);
#2430=LINE('',#14466,#3280);
#2431=LINE('',#14468,#3281);
#2432=LINE('',#14469,#3282);
#2433=LINE('',#14476,#3283);
#2434=LINE('',#14478,#3284);
#2435=LINE('',#14480,#3285);
#2436=LINE('',#14481,#3286);
#2437=LINE('',#14487,#3287);
#2438=LINE('',#14490,#3288);
#2439=LINE('',#14492,#3289);
#2440=LINE('',#14493,#3290);
#2441=LINE('',#14499,#3291);
#2442=LINE('',#14502,#3292);
#2443=LINE('',#14504,#3293);
#2444=LINE('',#14505,#3294);
#2445=LINE('',#14511,#3295);
#2446=LINE('',#14514,#3296);
#2447=LINE('',#14516,#3297);
#2448=LINE('',#14517,#3298);
#2449=LINE('',#14524,#3299);
#2450=LINE('',#14526,#3300);
#2451=LINE('',#14528,#3301);
#2452=LINE('',#14529,#3302);
#2453=LINE('',#14535,#3303);
#2454=LINE('',#14538,#3304);
#2455=LINE('',#14540,#3305);
#2456=LINE('',#14541,#3306);
#2457=LINE('',#14547,#3307);
#2458=LINE('',#14550,#3308);
#2459=LINE('',#14552,#3309);
#2460=LINE('',#14553,#3310);
#2461=LINE('',#14559,#3311);
#2462=LINE('',#14562,#3312);
#2463=LINE('',#14564,#3313);
#2464=LINE('',#14565,#3314);
#2465=LINE('',#14574,#3315);
#2466=LINE('',#14577,#3316);
#2467=LINE('',#14580,#3317);
#2468=LINE('',#14582,#3318);
#2469=LINE('',#14583,#3319);
#2470=LINE('',#14589,#3320);
#2471=LINE('',#14592,#3321);
#2472=LINE('',#14594,#3322);
#2473=LINE('',#14596,#3323);
#2474=LINE('',#14597,#3324);
#2475=LINE('',#14601,#3325);
#2476=LINE('',#14603,#3326);
#2477=LINE('',#14605,#3327);
#2478=LINE('',#14606,#3328);
#2479=LINE('',#14614,#3329);
#2480=LINE('',#14617,#3330);
#2481=LINE('',#14618,#3331);
#2482=LINE('',#14619,#3332);
#2483=LINE('',#14626,#3333);
#2484=LINE('',#14630,#3334);
#2485=LINE('',#14632,#3335);
#2486=LINE('',#14634,#3336);
#2487=LINE('',#14635,#3337);
#2488=LINE('',#14640,#3338);
#2489=LINE('',#14644,#3339);
#2490=LINE('',#14646,#3340);
#2491=LINE('',#14647,#3341);
#2492=LINE('',#14652,#3342);
#2493=LINE('',#14656,#3343);
#2494=LINE('',#14658,#3344);
#2495=LINE('',#14659,#3345);
#2496=LINE('',#14664,#3346);
#2497=LINE('',#14668,#3347);
#2498=LINE('',#14670,#3348);
#2499=LINE('',#14671,#3349);
#2500=LINE('',#14679,#3350);
#2501=LINE('',#14681,#3351);
#2502=LINE('',#14683,#3352);
#2503=LINE('',#14684,#3353);
#2504=LINE('',#14689,#3354);
#2505=LINE('',#14693,#3355);
#2506=LINE('',#14695,#3356);
#2507=LINE('',#14696,#3357);
#2508=LINE('',#14701,#3358);
#2509=LINE('',#14705,#3359);
#2510=LINE('',#14707,#3360);
#2511=LINE('',#14708,#3361);
#2512=LINE('',#14713,#3362);
#2513=LINE('',#14717,#3363);
#2514=LINE('',#14719,#3364);
#2515=LINE('',#14720,#3365);
#2516=LINE('',#14726,#3366);
#2517=LINE('',#14727,#3367);
#2518=LINE('',#14728,#3368);
#2519=LINE('',#14730,#3369);
#2520=LINE('',#14734,#3370);
#2521=LINE('',#14738,#3371);
#2522=LINE('',#14742,#3372);
#2523=LINE('',#14746,#3373);
#2524=LINE('',#14750,#3374);
#2525=LINE('',#14754,#3375);
#2526=LINE('',#14758,#3376);
#2527=LINE('',#14759,#3377);
#2528=LINE('',#14760,#3378);
#2529=LINE('',#14763,#3379);
#2530=LINE('',#14773,#3380);
#2531=LINE('',#14774,#3381);
#2532=LINE('',#14777,#3382);
#2533=LINE('',#14778,#3383);
#2534=LINE('',#14801,#3384);
#2535=LINE('',#14806,#3385);
#2536=LINE('',#14808,#3386);
#2537=LINE('',#14812,#3387);
#2538=LINE('',#14815,#3388);
#2539=LINE('',#14819,#3389);
#2540=LINE('',#14821,#3390);
#2541=LINE('',#14823,#3391);
#2542=LINE('',#14824,#3392);
#2543=LINE('',#14829,#3393);
#2544=LINE('',#14833,#3394);
#2545=LINE('',#14835,#3395);
#2546=LINE('',#14836,#3396);
#2547=LINE('',#14841,#3397);
#2548=LINE('',#14845,#3398);
#2549=LINE('',#14847,#3399);
#2550=LINE('',#14848,#3400);
#2551=LINE('',#14853,#3401);
#2552=LINE('',#14857,#3402);
#2553=LINE('',#14859,#3403);
#2554=LINE('',#14860,#3404);
#2555=LINE('',#14867,#3405);
#2556=LINE('',#14869,#3406);
#2557=LINE('',#14871,#3407);
#2558=LINE('',#14872,#3408);
#2559=LINE('',#14878,#3409);
#2560=LINE('',#14881,#3410);
#2561=LINE('',#14883,#3411);
#2562=LINE('',#14884,#3412);
#2563=LINE('',#14890,#3413);
#2564=LINE('',#14893,#3414);
#2565=LINE('',#14895,#3415);
#2566=LINE('',#14896,#3416);
#2567=LINE('',#14902,#3417);
#2568=LINE('',#14905,#3418);
#2569=LINE('',#14907,#3419);
#2570=LINE('',#14908,#3420);
#2571=LINE('',#14921,#3421);
#2572=LINE('',#14924,#3422);
#2573=LINE('',#14928,#3423);
#2574=LINE('',#14932,#3424);
#2575=LINE('',#14937,#3425);
#2576=LINE('',#14943,#3426);
#2577=LINE('',#14945,#3427);
#2578=LINE('',#14947,#3428);
#2579=LINE('',#14948,#3429);
#2580=LINE('',#14959,#3430);
#2581=LINE('',#14962,#3431);
#2582=LINE('',#14964,#3432);
#2583=LINE('',#14965,#3433);
#2584=LINE('',#14979,#3434);
#2585=LINE('',#14983,#3435);
#2586=LINE('',#14987,#3436);
#2587=LINE('',#14990,#3437);
#2588=LINE('',#14992,#3438);
#2589=LINE('',#14994,#3439);
#2590=LINE('',#14996,#3440);
#2591=LINE('',#14999,#3441);
#2592=LINE('',#15003,#3442);
#2593=LINE('',#15004,#3443);
#2594=LINE('',#15009,#3444);
#2595=LINE('',#15011,#3445);
#2596=LINE('',#15014,#3446);
#2597=LINE('',#15015,#3447);
#2598=LINE('',#15017,#3448);
#2599=LINE('',#15019,#3449);
#2600=LINE('',#15021,#3450);
#2601=LINE('',#15023,#3451);
#2602=LINE('',#15025,#3452);
#2603=LINE('',#15027,#3453);
#2604=LINE('',#15085,#3454);
#2605=LINE('',#15086,#3455);
#2606=LINE('',#15100,#3456);
#2607=LINE('',#15105,#3457);
#2608=LINE('',#15108,#3458);
#2609=LINE('',#15112,#3459);
#2610=LINE('',#15116,#3460);
#2611=LINE('',#15172,#3461);
#2612=LINE('',#15173,#3462);
#2613=LINE('',#15187,#3463);
#2614=LINE('',#15192,#3464);
#2615=LINE('',#15195,#3465);
#2616=LINE('',#15199,#3466);
#2617=LINE('',#15203,#3467);
#2618=LINE('',#15208,#3468);
#2619=LINE('',#15209,#3469);
#2620=LINE('',#15215,#3470);
#2621=LINE('',#15217,#3471);
#2622=LINE('',#15219,#3472);
#2623=LINE('',#15222,#3473);
#2624=LINE('',#15223,#3474);
#2625=LINE('',#15229,#3475);
#2626=LINE('',#15231,#3476);
#2627=LINE('',#15233,#3477);
#2628=LINE('',#15235,#3478);
#2629=LINE('',#15237,#3479);
#2630=LINE('',#15241,#3480);
#2631=VECTOR('',#9867,10.);
#2632=VECTOR('',#9868,10.);
#2633=VECTOR('',#9869,10.);
#2634=VECTOR('',#9870,10.);
#2635=VECTOR('',#9875,10.);
#2636=VECTOR('',#9880,10.);
#2637=VECTOR('',#9881,10.);
#2638=VECTOR('',#9882,10.);
#2639=VECTOR('',#9887,10.);
#2640=VECTOR('',#9892,10.);
#2641=VECTOR('',#9893,10.);
#2642=VECTOR('',#9894,10.);
#2643=VECTOR('',#9899,10.);
#2644=VECTOR('',#9904,10.);
#2645=VECTOR('',#9905,10.);
#2646=VECTOR('',#9906,10.);
#2647=VECTOR('',#9919,10.);
#2648=VECTOR('',#9922,10.);
#2649=VECTOR('',#9925,10.);
#2650=VECTOR('',#9926,10.);
#2651=VECTOR('',#9927,10.);
#2652=VECTOR('',#9934,10.);
#2653=VECTOR('',#9937,10.);
#2654=VECTOR('',#9938,10.);
#2655=VECTOR('',#9939,10.);
#2656=VECTOR('',#9940,10.);
#2657=VECTOR('',#9943,10.);
#2658=VECTOR('',#9944,10.);
#2659=VECTOR('',#9945,10.);
#2660=VECTOR('',#9946,10.);
#2661=VECTOR('',#9955,10.);
#2662=VECTOR('',#9958,10.);
#2663=VECTOR('',#9959,10.);
#2664=VECTOR('',#9960,10.);
#2665=VECTOR('',#9971,10.);
#2666=VECTOR('',#9974,10.);
#2667=VECTOR('',#9975,10.);
#2668=VECTOR('',#9976,10.);
#2669=VECTOR('',#9977,10.);
#2670=VECTOR('',#9984,10.);
#2671=VECTOR('',#9987,10.);
#2672=VECTOR('',#9988,10.);
#2673=VECTOR('',#9989,10.);
#2674=VECTOR('',#9996,10.);
#2675=VECTOR('',#9999,10.);
#2676=VECTOR('',#10000,10.);
#2677=VECTOR('',#10001,10.);
#2678=VECTOR('',#10008,10.);
#2679=VECTOR('',#10011,10.);
#2680=VECTOR('',#10012,10.);
#2681=VECTOR('',#10013,10.);
#2682=VECTOR('',#10022,10.);
#2683=VECTOR('',#10023,10.);
#2684=VECTOR('',#10024,10.);
#2685=VECTOR('',#10025,10.);
#2686=VECTOR('',#10032,10.);
#2687=VECTOR('',#10035,10.);
#2688=VECTOR('',#10036,10.);
#2689=VECTOR('',#10037,10.);
#2690=VECTOR('',#10044,10.);
#2691=VECTOR('',#10047,10.);
#2692=VECTOR('',#10048,10.);
#2693=VECTOR('',#10049,10.);
#2694=VECTOR('',#10056,10.);
#2695=VECTOR('',#10059,10.);
#2696=VECTOR('',#10060,10.);
#2697=VECTOR('',#10061,10.);
#2698=VECTOR('',#10070,10.);
#2699=VECTOR('',#10071,10.);
#2700=VECTOR('',#10072,10.);
#2701=VECTOR('',#10073,10.);
#2702=VECTOR('',#10080,10.);
#2703=VECTOR('',#10083,10.);
#2704=VECTOR('',#10084,10.);
#2705=VECTOR('',#10085,10.);
#2706=VECTOR('',#10092,10.);
#2707=VECTOR('',#10095,10.);
#2708=VECTOR('',#10096,10.);
#2709=VECTOR('',#10097,10.);
#2710=VECTOR('',#10104,10.);
#2711=VECTOR('',#10107,10.);
#2712=VECTOR('',#10108,10.);
#2713=VECTOR('',#10109,10.);
#2714=VECTOR('',#10118,10.);
#2715=VECTOR('',#10119,10.);
#2716=VECTOR('',#10120,10.);
#2717=VECTOR('',#10121,10.);
#2718=VECTOR('',#10128,10.);
#2719=VECTOR('',#10131,10.);
#2720=VECTOR('',#10132,10.);
#2721=VECTOR('',#10133,10.);
#2722=VECTOR('',#10140,10.);
#2723=VECTOR('',#10143,10.);
#2724=VECTOR('',#10144,10.);
#2725=VECTOR('',#10145,10.);
#2726=VECTOR('',#10152,10.);
#2727=VECTOR('',#10155,10.);
#2728=VECTOR('',#10156,10.);
#2729=VECTOR('',#10157,10.);
#2730=VECTOR('',#10166,10.);
#2731=VECTOR('',#10167,10.);
#2732=VECTOR('',#10168,10.);
#2733=VECTOR('',#10169,10.);
#2734=VECTOR('',#10176,10.);
#2735=VECTOR('',#10179,10.);
#2736=VECTOR('',#10180,10.);
#2737=VECTOR('',#10181,10.);
#2738=VECTOR('',#10188,10.);
#2739=VECTOR('',#10191,10.);
#2740=VECTOR('',#10192,10.);
#2741=VECTOR('',#10193,10.);
#2742=VECTOR('',#10200,10.);
#2743=VECTOR('',#10203,10.);
#2744=VECTOR('',#10204,10.);
#2745=VECTOR('',#10205,10.);
#2746=VECTOR('',#10214,10.);
#2747=VECTOR('',#10215,10.);
#2748=VECTOR('',#10216,10.);
#2749=VECTOR('',#10217,10.);
#2750=VECTOR('',#10224,10.);
#2751=VECTOR('',#10227,10.);
#2752=VECTOR('',#10228,10.);
#2753=VECTOR('',#10229,10.);
#2754=VECTOR('',#10236,10.);
#2755=VECTOR('',#10239,10.);
#2756=VECTOR('',#10240,10.);
#2757=VECTOR('',#10241,10.);
#2758=VECTOR('',#10248,10.);
#2759=VECTOR('',#10251,10.);
#2760=VECTOR('',#10252,10.);
#2761=VECTOR('',#10253,10.);
#2762=VECTOR('',#10262,10.);
#2763=VECTOR('',#10263,10.);
#2764=VECTOR('',#10264,10.);
#2765=VECTOR('',#10265,10.);
#2766=VECTOR('',#10272,10.);
#2767=VECTOR('',#10275,10.);
#2768=VECTOR('',#10276,10.);
#2769=VECTOR('',#10277,10.);
#2770=VECTOR('',#10284,10.);
#2771=VECTOR('',#10287,10.);
#2772=VECTOR('',#10288,10.);
#2773=VECTOR('',#10289,10.);
#2774=VECTOR('',#10296,10.);
#2775=VECTOR('',#10299,10.);
#2776=VECTOR('',#10300,10.);
#2777=VECTOR('',#10301,10.);
#2778=VECTOR('',#10310,10.);
#2779=VECTOR('',#10311,10.);
#2780=VECTOR('',#10312,10.);
#2781=VECTOR('',#10313,10.);
#2782=VECTOR('',#10320,10.);
#2783=VECTOR('',#10323,10.);
#2784=VECTOR('',#10324,10.);
#2785=VECTOR('',#10325,10.);
#2786=VECTOR('',#10332,10.);
#2787=VECTOR('',#10335,10.);
#2788=VECTOR('',#10336,10.);
#2789=VECTOR('',#10337,10.);
#2790=VECTOR('',#10344,10.);
#2791=VECTOR('',#10347,10.);
#2792=VECTOR('',#10348,10.);
#2793=VECTOR('',#10349,10.);
#2794=VECTOR('',#10358,10.);
#2795=VECTOR('',#10359,10.);
#2796=VECTOR('',#10360,10.);
#2797=VECTOR('',#10361,10.);
#2798=VECTOR('',#10368,10.);
#2799=VECTOR('',#10371,10.);
#2800=VECTOR('',#10372,10.);
#2801=VECTOR('',#10373,10.);
#2802=VECTOR('',#10380,10.);
#2803=VECTOR('',#10383,10.);
#2804=VECTOR('',#10384,10.);
#2805=VECTOR('',#10385,10.);
#2806=VECTOR('',#10392,10.);
#2807=VECTOR('',#10395,10.);
#2808=VECTOR('',#10396,10.);
#2809=VECTOR('',#10397,10.);
#2810=VECTOR('',#10406,10.);
#2811=VECTOR('',#10407,10.);
#2812=VECTOR('',#10408,10.);
#2813=VECTOR('',#10409,10.);
#2814=VECTOR('',#10416,10.);
#2815=VECTOR('',#10419,10.);
#2816=VECTOR('',#10420,10.);
#2817=VECTOR('',#10421,10.);
#2818=VECTOR('',#10428,10.);
#2819=VECTOR('',#10431,10.);
#2820=VECTOR('',#10432,10.);
#2821=VECTOR('',#10433,10.);
#2822=VECTOR('',#10440,10.);
#2823=VECTOR('',#10443,10.);
#2824=VECTOR('',#10444,10.);
#2825=VECTOR('',#10445,10.);
#2826=VECTOR('',#10454,10.);
#2827=VECTOR('',#10455,10.);
#2828=VECTOR('',#10456,10.);
#2829=VECTOR('',#10457,10.);
#2830=VECTOR('',#10464,10.);
#2831=VECTOR('',#10467,10.);
#2832=VECTOR('',#10468,10.);
#2833=VECTOR('',#10469,10.);
#2834=VECTOR('',#10476,10.);
#2835=VECTOR('',#10479,10.);
#2836=VECTOR('',#10480,10.);
#2837=VECTOR('',#10481,10.);
#2838=VECTOR('',#10488,10.);
#2839=VECTOR('',#10491,10.);
#2840=VECTOR('',#10492,10.);
#2841=VECTOR('',#10493,10.);
#2842=VECTOR('',#10502,10.);
#2843=VECTOR('',#10503,10.);
#2844=VECTOR('',#10504,10.);
#2845=VECTOR('',#10505,10.);
#2846=VECTOR('',#10512,10.);
#2847=VECTOR('',#10515,10.);
#2848=VECTOR('',#10516,10.);
#2849=VECTOR('',#10517,10.);
#2850=VECTOR('',#10524,10.);
#2851=VECTOR('',#10527,10.);
#2852=VECTOR('',#10528,10.);
#2853=VECTOR('',#10529,10.);
#2854=VECTOR('',#10536,10.);
#2855=VECTOR('',#10539,10.);
#2856=VECTOR('',#10540,10.);
#2857=VECTOR('',#10541,10.);
#2858=VECTOR('',#10550,10.);
#2859=VECTOR('',#10551,10.);
#2860=VECTOR('',#10552,10.);
#2861=VECTOR('',#10553,10.);
#2862=VECTOR('',#10560,10.);
#2863=VECTOR('',#10563,10.);
#2864=VECTOR('',#10564,10.);
#2865=VECTOR('',#10565,10.);
#2866=VECTOR('',#10572,10.);
#2867=VECTOR('',#10575,10.);
#2868=VECTOR('',#10576,10.);
#2869=VECTOR('',#10577,10.);
#2870=VECTOR('',#10584,10.);
#2871=VECTOR('',#10587,10.);
#2872=VECTOR('',#10588,10.);
#2873=VECTOR('',#10589,10.);
#2874=VECTOR('',#10598,10.);
#2875=VECTOR('',#10599,10.);
#2876=VECTOR('',#10600,10.);
#2877=VECTOR('',#10601,10.);
#2878=VECTOR('',#10608,10.);
#2879=VECTOR('',#10611,10.);
#2880=VECTOR('',#10612,10.);
#2881=VECTOR('',#10613,10.);
#2882=VECTOR('',#10620,10.);
#2883=VECTOR('',#10623,10.);
#2884=VECTOR('',#10624,10.);
#2885=VECTOR('',#10625,10.);
#2886=VECTOR('',#10632,10.);
#2887=VECTOR('',#10635,10.);
#2888=VECTOR('',#10636,10.);
#2889=VECTOR('',#10637,10.);
#2890=VECTOR('',#10646,10.);
#2891=VECTOR('',#10647,10.);
#2892=VECTOR('',#10648,10.);
#2893=VECTOR('',#10649,10.);
#2894=VECTOR('',#10656,10.);
#2895=VECTOR('',#10659,10.);
#2896=VECTOR('',#10660,10.);
#2897=VECTOR('',#10661,10.);
#2898=VECTOR('',#10668,10.);
#2899=VECTOR('',#10671,10.);
#2900=VECTOR('',#10672,10.);
#2901=VECTOR('',#10673,10.);
#2902=VECTOR('',#10680,10.);
#2903=VECTOR('',#10683,10.);
#2904=VECTOR('',#10684,10.);
#2905=VECTOR('',#10685,10.);
#2906=VECTOR('',#10694,10.);
#2907=VECTOR('',#10695,10.);
#2908=VECTOR('',#10696,10.);
#2909=VECTOR('',#10697,10.);
#2910=VECTOR('',#10704,10.);
#2911=VECTOR('',#10707,10.);
#2912=VECTOR('',#10708,10.);
#2913=VECTOR('',#10709,10.);
#2914=VECTOR('',#10716,10.);
#2915=VECTOR('',#10719,10.);
#2916=VECTOR('',#10720,10.);
#2917=VECTOR('',#10721,10.);
#2918=VECTOR('',#10728,10.);
#2919=VECTOR('',#10731,10.);
#2920=VECTOR('',#10732,10.);
#2921=VECTOR('',#10733,10.);
#2922=VECTOR('',#10742,10.);
#2923=VECTOR('',#10743,10.);
#2924=VECTOR('',#10744,10.);
#2925=VECTOR('',#10745,10.);
#2926=VECTOR('',#10752,10.);
#2927=VECTOR('',#10755,10.);
#2928=VECTOR('',#10756,10.);
#2929=VECTOR('',#10757,10.);
#2930=VECTOR('',#10764,10.);
#2931=VECTOR('',#10767,10.);
#2932=VECTOR('',#10768,10.);
#2933=VECTOR('',#10769,10.);
#2934=VECTOR('',#10776,10.);
#2935=VECTOR('',#10779,10.);
#2936=VECTOR('',#10780,10.);
#2937=VECTOR('',#10781,10.);
#2938=VECTOR('',#10790,10.);
#2939=VECTOR('',#10791,10.);
#2940=VECTOR('',#10792,10.);
#2941=VECTOR('',#10793,10.);
#2942=VECTOR('',#10800,10.);
#2943=VECTOR('',#10803,10.);
#2944=VECTOR('',#10804,10.);
#2945=VECTOR('',#10805,10.);
#2946=VECTOR('',#10812,10.);
#2947=VECTOR('',#10815,10.);
#2948=VECTOR('',#10816,10.);
#2949=VECTOR('',#10817,10.);
#2950=VECTOR('',#10824,10.);
#2951=VECTOR('',#10827,10.);
#2952=VECTOR('',#10828,10.);
#2953=VECTOR('',#10829,10.);
#2954=VECTOR('',#10840,10.);
#2955=VECTOR('',#10843,10.);
#2956=VECTOR('',#10846,10.);
#2957=VECTOR('',#10847,10.);
#2958=VECTOR('',#10848,10.);
#2959=VECTOR('',#10855,10.);
#2960=VECTOR('',#10858,10.);
#2961=VECTOR('',#10859,10.);
#2962=VECTOR('',#10860,10.);
#2963=VECTOR('',#10861,10.);
#2964=VECTOR('',#10864,10.);
#2965=VECTOR('',#10865,10.);
#2966=VECTOR('',#10866,10.);
#2967=VECTOR('',#10867,10.);
#2968=VECTOR('',#10876,10.);
#2969=VECTOR('',#10879,10.);
#2970=VECTOR('',#10880,10.);
#2971=VECTOR('',#10881,10.);
#2972=VECTOR('',#10892,10.);
#2973=VECTOR('',#10895,10.);
#2974=VECTOR('',#10896,10.);
#2975=VECTOR('',#10897,10.);
#2976=VECTOR('',#10898,10.);
#2977=VECTOR('',#10903,10.);
#2978=VECTOR('',#10908,10.);
#2979=VECTOR('',#10909,10.);
#2980=VECTOR('',#10910,10.);
#2981=VECTOR('',#10915,10.);
#2982=VECTOR('',#10920,10.);
#2983=VECTOR('',#10921,10.);
#2984=VECTOR('',#10922,10.);
#2985=VECTOR('',#10927,10.);
#2986=VECTOR('',#10932,10.);
#2987=VECTOR('',#10933,10.);
#2988=VECTOR('',#10934,10.);
#2989=VECTOR('',#10945,10.);
#2990=VECTOR('',#10946,10.);
#2991=VECTOR('',#10947,10.);
#2992=VECTOR('',#10948,10.);
#2993=VECTOR('',#10953,10.);
#2994=VECTOR('',#10958,10.);
#2995=VECTOR('',#10959,10.);
#2996=VECTOR('',#10960,10.);
#2997=VECTOR('',#10965,10.);
#2998=VECTOR('',#10970,10.);
#2999=VECTOR('',#10971,10.);
#3000=VECTOR('',#10972,10.);
#3001=VECTOR('',#10977,10.);
#3002=VECTOR('',#10982,10.);
#3003=VECTOR('',#10983,10.);
#3004=VECTOR('',#10984,10.);
#3005=VECTOR('',#10997,10.);
#3006=VECTOR('',#11000,10.);
#3007=VECTOR('',#11003,10.);
#3008=VECTOR('',#11004,10.);
#3009=VECTOR('',#11005,10.);
#3010=VECTOR('',#11012,10.);
#3011=VECTOR('',#11015,10.);
#3012=VECTOR('',#11016,10.);
#3013=VECTOR('',#11017,10.);
#3014=VECTOR('',#11018,10.);
#3015=VECTOR('',#11021,10.);
#3016=VECTOR('',#11022,10.);
#3017=VECTOR('',#11023,10.);
#3018=VECTOR('',#11024,10.);
#3019=VECTOR('',#11033,10.);
#3020=VECTOR('',#11036,10.);
#3021=VECTOR('',#11037,10.);
#3022=VECTOR('',#11038,10.);
#3023=VECTOR('',#11049,10.);
#3024=VECTOR('',#11054,10.);
#3025=VECTOR('',#11057,10.);
#3026=VECTOR('',#11060,10.);
#3027=VECTOR('',#11061,10.);
#3028=VECTOR('',#11062,10.);
#3029=VECTOR('',#11069,10.);
#3030=VECTOR('',#11072,10.);
#3031=VECTOR('',#11073,10.);
#3032=VECTOR('',#11074,10.);
#3033=VECTOR('',#11075,10.);
#3034=VECTOR('',#11078,10.);
#3035=VECTOR('',#11079,10.);
#3036=VECTOR('',#11080,10.);
#3037=VECTOR('',#11081,10.);
#3038=VECTOR('',#11090,10.);
#3039=VECTOR('',#11093,10.);
#3040=VECTOR('',#11094,10.);
#3041=VECTOR('',#11095,10.);
#3042=VECTOR('',#11106,10.);
#3043=VECTOR('',#11109,10.);
#3044=VECTOR('',#11110,10.);
#3045=VECTOR('',#11111,10.);
#3046=VECTOR('',#11112,10.);
#3047=VECTOR('',#11119,10.);
#3048=VECTOR('',#11122,10.);
#3049=VECTOR('',#11123,10.);
#3050=VECTOR('',#11124,10.);
#3051=VECTOR('',#11131,10.);
#3052=VECTOR('',#11134,10.);
#3053=VECTOR('',#11135,10.);
#3054=VECTOR('',#11136,10.);
#3055=VECTOR('',#11143,10.);
#3056=VECTOR('',#11146,10.);
#3057=VECTOR('',#11147,10.);
#3058=VECTOR('',#11148,10.);
#3059=VECTOR('',#11157,10.);
#3060=VECTOR('',#11158,10.);
#3061=VECTOR('',#11159,10.);
#3062=VECTOR('',#11160,10.);
#3063=VECTOR('',#11167,10.);
#3064=VECTOR('',#11170,10.);
#3065=VECTOR('',#11171,10.);
#3066=VECTOR('',#11172,10.);
#3067=VECTOR('',#11179,10.);
#3068=VECTOR('',#11182,10.);
#3069=VECTOR('',#11183,10.);
#3070=VECTOR('',#11184,10.);
#3071=VECTOR('',#11191,10.);
#3072=VECTOR('',#11194,10.);
#3073=VECTOR('',#11195,10.);
#3074=VECTOR('',#11196,10.);
#3075=VECTOR('',#11205,10.);
#3076=VECTOR('',#11206,10.);
#3077=VECTOR('',#11207,10.);
#3078=VECTOR('',#11208,10.);
#3079=VECTOR('',#11215,10.);
#3080=VECTOR('',#11218,10.);
#3081=VECTOR('',#11219,10.);
#3082=VECTOR('',#11220,10.);
#3083=VECTOR('',#11227,10.);
#3084=VECTOR('',#11230,10.);
#3085=VECTOR('',#11231,10.);
#3086=VECTOR('',#11232,10.);
#3087=VECTOR('',#11239,10.);
#3088=VECTOR('',#11242,10.);
#3089=VECTOR('',#11243,10.);
#3090=VECTOR('',#11244,10.);
#3091=VECTOR('',#11253,10.);
#3092=VECTOR('',#11254,10.);
#3093=VECTOR('',#11255,10.);
#3094=VECTOR('',#11256,10.);
#3095=VECTOR('',#11263,10.);
#3096=VECTOR('',#11266,10.);
#3097=VECTOR('',#11267,10.);
#3098=VECTOR('',#11268,10.);
#3099=VECTOR('',#11275,10.);
#3100=VECTOR('',#11278,10.);
#3101=VECTOR('',#11279,10.);
#3102=VECTOR('',#11280,10.);
#3103=VECTOR('',#11287,10.);
#3104=VECTOR('',#11290,10.);
#3105=VECTOR('',#11291,10.);
#3106=VECTOR('',#11292,10.);
#3107=VECTOR('',#11301,10.);
#3108=VECTOR('',#11302,10.);
#3109=VECTOR('',#11303,10.);
#3110=VECTOR('',#11304,10.);
#3111=VECTOR('',#11311,10.);
#3112=VECTOR('',#11314,10.);
#3113=VECTOR('',#11315,10.);
#3114=VECTOR('',#11316,10.);
#3115=VECTOR('',#11323,10.);
#3116=VECTOR('',#11326,10.);
#3117=VECTOR('',#11327,10.);
#3118=VECTOR('',#11328,10.);
#3119=VECTOR('',#11335,10.);
#3120=VECTOR('',#11338,10.);
#3121=VECTOR('',#11339,10.);
#3122=VECTOR('',#11340,10.);
#3123=VECTOR('',#11349,10.);
#3124=VECTOR('',#11350,10.);
#3125=VECTOR('',#11351,10.);
#3126=VECTOR('',#11352,10.);
#3127=VECTOR('',#11359,10.);
#3128=VECTOR('',#11362,10.);
#3129=VECTOR('',#11363,10.);
#3130=VECTOR('',#11364,10.);
#3131=VECTOR('',#11371,10.);
#3132=VECTOR('',#11374,10.);
#3133=VECTOR('',#11375,10.);
#3134=VECTOR('',#11376,10.);
#3135=VECTOR('',#11383,10.);
#3136=VECTOR('',#11386,10.);
#3137=VECTOR('',#11387,10.);
#3138=VECTOR('',#11388,10.);
#3139=VECTOR('',#11397,10.);
#3140=VECTOR('',#11398,10.);
#3141=VECTOR('',#11399,10.);
#3142=VECTOR('',#11400,10.);
#3143=VECTOR('',#11407,10.);
#3144=VECTOR('',#11410,10.);
#3145=VECTOR('',#11411,10.);
#3146=VECTOR('',#11412,10.);
#3147=VECTOR('',#11419,10.);
#3148=VECTOR('',#11422,10.);
#3149=VECTOR('',#11423,10.);
#3150=VECTOR('',#11424,10.);
#3151=VECTOR('',#11431,10.);
#3152=VECTOR('',#11434,10.);
#3153=VECTOR('',#11435,10.);
#3154=VECTOR('',#11436,10.);
#3155=VECTOR('',#11445,10.);
#3156=VECTOR('',#11446,10.);
#3157=VECTOR('',#11447,10.);
#3158=VECTOR('',#11448,10.);
#3159=VECTOR('',#11455,10.);
#3160=VECTOR('',#11458,10.);
#3161=VECTOR('',#11459,10.);
#3162=VECTOR('',#11460,10.);
#3163=VECTOR('',#11467,10.);
#3164=VECTOR('',#11470,10.);
#3165=VECTOR('',#11471,10.);
#3166=VECTOR('',#11472,10.);
#3167=VECTOR('',#11479,10.);
#3168=VECTOR('',#11482,10.);
#3169=VECTOR('',#11483,10.);
#3170=VECTOR('',#11484,10.);
#3171=VECTOR('',#11493,10.);
#3172=VECTOR('',#11494,10.);
#3173=VECTOR('',#11495,10.);
#3174=VECTOR('',#11496,10.);
#3175=VECTOR('',#11503,10.);
#3176=VECTOR('',#11506,10.);
#3177=VECTOR('',#11507,10.);
#3178=VECTOR('',#11508,10.);
#3179=VECTOR('',#11515,10.);
#3180=VECTOR('',#11518,10.);
#3181=VECTOR('',#11519,10.);
#3182=VECTOR('',#11520,10.);
#3183=VECTOR('',#11527,10.);
#3184=VECTOR('',#11530,10.);
#3185=VECTOR('',#11531,10.);
#3186=VECTOR('',#11532,10.);
#3187=VECTOR('',#11541,10.);
#3188=VECTOR('',#11542,10.);
#3189=VECTOR('',#11543,10.);
#3190=VECTOR('',#11544,10.);
#3191=VECTOR('',#11551,10.);
#3192=VECTOR('',#11554,10.);
#3193=VECTOR('',#11555,10.);
#3194=VECTOR('',#11556,10.);
#3195=VECTOR('',#11563,10.);
#3196=VECTOR('',#11566,10.);
#3197=VECTOR('',#11567,10.);
#3198=VECTOR('',#11568,10.);
#3199=VECTOR('',#11575,10.);
#3200=VECTOR('',#11578,10.);
#3201=VECTOR('',#11579,10.);
#3202=VECTOR('',#11580,10.);
#3203=VECTOR('',#11589,10.);
#3204=VECTOR('',#11590,10.);
#3205=VECTOR('',#11591,10.);
#3206=VECTOR('',#11592,10.);
#3207=VECTOR('',#11599,10.);
#3208=VECTOR('',#11602,10.);
#3209=VECTOR('',#11603,10.);
#3210=VECTOR('',#11604,10.);
#3211=VECTOR('',#11611,10.);
#3212=VECTOR('',#11614,10.);
#3213=VECTOR('',#11615,10.);
#3214=VECTOR('',#11616,10.);
#3215=VECTOR('',#11623,10.);
#3216=VECTOR('',#11626,10.);
#3217=VECTOR('',#11627,10.);
#3218=VECTOR('',#11628,10.);
#3219=VECTOR('',#11637,10.);
#3220=VECTOR('',#11638,10.);
#3221=VECTOR('',#11639,10.);
#3222=VECTOR('',#11640,10.);
#3223=VECTOR('',#11647,10.);
#3224=VECTOR('',#11650,10.);
#3225=VECTOR('',#11651,10.);
#3226=VECTOR('',#11652,10.);
#3227=VECTOR('',#11659,10.);
#3228=VECTOR('',#11662,10.);
#3229=VECTOR('',#11663,10.);
#3230=VECTOR('',#11664,10.);
#3231=VECTOR('',#11671,10.);
#3232=VECTOR('',#11674,10.);
#3233=VECTOR('',#11675,10.);
#3234=VECTOR('',#11676,10.);
#3235=VECTOR('',#11685,10.);
#3236=VECTOR('',#11686,10.);
#3237=VECTOR('',#11687,10.);
#3238=VECTOR('',#11688,10.);
#3239=VECTOR('',#11695,10.);
#3240=VECTOR('',#11698,10.);
#3241=VECTOR('',#11699,10.);
#3242=VECTOR('',#11700,10.);
#3243=VECTOR('',#11707,10.);
#3244=VECTOR('',#11710,10.);
#3245=VECTOR('',#11711,10.);
#3246=VECTOR('',#11712,10.);
#3247=VECTOR('',#11719,10.);
#3248=VECTOR('',#11722,10.);
#3249=VECTOR('',#11723,10.);
#3250=VECTOR('',#11724,10.);
#3251=VECTOR('',#11733,10.);
#3252=VECTOR('',#11734,10.);
#3253=VECTOR('',#11735,10.);
#3254=VECTOR('',#11736,10.);
#3255=VECTOR('',#11743,10.);
#3256=VECTOR('',#11746,10.);
#3257=VECTOR('',#11747,10.);
#3258=VECTOR('',#11748,10.);
#3259=VECTOR('',#11755,10.);
#3260=VECTOR('',#11758,10.);
#3261=VECTOR('',#11759,10.);
#3262=VECTOR('',#11760,10.);
#3263=VECTOR('',#11767,10.);
#3264=VECTOR('',#11770,10.);
#3265=VECTOR('',#11771,10.);
#3266=VECTOR('',#11772,10.);
#3267=VECTOR('',#11781,10.);
#3268=VECTOR('',#11782,10.);
#3269=VECTOR('',#11783,10.);
#3270=VECTOR('',#11784,10.);
#3271=VECTOR('',#11791,10.);
#3272=VECTOR('',#11794,10.);
#3273=VECTOR('',#11795,10.);
#3274=VECTOR('',#11796,10.);
#3275=VECTOR('',#11803,10.);
#3276=VECTOR('',#11806,10.);
#3277=VECTOR('',#11807,10.);
#3278=VECTOR('',#11808,10.);
#3279=VECTOR('',#11815,10.);
#3280=VECTOR('',#11818,10.);
#3281=VECTOR('',#11819,10.);
#3282=VECTOR('',#11820,10.);
#3283=VECTOR('',#11829,10.);
#3284=VECTOR('',#11830,10.);
#3285=VECTOR('',#11831,10.);
#3286=VECTOR('',#11832,10.);
#3287=VECTOR('',#11839,10.);
#3288=VECTOR('',#11842,10.);
#3289=VECTOR('',#11843,10.);
#3290=VECTOR('',#11844,10.);
#3291=VECTOR('',#11851,10.);
#3292=VECTOR('',#11854,10.);
#3293=VECTOR('',#11855,10.);
#3294=VECTOR('',#11856,10.);
#3295=VECTOR('',#11863,10.);
#3296=VECTOR('',#11866,10.);
#3297=VECTOR('',#11867,10.);
#3298=VECTOR('',#11868,10.);
#3299=VECTOR('',#11877,10.);
#3300=VECTOR('',#11878,10.);
#3301=VECTOR('',#11879,10.);
#3302=VECTOR('',#11880,10.);
#3303=VECTOR('',#11887,10.);
#3304=VECTOR('',#11890,10.);
#3305=VECTOR('',#11891,10.);
#3306=VECTOR('',#11892,10.);
#3307=VECTOR('',#11899,10.);
#3308=VECTOR('',#11902,10.);
#3309=VECTOR('',#11903,10.);
#3310=VECTOR('',#11904,10.);
#3311=VECTOR('',#11911,10.);
#3312=VECTOR('',#11914,10.);
#3313=VECTOR('',#11915,10.);
#3314=VECTOR('',#11916,10.);
#3315=VECTOR('',#11927,10.);
#3316=VECTOR('',#11930,10.);
#3317=VECTOR('',#11933,10.);
#3318=VECTOR('',#11934,10.);
#3319=VECTOR('',#11935,10.);
#3320=VECTOR('',#11942,10.);
#3321=VECTOR('',#11945,10.);
#3322=VECTOR('',#11946,10.);
#3323=VECTOR('',#11947,10.);
#3324=VECTOR('',#11948,10.);
#3325=VECTOR('',#11951,10.);
#3326=VECTOR('',#11952,10.);
#3327=VECTOR('',#11953,10.);
#3328=VECTOR('',#11954,10.);
#3329=VECTOR('',#11963,10.);
#3330=VECTOR('',#11966,10.);
#3331=VECTOR('',#11967,10.);
#3332=VECTOR('',#11968,10.);
#3333=VECTOR('',#11979,10.);
#3334=VECTOR('',#11982,10.);
#3335=VECTOR('',#11983,10.);
#3336=VECTOR('',#11984,10.);
#3337=VECTOR('',#11985,10.);
#3338=VECTOR('',#11990,10.);
#3339=VECTOR('',#11995,10.);
#3340=VECTOR('',#11996,10.);
#3341=VECTOR('',#11997,10.);
#3342=VECTOR('',#12002,10.);
#3343=VECTOR('',#12007,10.);
#3344=VECTOR('',#12008,10.);
#3345=VECTOR('',#12009,10.);
#3346=VECTOR('',#12014,10.);
#3347=VECTOR('',#12019,10.);
#3348=VECTOR('',#12020,10.);
#3349=VECTOR('',#12021,10.);
#3350=VECTOR('',#12032,10.);
#3351=VECTOR('',#12033,10.);
#3352=VECTOR('',#12034,10.);
#3353=VECTOR('',#12035,10.);
#3354=VECTOR('',#12040,10.);
#3355=VECTOR('',#12045,10.);
#3356=VECTOR('',#12046,10.);
#3357=VECTOR('',#12047,10.);
#3358=VECTOR('',#12052,10.);
#3359=VECTOR('',#12057,10.);
#3360=VECTOR('',#12058,10.);
#3361=VECTOR('',#12059,10.);
#3362=VECTOR('',#12064,10.);
#3363=VECTOR('',#12069,10.);
#3364=VECTOR('',#12070,10.);
#3365=VECTOR('',#12071,10.);
#3366=VECTOR('',#12082,10.);
#3367=VECTOR('',#12083,10.);
#3368=VECTOR('',#12084,10.);
#3369=VECTOR('',#12085,10.);
#3370=VECTOR('',#12088,10.);
#3371=VECTOR('',#12091,10.);
#3372=VECTOR('',#12094,10.);
#3373=VECTOR('',#12097,10.);
#3374=VECTOR('',#12100,10.);
#3375=VECTOR('',#12103,10.);
#3376=VECTOR('',#12106,10.);
#3377=VECTOR('',#12107,10.);
#3378=VECTOR('',#12108,10.);
#3379=VECTOR('',#12111,10.);
#3380=VECTOR('',#12124,10.);
#3381=VECTOR('',#12125,10.);
#3382=VECTOR('',#12128,10.);
#3383=VECTOR('',#12129,10.);
#3384=VECTOR('',#12134,10.);
#3385=VECTOR('',#12141,10.);
#3386=VECTOR('',#12142,10.);
#3387=VECTOR('',#12145,10.);
#3388=VECTOR('',#12148,10.);
#3389=VECTOR('',#12151,10.);
#3390=VECTOR('',#12152,10.);
#3391=VECTOR('',#12153,10.);
#3392=VECTOR('',#12154,10.);
#3393=VECTOR('',#12159,10.);
#3394=VECTOR('',#12164,10.);
#3395=VECTOR('',#12165,10.);
#3396=VECTOR('',#12166,10.);
#3397=VECTOR('',#12171,10.);
#3398=VECTOR('',#12176,10.);
#3399=VECTOR('',#12177,10.);
#3400=VECTOR('',#12178,10.);
#3401=VECTOR('',#12183,10.);
#3402=VECTOR('',#12188,10.);
#3403=VECTOR('',#12189,10.);
#3404=VECTOR('',#12190,10.);
#3405=VECTOR('',#12199,10.);
#3406=VECTOR('',#12200,10.);
#3407=VECTOR('',#12201,10.);
#3408=VECTOR('',#12202,10.);
#3409=VECTOR('',#12209,10.);
#3410=VECTOR('',#12212,10.);
#3411=VECTOR('',#12213,10.);
#3412=VECTOR('',#12214,10.);
#3413=VECTOR('',#12221,10.);
#3414=VECTOR('',#12224,10.);
#3415=VECTOR('',#12225,10.);
#3416=VECTOR('',#12226,10.);
#3417=VECTOR('',#12233,10.);
#3418=VECTOR('',#12236,10.);
#3419=VECTOR('',#12237,10.);
#3420=VECTOR('',#12238,10.);
#3421=VECTOR('',#12257,57.);
#3422=VECTOR('',#12260,10.);
#3423=VECTOR('',#12263,10.);
#3424=VECTOR('',#12266,10.);
#3425=VECTOR('',#12273,60.);
#3426=VECTOR('',#12280,10.);
#3427=VECTOR('',#12281,10.);
#3428=VECTOR('',#12282,10.);
#3429=VECTOR('',#12283,10.);
#3430=VECTOR('',#12288,10.);
#3431=VECTOR('',#12291,10.);
#3432=VECTOR('',#12292,10.);
#3433=VECTOR('',#12293,10.);
#3434=VECTOR('',#12302,10.);
#3435=VECTOR('',#12305,10.);
#3436=VECTOR('',#12308,10.);
#3437=VECTOR('',#12311,10.);
#3438=VECTOR('',#12314,10.);
#3439=VECTOR('',#12317,10.);
#3440=VECTOR('',#12320,10.);
#3441=VECTOR('',#12323,10.);
#3442=VECTOR('',#12328,10.);
#3443=VECTOR('',#12329,10.);
#3444=VECTOR('',#12338,10.);
#3445=VECTOR('',#12341,10.);
#3446=VECTOR('',#12346,10.);
#3447=VECTOR('',#12347,10.);
#3448=VECTOR('',#12350,10.);
#3449=VECTOR('',#12353,10.);
#3450=VECTOR('',#12356,10.);
#3451=VECTOR('',#12359,10.);
#3452=VECTOR('',#12362,10.);
#3453=VECTOR('',#12365,10.);
#3454=VECTOR('',#12388,10.);
#3455=VECTOR('',#12389,10.);
#3456=VECTOR('',#12396,10.);
#3457=VECTOR('',#12401,10.);
#3458=VECTOR('',#12404,10.);
#3459=VECTOR('',#12407,10.);
#3460=VECTOR('',#12410,10.);
#3461=VECTOR('',#12431,10.);
#3462=VECTOR('',#12432,10.);
#3463=VECTOR('',#12439,10.);
#3464=VECTOR('',#12444,10.);
#3465=VECTOR('',#12447,10.);
#3466=VECTOR('',#12450,10.);
#3467=VECTOR('',#12453,10.);
#3468=VECTOR('',#12460,10.);
#3469=VECTOR('',#12461,10.);
#3470=VECTOR('',#12470,10.);
#3471=VECTOR('',#12473,10.);
#3472=VECTOR('',#12476,10.);
#3473=VECTOR('',#12479,10.);
#3474=VECTOR('',#12480,10.);
#3475=VECTOR('',#12489,10.);
#3476=VECTOR('',#12492,10.);
#3477=VECTOR('',#12495,10.);
#3478=VECTOR('',#12498,10.);
#3479=VECTOR('',#12501,10.);
#3480=VECTOR('',#12506,58.);
#3481=VERTEX_POINT('',#12511);
#3482=VERTEX_POINT('',#12512);
#3483=VERTEX_POINT('',#12514);
#3484=VERTEX_POINT('',#12516);
#3485=VERTEX_POINT('',#12520);
#3486=VERTEX_POINT('',#12522);
#3487=VERTEX_POINT('',#12526);
#3488=VERTEX_POINT('',#12528);
#3489=VERTEX_POINT('',#12532);
#3490=VERTEX_POINT('',#12534);
#3491=VERTEX_POINT('',#12538);
#3492=VERTEX_POINT('',#12540);
#3493=VERTEX_POINT('',#12544);
#3494=VERTEX_POINT('',#12546);
#3495=VERTEX_POINT('',#12550);
#3496=VERTEX_POINT('',#12552);
#3497=VERTEX_POINT('',#12560);
#3498=VERTEX_POINT('',#12561);
#3499=VERTEX_POINT('',#12563);
#3500=VERTEX_POINT('',#12565);
#3501=VERTEX_POINT('',#12569);
#3502=VERTEX_POINT('',#12571);
#3503=VERTEX_POINT('',#12575);
#3504=VERTEX_POINT('',#12577);
#3505=VERTEX_POINT('',#12581);
#3506=VERTEX_POINT('',#12583);
#3507=VERTEX_POINT('',#12585);
#3508=VERTEX_POINT('',#12589);
#3509=VERTEX_POINT('',#12590);
#3510=VERTEX_POINT('',#12592);
#3511=VERTEX_POINT('',#12594);
#3512=VERTEX_POINT('',#12598);
#3513=VERTEX_POINT('',#12599);
#3514=VERTEX_POINT('',#12602);
#3515=VERTEX_POINT('',#12606);
#3516=VERTEX_POINT('',#12611);
#3517=VERTEX_POINT('',#12618);
#3518=VERTEX_POINT('',#12619);
#3519=VERTEX_POINT('',#12621);
#3520=VERTEX_POINT('',#12623);
#3521=VERTEX_POINT('',#12627);
#3522=VERTEX_POINT('',#12629);
#3523=VERTEX_POINT('',#12633);
#3524=VERTEX_POINT('',#12635);
#3525=VERTEX_POINT('',#12639);
#3526=VERTEX_POINT('',#12641);
#3527=VERTEX_POINT('',#12645);
#3528=VERTEX_POINT('',#12647);
#3529=VERTEX_POINT('',#12651);
#3530=VERTEX_POINT('',#12653);
#3531=VERTEX_POINT('',#12657);
#3532=VERTEX_POINT('',#12659);
#3533=VERTEX_POINT('',#12666);
#3534=VERTEX_POINT('',#12667);
#3535=VERTEX_POINT('',#12669);
#3536=VERTEX_POINT('',#12671);
#3537=VERTEX_POINT('',#12675);
#3538=VERTEX_POINT('',#12677);
#3539=VERTEX_POINT('',#12681);
#3540=VERTEX_POINT('',#12683);
#3541=VERTEX_POINT('',#12687);
#3542=VERTEX_POINT('',#12689);
#3543=VERTEX_POINT('',#12693);
#3544=VERTEX_POINT('',#12695);
#3545=VERTEX_POINT('',#12699);
#3546=VERTEX_POINT('',#12701);
#3547=VERTEX_POINT('',#12705);
#3548=VERTEX_POINT('',#12707);
#3549=VERTEX_POINT('',#12714);
#3550=VERTEX_POINT('',#12715);
#3551=VERTEX_POINT('',#12717);
#3552=VERTEX_POINT('',#12719);
#3553=VERTEX_POINT('',#12723);
#3554=VERTEX_POINT('',#12725);
#3555=VERTEX_POINT('',#12729);
#3556=VERTEX_POINT('',#12731);
#3557=VERTEX_POINT('',#12735);
#3558=VERTEX_POINT('',#12737);
#3559=VERTEX_POINT('',#12741);
#3560=VERTEX_POINT('',#12743);
#3561=VERTEX_POINT('',#12747);
#3562=VERTEX_POINT('',#12749);
#3563=VERTEX_POINT('',#12753);
#3564=VERTEX_POINT('',#12755);
#3565=VERTEX_POINT('',#12762);
#3566=VERTEX_POINT('',#12763);
#3567=VERTEX_POINT('',#12765);
#3568=VERTEX_POINT('',#12767);
#3569=VERTEX_POINT('',#12771);
#3570=VERTEX_POINT('',#12773);
#3571=VERTEX_POINT('',#12777);
#3572=VERTEX_POINT('',#12779);
#3573=VERTEX_POINT('',#12783);
#3574=VERTEX_POINT('',#12785);
#3575=VERTEX_POINT('',#12789);
#3576=VERTEX_POINT('',#12791);
#3577=VERTEX_POINT('',#12795);
#3578=VERTEX_POINT('',#12797);
#3579=VERTEX_POINT('',#12801);
#3580=VERTEX_POINT('',#12803);
#3581=VERTEX_POINT('',#12810);
#3582=VERTEX_POINT('',#12811);
#3583=VERTEX_POINT('',#12813);
#3584=VERTEX_POINT('',#12815);
#3585=VERTEX_POINT('',#12819);
#3586=VERTEX_POINT('',#12821);
#3587=VERTEX_POINT('',#12825);
#3588=VERTEX_POINT('',#12827);
#3589=VERTEX_POINT('',#12831);
#3590=VERTEX_POINT('',#12833);
#3591=VERTEX_POINT('',#12837);
#3592=VERTEX_POINT('',#12839);
#3593=VERTEX_POINT('',#12843);
#3594=VERTEX_POINT('',#12845);
#3595=VERTEX_POINT('',#12849);
#3596=VERTEX_POINT('',#12851);
#3597=VERTEX_POINT('',#12858);
#3598=VERTEX_POINT('',#12859);
#3599=VERTEX_POINT('',#12861);
#3600=VERTEX_POINT('',#12863);
#3601=VERTEX_POINT('',#12867);
#3602=VERTEX_POINT('',#12869);
#3603=VERTEX_POINT('',#12873);
#3604=VERTEX_POINT('',#12875);
#3605=VERTEX_POINT('',#12879);
#3606=VERTEX_POINT('',#12881);
#3607=VERTEX_POINT('',#12885);
#3608=VERTEX_POINT('',#12887);
#3609=VERTEX_POINT('',#12891);
#3610=VERTEX_POINT('',#12893);
#3611=VERTEX_POINT('',#12897);
#3612=VERTEX_POINT('',#12899);
#3613=VERTEX_POINT('',#12906);
#3614=VERTEX_POINT('',#12907);
#3615=VERTEX_POINT('',#12909);
#3616=VERTEX_POINT('',#12911);
#3617=VERTEX_POINT('',#12915);
#3618=VERTEX_POINT('',#12917);
#3619=VERTEX_POINT('',#12921);
#3620=VERTEX_POINT('',#12923);
#3621=VERTEX_POINT('',#12927);
#3622=VERTEX_POINT('',#12929);
#3623=VERTEX_POINT('',#12933);
#3624=VERTEX_POINT('',#12935);
#3625=VERTEX_POINT('',#12939);
#3626=VERTEX_POINT('',#12941);
#3627=VERTEX_POINT('',#12945);
#3628=VERTEX_POINT('',#12947);
#3629=VERTEX_POINT('',#12954);
#3630=VERTEX_POINT('',#12955);
#3631=VERTEX_POINT('',#12957);
#3632=VERTEX_POINT('',#12959);
#3633=VERTEX_POINT('',#12963);
#3634=VERTEX_POINT('',#12965);
#3635=VERTEX_POINT('',#12969);
#3636=VERTEX_POINT('',#12971);
#3637=VERTEX_POINT('',#12975);
#3638=VERTEX_POINT('',#12977);
#3639=VERTEX_POINT('',#12981);
#3640=VERTEX_POINT('',#12983);
#3641=VERTEX_POINT('',#12987);
#3642=VERTEX_POINT('',#12989);
#3643=VERTEX_POINT('',#12993);
#3644=VERTEX_POINT('',#12995);
#3645=VERTEX_POINT('',#13002);
#3646=VERTEX_POINT('',#13003);
#3647=VERTEX_POINT('',#13005);
#3648=VERTEX_POINT('',#13007);
#3649=VERTEX_POINT('',#13011);
#3650=VERTEX_POINT('',#13013);
#3651=VERTEX_POINT('',#13017);
#3652=VERTEX_POINT('',#13019);
#3653=VERTEX_POINT('',#13023);
#3654=VERTEX_POINT('',#13025);
#3655=VERTEX_POINT('',#13029);
#3656=VERTEX_POINT('',#13031);
#3657=VERTEX_POINT('',#13035);
#3658=VERTEX_POINT('',#13037);
#3659=VERTEX_POINT('',#13041);
#3660=VERTEX_POINT('',#13043);
#3661=VERTEX_POINT('',#13050);
#3662=VERTEX_POINT('',#13051);
#3663=VERTEX_POINT('',#13053);
#3664=VERTEX_POINT('',#13055);
#3665=VERTEX_POINT('',#13059);
#3666=VERTEX_POINT('',#13061);
#3667=VERTEX_POINT('',#13065);
#3668=VERTEX_POINT('',#13067);
#3669=VERTEX_POINT('',#13071);
#3670=VERTEX_POINT('',#13073);
#3671=VERTEX_POINT('',#13077);
#3672=VERTEX_POINT('',#13079);
#3673=VERTEX_POINT('',#13083);
#3674=VERTEX_POINT('',#13085);
#3675=VERTEX_POINT('',#13089);
#3676=VERTEX_POINT('',#13091);
#3677=VERTEX_POINT('',#13098);
#3678=VERTEX_POINT('',#13099);
#3679=VERTEX_POINT('',#13101);
#3680=VERTEX_POINT('',#13103);
#3681=VERTEX_POINT('',#13107);
#3682=VERTEX_POINT('',#13109);
#3683=VERTEX_POINT('',#13113);
#3684=VERTEX_POINT('',#13115);
#3685=VERTEX_POINT('',#13119);
#3686=VERTEX_POINT('',#13121);
#3687=VERTEX_POINT('',#13125);
#3688=VERTEX_POINT('',#13127);
#3689=VERTEX_POINT('',#13131);
#3690=VERTEX_POINT('',#13133);
#3691=VERTEX_POINT('',#13137);
#3692=VERTEX_POINT('',#13139);
#3693=VERTEX_POINT('',#13146);
#3694=VERTEX_POINT('',#13147);
#3695=VERTEX_POINT('',#13149);
#3696=VERTEX_POINT('',#13151);
#3697=VERTEX_POINT('',#13155);
#3698=VERTEX_POINT('',#13157);
#3699=VERTEX_POINT('',#13161);
#3700=VERTEX_POINT('',#13163);
#3701=VERTEX_POINT('',#13167);
#3702=VERTEX_POINT('',#13169);
#3703=VERTEX_POINT('',#13173);
#3704=VERTEX_POINT('',#13175);
#3705=VERTEX_POINT('',#13179);
#3706=VERTEX_POINT('',#13181);
#3707=VERTEX_POINT('',#13185);
#3708=VERTEX_POINT('',#13187);
#3709=VERTEX_POINT('',#13194);
#3710=VERTEX_POINT('',#13195);
#3711=VERTEX_POINT('',#13197);
#3712=VERTEX_POINT('',#13199);
#3713=VERTEX_POINT('',#13203);
#3714=VERTEX_POINT('',#13205);
#3715=VERTEX_POINT('',#13209);
#3716=VERTEX_POINT('',#13211);
#3717=VERTEX_POINT('',#13215);
#3718=VERTEX_POINT('',#13217);
#3719=VERTEX_POINT('',#13221);
#3720=VERTEX_POINT('',#13223);
#3721=VERTEX_POINT('',#13227);
#3722=VERTEX_POINT('',#13229);
#3723=VERTEX_POINT('',#13233);
#3724=VERTEX_POINT('',#13235);
#3725=VERTEX_POINT('',#13242);
#3726=VERTEX_POINT('',#13243);
#3727=VERTEX_POINT('',#13245);
#3728=VERTEX_POINT('',#13247);
#3729=VERTEX_POINT('',#13251);
#3730=VERTEX_POINT('',#13253);
#3731=VERTEX_POINT('',#13257);
#3732=VERTEX_POINT('',#13259);
#3733=VERTEX_POINT('',#13263);
#3734=VERTEX_POINT('',#13265);
#3735=VERTEX_POINT('',#13269);
#3736=VERTEX_POINT('',#13271);
#3737=VERTEX_POINT('',#13275);
#3738=VERTEX_POINT('',#13277);
#3739=VERTEX_POINT('',#13281);
#3740=VERTEX_POINT('',#13283);
#3741=VERTEX_POINT('',#13290);
#3742=VERTEX_POINT('',#13291);
#3743=VERTEX_POINT('',#13293);
#3744=VERTEX_POINT('',#13295);
#3745=VERTEX_POINT('',#13299);
#3746=VERTEX_POINT('',#13301);
#3747=VERTEX_POINT('',#13305);
#3748=VERTEX_POINT('',#13307);
#3749=VERTEX_POINT('',#13311);
#3750=VERTEX_POINT('',#13313);
#3751=VERTEX_POINT('',#13317);
#3752=VERTEX_POINT('',#13319);
#3753=VERTEX_POINT('',#13323);
#3754=VERTEX_POINT('',#13325);
#3755=VERTEX_POINT('',#13329);
#3756=VERTEX_POINT('',#13331);
#3757=VERTEX_POINT('',#13338);
#3758=VERTEX_POINT('',#13339);
#3759=VERTEX_POINT('',#13341);
#3760=VERTEX_POINT('',#13343);
#3761=VERTEX_POINT('',#13347);
#3762=VERTEX_POINT('',#13349);
#3763=VERTEX_POINT('',#13353);
#3764=VERTEX_POINT('',#13355);
#3765=VERTEX_POINT('',#13359);
#3766=VERTEX_POINT('',#13361);
#3767=VERTEX_POINT('',#13365);
#3768=VERTEX_POINT('',#13367);
#3769=VERTEX_POINT('',#13371);
#3770=VERTEX_POINT('',#13373);
#3771=VERTEX_POINT('',#13377);
#3772=VERTEX_POINT('',#13379);
#3773=VERTEX_POINT('',#13386);
#3774=VERTEX_POINT('',#13387);
#3775=VERTEX_POINT('',#13389);
#3776=VERTEX_POINT('',#13391);
#3777=VERTEX_POINT('',#13395);
#3778=VERTEX_POINT('',#13397);
#3779=VERTEX_POINT('',#13401);
#3780=VERTEX_POINT('',#13403);
#3781=VERTEX_POINT('',#13407);
#3782=VERTEX_POINT('',#13409);
#3783=VERTEX_POINT('',#13413);
#3784=VERTEX_POINT('',#13415);
#3785=VERTEX_POINT('',#13419);
#3786=VERTEX_POINT('',#13421);
#3787=VERTEX_POINT('',#13425);
#3788=VERTEX_POINT('',#13427);
#3789=VERTEX_POINT('',#13434);
#3790=VERTEX_POINT('',#13435);
#3791=VERTEX_POINT('',#13437);
#3792=VERTEX_POINT('',#13439);
#3793=VERTEX_POINT('',#13443);
#3794=VERTEX_POINT('',#13445);
#3795=VERTEX_POINT('',#13449);
#3796=VERTEX_POINT('',#13451);
#3797=VERTEX_POINT('',#13455);
#3798=VERTEX_POINT('',#13457);
#3799=VERTEX_POINT('',#13461);
#3800=VERTEX_POINT('',#13463);
#3801=VERTEX_POINT('',#13467);
#3802=VERTEX_POINT('',#13469);
#3803=VERTEX_POINT('',#13473);
#3804=VERTEX_POINT('',#13475);
#3805=VERTEX_POINT('',#13482);
#3806=VERTEX_POINT('',#13483);
#3807=VERTEX_POINT('',#13485);
#3808=VERTEX_POINT('',#13487);
#3809=VERTEX_POINT('',#13491);
#3810=VERTEX_POINT('',#13493);
#3811=VERTEX_POINT('',#13497);
#3812=VERTEX_POINT('',#13499);
#3813=VERTEX_POINT('',#13503);
#3814=VERTEX_POINT('',#13505);
#3815=VERTEX_POINT('',#13507);
#3816=VERTEX_POINT('',#13511);
#3817=VERTEX_POINT('',#13512);
#3818=VERTEX_POINT('',#13514);
#3819=VERTEX_POINT('',#13516);
#3820=VERTEX_POINT('',#13520);
#3821=VERTEX_POINT('',#13521);
#3822=VERTEX_POINT('',#13524);
#3823=VERTEX_POINT('',#13528);
#3824=VERTEX_POINT('',#13533);
#3825=VERTEX_POINT('',#13540);
#3826=VERTEX_POINT('',#13541);
#3827=VERTEX_POINT('',#13543);
#3828=VERTEX_POINT('',#13545);
#3829=VERTEX_POINT('',#13549);
#3830=VERTEX_POINT('',#13551);
#3831=VERTEX_POINT('',#13555);
#3832=VERTEX_POINT('',#13557);
#3833=VERTEX_POINT('',#13561);
#3834=VERTEX_POINT('',#13563);
#3835=VERTEX_POINT('',#13567);
#3836=VERTEX_POINT('',#13569);
#3837=VERTEX_POINT('',#13573);
#3838=VERTEX_POINT('',#13575);
#3839=VERTEX_POINT('',#13579);
#3840=VERTEX_POINT('',#13581);
#3841=VERTEX_POINT('',#13589);
#3842=VERTEX_POINT('',#13590);
#3843=VERTEX_POINT('',#13592);
#3844=VERTEX_POINT('',#13594);
#3845=VERTEX_POINT('',#13598);
#3846=VERTEX_POINT('',#13600);
#3847=VERTEX_POINT('',#13604);
#3848=VERTEX_POINT('',#13606);
#3849=VERTEX_POINT('',#13610);
#3850=VERTEX_POINT('',#13612);
#3851=VERTEX_POINT('',#13616);
#3852=VERTEX_POINT('',#13618);
#3853=VERTEX_POINT('',#13622);
#3854=VERTEX_POINT('',#13624);
#3855=VERTEX_POINT('',#13628);
#3856=VERTEX_POINT('',#13630);
#3857=VERTEX_POINT('',#13638);
#3858=VERTEX_POINT('',#13639);
#3859=VERTEX_POINT('',#13641);
#3860=VERTEX_POINT('',#13643);
#3861=VERTEX_POINT('',#13647);
#3862=VERTEX_POINT('',#13649);
#3863=VERTEX_POINT('',#13653);
#3864=VERTEX_POINT('',#13655);
#3865=VERTEX_POINT('',#13659);
#3866=VERTEX_POINT('',#13661);
#3867=VERTEX_POINT('',#13663);
#3868=VERTEX_POINT('',#13667);
#3869=VERTEX_POINT('',#13668);
#3870=VERTEX_POINT('',#13670);
#3871=VERTEX_POINT('',#13672);
#3872=VERTEX_POINT('',#13676);
#3873=VERTEX_POINT('',#13677);
#3874=VERTEX_POINT('',#13680);
#3875=VERTEX_POINT('',#13684);
#3876=VERTEX_POINT('',#13689);
#3877=VERTEX_POINT('',#13696);
#3878=VERTEX_POINT('',#13697);
#3879=VERTEX_POINT('',#13699);
#3880=VERTEX_POINT('',#13701);
#3881=VERTEX_POINT('',#13705);
#3882=VERTEX_POINT('',#13707);
#3883=VERTEX_POINT('',#13711);
#3884=VERTEX_POINT('',#13713);
#3885=VERTEX_POINT('',#13717);
#3886=VERTEX_POINT('',#13719);
#3887=VERTEX_POINT('',#13721);
#3888=VERTEX_POINT('',#13725);
#3889=VERTEX_POINT('',#13726);
#3890=VERTEX_POINT('',#13728);
#3891=VERTEX_POINT('',#13730);
#3892=VERTEX_POINT('',#13734);
#3893=VERTEX_POINT('',#13735);
#3894=VERTEX_POINT('',#13738);
#3895=VERTEX_POINT('',#13742);
#3896=VERTEX_POINT('',#13747);
#3897=VERTEX_POINT('',#13754);
#3898=VERTEX_POINT('',#13755);
#3899=VERTEX_POINT('',#13757);
#3900=VERTEX_POINT('',#13759);
#3901=VERTEX_POINT('',#13763);
#3902=VERTEX_POINT('',#13765);
#3903=VERTEX_POINT('',#13769);
#3904=VERTEX_POINT('',#13771);
#3905=VERTEX_POINT('',#13775);
#3906=VERTEX_POINT('',#13777);
#3907=VERTEX_POINT('',#13781);
#3908=VERTEX_POINT('',#13783);
#3909=VERTEX_POINT('',#13787);
#3910=VERTEX_POINT('',#13789);
#3911=VERTEX_POINT('',#13793);
#3912=VERTEX_POINT('',#13795);
#3913=VERTEX_POINT('',#13802);
#3914=VERTEX_POINT('',#13803);
#3915=VERTEX_POINT('',#13805);
#3916=VERTEX_POINT('',#13807);
#3917=VERTEX_POINT('',#13811);
#3918=VERTEX_POINT('',#13813);
#3919=VERTEX_POINT('',#13817);
#3920=VERTEX_POINT('',#13819);
#3921=VERTEX_POINT('',#13823);
#3922=VERTEX_POINT('',#13825);
#3923=VERTEX_POINT('',#13829);
#3924=VERTEX_POINT('',#13831);
#3925=VERTEX_POINT('',#13835);
#3926=VERTEX_POINT('',#13837);
#3927=VERTEX_POINT('',#13841);
#3928=VERTEX_POINT('',#13843);
#3929=VERTEX_POINT('',#13850);
#3930=VERTEX_POINT('',#13851);
#3931=VERTEX_POINT('',#13853);
#3932=VERTEX_POINT('',#13855);
#3933=VERTEX_POINT('',#13859);
#3934=VERTEX_POINT('',#13861);
#3935=VERTEX_POINT('',#13865);
#3936=VERTEX_POINT('',#13867);
#3937=VERTEX_POINT('',#13871);
#3938=VERTEX_POINT('',#13873);
#3939=VERTEX_POINT('',#13877);
#3940=VERTEX_POINT('',#13879);
#3941=VERTEX_POINT('',#13883);
#3942=VERTEX_POINT('',#13885);
#3943=VERTEX_POINT('',#13889);
#3944=VERTEX_POINT('',#13891);
#3945=VERTEX_POINT('',#13898);
#3946=VERTEX_POINT('',#13899);
#3947=VERTEX_POINT('',#13901);
#3948=VERTEX_POINT('',#13903);
#3949=VERTEX_POINT('',#13907);
#3950=VERTEX_POINT('',#13909);
#3951=VERTEX_POINT('',#13913);
#3952=VERTEX_POINT('',#13915);
#3953=VERTEX_POINT('',#13919);
#3954=VERTEX_POINT('',#13921);
#3955=VERTEX_POINT('',#13925);
#3956=VERTEX_POINT('',#13927);
#3957=VERTEX_POINT('',#13931);
#3958=VERTEX_POINT('',#13933);
#3959=VERTEX_POINT('',#13937);
#3960=VERTEX_POINT('',#13939);
#3961=VERTEX_POINT('',#13946);
#3962=VERTEX_POINT('',#13947);
#3963=VERTEX_POINT('',#13949);
#3964=VERTEX_POINT('',#13951);
#3965=VERTEX_POINT('',#13955);
#3966=VERTEX_POINT('',#13957);
#3967=VERTEX_POINT('',#13961);
#3968=VERTEX_POINT('',#13963);
#3969=VERTEX_POINT('',#13967);
#3970=VERTEX_POINT('',#13969);
#3971=VERTEX_POINT('',#13973);
#3972=VERTEX_POINT('',#13975);
#3973=VERTEX_POINT('',#13979);
#3974=VERTEX_POINT('',#13981);
#3975=VERTEX_POINT('',#13985);
#3976=VERTEX_POINT('',#13987);
#3977=VERTEX_POINT('',#13994);
#3978=VERTEX_POINT('',#13995);
#3979=VERTEX_POINT('',#13997);
#3980=VERTEX_POINT('',#13999);
#3981=VERTEX_POINT('',#14003);
#3982=VERTEX_POINT('',#14005);
#3983=VERTEX_POINT('',#14009);
#3984=VERTEX_POINT('',#14011);
#3985=VERTEX_POINT('',#14015);
#3986=VERTEX_POINT('',#14017);
#3987=VERTEX_POINT('',#14021);
#3988=VERTEX_POINT('',#14023);
#3989=VERTEX_POINT('',#14027);
#3990=VERTEX_POINT('',#14029);
#3991=VERTEX_POINT('',#14033);
#3992=VERTEX_POINT('',#14035);
#3993=VERTEX_POINT('',#14042);
#3994=VERTEX_POINT('',#14043);
#3995=VERTEX_POINT('',#14045);
#3996=VERTEX_POINT('',#14047);
#3997=VERTEX_POINT('',#14051);
#3998=VERTEX_POINT('',#14053);
#3999=VERTEX_POINT('',#14057);
#4000=VERTEX_POINT('',#14059);
#4001=VERTEX_POINT('',#14063);
#4002=VERTEX_POINT('',#14065);
#4003=VERTEX_POINT('',#14069);
#4004=VERTEX_POINT('',#14071);
#4005=VERTEX_POINT('',#14075);
#4006=VERTEX_POINT('',#14077);
#4007=VERTEX_POINT('',#14081);
#4008=VERTEX_POINT('',#14083);
#4009=VERTEX_POINT('',#14090);
#4010=VERTEX_POINT('',#14091);
#4011=VERTEX_POINT('',#14093);
#4012=VERTEX_POINT('',#14095);
#4013=VERTEX_POINT('',#14099);
#4014=VERTEX_POINT('',#14101);
#4015=VERTEX_POINT('',#14105);
#4016=VERTEX_POINT('',#14107);
#4017=VERTEX_POINT('',#14111);
#4018=VERTEX_POINT('',#14113);
#4019=VERTEX_POINT('',#14117);
#4020=VERTEX_POINT('',#14119);
#4021=VERTEX_POINT('',#14123);
#4022=VERTEX_POINT('',#14125);
#4023=VERTEX_POINT('',#14129);
#4024=VERTEX_POINT('',#14131);
#4025=VERTEX_POINT('',#14138);
#4026=VERTEX_POINT('',#14139);
#4027=VERTEX_POINT('',#14141);
#4028=VERTEX_POINT('',#14143);
#4029=VERTEX_POINT('',#14147);
#4030=VERTEX_POINT('',#14149);
#4031=VERTEX_POINT('',#14153);
#4032=VERTEX_POINT('',#14155);
#4033=VERTEX_POINT('',#14159);
#4034=VERTEX_POINT('',#14161);
#4035=VERTEX_POINT('',#14165);
#4036=VERTEX_POINT('',#14167);
#4037=VERTEX_POINT('',#14171);
#4038=VERTEX_POINT('',#14173);
#4039=VERTEX_POINT('',#14177);
#4040=VERTEX_POINT('',#14179);
#4041=VERTEX_POINT('',#14186);
#4042=VERTEX_POINT('',#14187);
#4043=VERTEX_POINT('',#14189);
#4044=VERTEX_POINT('',#14191);
#4045=VERTEX_POINT('',#14195);
#4046=VERTEX_POINT('',#14197);
#4047=VERTEX_POINT('',#14201);
#4048=VERTEX_POINT('',#14203);
#4049=VERTEX_POINT('',#14207);
#4050=VERTEX_POINT('',#14209);
#4051=VERTEX_POINT('',#14213);
#4052=VERTEX_POINT('',#14215);
#4053=VERTEX_POINT('',#14219);
#4054=VERTEX_POINT('',#14221);
#4055=VERTEX_POINT('',#14225);
#4056=VERTEX_POINT('',#14227);
#4057=VERTEX_POINT('',#14234);
#4058=VERTEX_POINT('',#14235);
#4059=VERTEX_POINT('',#14237);
#4060=VERTEX_POINT('',#14239);
#4061=VERTEX_POINT('',#14243);
#4062=VERTEX_POINT('',#14245);
#4063=VERTEX_POINT('',#14249);
#4064=VERTEX_POINT('',#14251);
#4065=VERTEX_POINT('',#14255);
#4066=VERTEX_POINT('',#14257);
#4067=VERTEX_POINT('',#14261);
#4068=VERTEX_POINT('',#14263);
#4069=VERTEX_POINT('',#14267);
#4070=VERTEX_POINT('',#14269);
#4071=VERTEX_POINT('',#14273);
#4072=VERTEX_POINT('',#14275);
#4073=VERTEX_POINT('',#14282);
#4074=VERTEX_POINT('',#14283);
#4075=VERTEX_POINT('',#14285);
#4076=VERTEX_POINT('',#14287);
#4077=VERTEX_POINT('',#14291);
#4078=VERTEX_POINT('',#14293);
#4079=VERTEX_POINT('',#14297);
#4080=VERTEX_POINT('',#14299);
#4081=VERTEX_POINT('',#14303);
#4082=VERTEX_POINT('',#14305);
#4083=VERTEX_POINT('',#14309);
#4084=VERTEX_POINT('',#14311);
#4085=VERTEX_POINT('',#14315);
#4086=VERTEX_POINT('',#14317);
#4087=VERTEX_POINT('',#14321);
#4088=VERTEX_POINT('',#14323);
#4089=VERTEX_POINT('',#14330);
#4090=VERTEX_POINT('',#14331);
#4091=VERTEX_POINT('',#14333);
#4092=VERTEX_POINT('',#14335);
#4093=VERTEX_POINT('',#14339);
#4094=VERTEX_POINT('',#14341);
#4095=VERTEX_POINT('',#14345);
#4096=VERTEX_POINT('',#14347);
#4097=VERTEX_POINT('',#14351);
#4098=VERTEX_POINT('',#14353);
#4099=VERTEX_POINT('',#14357);
#4100=VERTEX_POINT('',#14359);
#4101=VERTEX_POINT('',#14363);
#4102=VERTEX_POINT('',#14365);
#4103=VERTEX_POINT('',#14369);
#4104=VERTEX_POINT('',#14371);
#4105=VERTEX_POINT('',#14378);
#4106=VERTEX_POINT('',#14379);
#4107=VERTEX_POINT('',#14381);
#4108=VERTEX_POINT('',#14383);
#4109=VERTEX_POINT('',#14387);
#4110=VERTEX_POINT('',#14389);
#4111=VERTEX_POINT('',#14393);
#4112=VERTEX_POINT('',#14395);
#4113=VERTEX_POINT('',#14399);
#4114=VERTEX_POINT('',#14401);
#4115=VERTEX_POINT('',#14405);
#4116=VERTEX_POINT('',#14407);
#4117=VERTEX_POINT('',#14411);
#4118=VERTEX_POINT('',#14413);
#4119=VERTEX_POINT('',#14417);
#4120=VERTEX_POINT('',#14419);
#4121=VERTEX_POINT('',#14426);
#4122=VERTEX_POINT('',#14427);
#4123=VERTEX_POINT('',#14429);
#4124=VERTEX_POINT('',#14431);
#4125=VERTEX_POINT('',#14435);
#4126=VERTEX_POINT('',#14437);
#4127=VERTEX_POINT('',#14441);
#4128=VERTEX_POINT('',#14443);
#4129=VERTEX_POINT('',#14447);
#4130=VERTEX_POINT('',#14449);
#4131=VERTEX_POINT('',#14453);
#4132=VERTEX_POINT('',#14455);
#4133=VERTEX_POINT('',#14459);
#4134=VERTEX_POINT('',#14461);
#4135=VERTEX_POINT('',#14465);
#4136=VERTEX_POINT('',#14467);
#4137=VERTEX_POINT('',#14474);
#4138=VERTEX_POINT('',#14475);
#4139=VERTEX_POINT('',#14477);
#4140=VERTEX_POINT('',#14479);
#4141=VERTEX_POINT('',#14483);
#4142=VERTEX_POINT('',#14485);
#4143=VERTEX_POINT('',#14489);
#4144=VERTEX_POINT('',#14491);
#4145=VERTEX_POINT('',#14495);
#4146=VERTEX_POINT('',#14497);
#4147=VERTEX_POINT('',#14501);
#4148=VERTEX_POINT('',#14503);
#4149=VERTEX_POINT('',#14507);
#4150=VERTEX_POINT('',#14509);
#4151=VERTEX_POINT('',#14513);
#4152=VERTEX_POINT('',#14515);
#4153=VERTEX_POINT('',#14522);
#4154=VERTEX_POINT('',#14523);
#4155=VERTEX_POINT('',#14525);
#4156=VERTEX_POINT('',#14527);
#4157=VERTEX_POINT('',#14531);
#4158=VERTEX_POINT('',#14533);
#4159=VERTEX_POINT('',#14537);
#4160=VERTEX_POINT('',#14539);
#4161=VERTEX_POINT('',#14543);
#4162=VERTEX_POINT('',#14545);
#4163=VERTEX_POINT('',#14549);
#4164=VERTEX_POINT('',#14551);
#4165=VERTEX_POINT('',#14555);
#4166=VERTEX_POINT('',#14557);
#4167=VERTEX_POINT('',#14561);
#4168=VERTEX_POINT('',#14563);
#4169=VERTEX_POINT('',#14570);
#4170=VERTEX_POINT('',#14571);
#4171=VERTEX_POINT('',#14573);
#4172=VERTEX_POINT('',#14575);
#4173=VERTEX_POINT('',#14579);
#4174=VERTEX_POINT('',#14581);
#4175=VERTEX_POINT('',#14585);
#4176=VERTEX_POINT('',#14587);
#4177=VERTEX_POINT('',#14591);
#4178=VERTEX_POINT('',#14593);
#4179=VERTEX_POINT('',#14595);
#4180=VERTEX_POINT('',#14599);
#4181=VERTEX_POINT('',#14600);
#4182=VERTEX_POINT('',#14602);
#4183=VERTEX_POINT('',#14604);
#4184=VERTEX_POINT('',#14608);
#4185=VERTEX_POINT('',#14609);
#4186=VERTEX_POINT('',#14612);
#4187=VERTEX_POINT('',#14616);
#4188=VERTEX_POINT('',#14621);
#4189=VERTEX_POINT('',#14628);
#4190=VERTEX_POINT('',#14629);
#4191=VERTEX_POINT('',#14631);
#4192=VERTEX_POINT('',#14633);
#4193=VERTEX_POINT('',#14637);
#4194=VERTEX_POINT('',#14639);
#4195=VERTEX_POINT('',#14643);
#4196=VERTEX_POINT('',#14645);
#4197=VERTEX_POINT('',#14649);
#4198=VERTEX_POINT('',#14651);
#4199=VERTEX_POINT('',#14655);
#4200=VERTEX_POINT('',#14657);
#4201=VERTEX_POINT('',#14661);
#4202=VERTEX_POINT('',#14663);
#4203=VERTEX_POINT('',#14667);
#4204=VERTEX_POINT('',#14669);
#4205=VERTEX_POINT('',#14677);
#4206=VERTEX_POINT('',#14678);
#4207=VERTEX_POINT('',#14680);
#4208=VERTEX_POINT('',#14682);
#4209=VERTEX_POINT('',#14686);
#4210=VERTEX_POINT('',#14688);
#4211=VERTEX_POINT('',#14692);
#4212=VERTEX_POINT('',#14694);
#4213=VERTEX_POINT('',#14698);
#4214=VERTEX_POINT('',#14700);
#4215=VERTEX_POINT('',#14704);
#4216=VERTEX_POINT('',#14706);
#4217=VERTEX_POINT('',#14710);
#4218=VERTEX_POINT('',#14712);
#4219=VERTEX_POINT('',#14716);
#4220=VERTEX_POINT('',#14718);
#4221=VERTEX_POINT('',#14729);
#4222=VERTEX_POINT('',#14731);
#4223=VERTEX_POINT('',#14733);
#4224=VERTEX_POINT('',#14735);
#4225=VERTEX_POINT('',#14737);
#4226=VERTEX_POINT('',#14739);
#4227=VERTEX_POINT('',#14741);
#4228=VERTEX_POINT('',#14743);
#4229=VERTEX_POINT('',#14745);
#4230=VERTEX_POINT('',#14747);
#4231=VERTEX_POINT('',#14749);
#4232=VERTEX_POINT('',#14751);
#4233=VERTEX_POINT('',#14753);
#4234=VERTEX_POINT('',#14755);
#4235=VERTEX_POINT('',#14757);
#4236=VERTEX_POINT('',#14762);
#4237=VERTEX_POINT('',#14764);
#4238=VERTEX_POINT('',#14768);
#4239=VERTEX_POINT('',#14772);
#4240=VERTEX_POINT('',#14776);
#4241=VERTEX_POINT('',#14780);
#4242=VERTEX_POINT('',#14781);
#4243=VERTEX_POINT('',#14798);
#4244=VERTEX_POINT('',#14800);
#4245=VERTEX_POINT('',#14804);
#4246=VERTEX_POINT('',#14807);
#4247=VERTEX_POINT('',#14809);
#4248=VERTEX_POINT('',#14811);
#4249=VERTEX_POINT('',#14813);
#4250=VERTEX_POINT('',#14817);
#4251=VERTEX_POINT('',#14818);
#4252=VERTEX_POINT('',#14820);
#4253=VERTEX_POINT('',#14822);
#4254=VERTEX_POINT('',#14826);
#4255=VERTEX_POINT('',#14828);
#4256=VERTEX_POINT('',#14832);
#4257=VERTEX_POINT('',#14834);
#4258=VERTEX_POINT('',#14838);
#4259=VERTEX_POINT('',#14840);
#4260=VERTEX_POINT('',#14844);
#4261=VERTEX_POINT('',#14846);
#4262=VERTEX_POINT('',#14850);
#4263=VERTEX_POINT('',#14852);
#4264=VERTEX_POINT('',#14856);
#4265=VERTEX_POINT('',#14858);
#4266=VERTEX_POINT('',#14865);
#4267=VERTEX_POINT('',#14866);
#4268=VERTEX_POINT('',#14868);
#4269=VERTEX_POINT('',#14870);
#4270=VERTEX_POINT('',#14874);
#4271=VERTEX_POINT('',#14876);
#4272=VERTEX_POINT('',#14880);
#4273=VERTEX_POINT('',#14882);
#4274=VERTEX_POINT('',#14886);
#4275=VERTEX_POINT('',#14888);
#4276=VERTEX_POINT('',#14892);
#4277=VERTEX_POINT('',#14894);
#4278=VERTEX_POINT('',#14898);
#4279=VERTEX_POINT('',#14900);
#4280=VERTEX_POINT('',#14904);
#4281=VERTEX_POINT('',#14906);
#4282=VERTEX_POINT('',#14914);
#4283=VERTEX_POINT('',#14916);
#4284=VERTEX_POINT('',#14919);
#4285=VERTEX_POINT('',#14923);
#4286=VERTEX_POINT('',#14925);
#4287=VERTEX_POINT('',#14927);
#4288=VERTEX_POINT('',#14929);
#4289=VERTEX_POINT('',#14931);
#4290=VERTEX_POINT('',#14936);
#4291=VERTEX_POINT('',#14941);
#4292=VERTEX_POINT('',#14942);
#4293=VERTEX_POINT('',#14944);
#4294=VERTEX_POINT('',#14946);
#4295=VERTEX_POINT('',#14955);
#4296=VERTEX_POINT('',#14957);
#4297=VERTEX_POINT('',#14961);
#4298=VERTEX_POINT('',#14963);
#4299=VERTEX_POINT('',#14975);
#4300=VERTEX_POINT('',#14976);
#4301=VERTEX_POINT('',#14978);
#4302=VERTEX_POINT('',#14980);
#4303=VERTEX_POINT('',#14982);
#4304=VERTEX_POINT('',#14984);
#4305=VERTEX_POINT('',#14986);
#4306=VERTEX_POINT('',#14988);
#4307=VERTEX_POINT('',#14998);
#4308=VERTEX_POINT('',#15002);
#4309=VERTEX_POINT('',#15030);
#4310=VERTEX_POINT('',#15033);
#4311=VERTEX_POINT('',#15034);
#4312=VERTEX_POINT('',#15036);
#4313=VERTEX_POINT('',#15051);
#4314=VERTEX_POINT('',#15076);
#4315=VERTEX_POINT('',#15078);
#4316=VERTEX_POINT('',#15082);
#4317=VERTEX_POINT('',#15083);
#4318=VERTEX_POINT('',#15099);
#4319=VERTEX_POINT('',#15101);
#4320=VERTEX_POINT('',#15103);
#4321=VERTEX_POINT('',#15107);
#4322=VERTEX_POINT('',#15109);
#4323=VERTEX_POINT('',#15111);
#4324=VERTEX_POINT('',#15113);
#4325=VERTEX_POINT('',#15115);
#4326=VERTEX_POINT('',#15120);
#4327=VERTEX_POINT('',#15121);
#4328=VERTEX_POINT('',#15123);
#4329=VERTEX_POINT('',#15138);
#4330=VERTEX_POINT('',#15163);
#4331=VERTEX_POINT('',#15165);
#4332=VERTEX_POINT('',#15169);
#4333=VERTEX_POINT('',#15170);
#4334=VERTEX_POINT('',#15186);
#4335=VERTEX_POINT('',#15188);
#4336=VERTEX_POINT('',#15190);
#4337=VERTEX_POINT('',#15194);
#4338=VERTEX_POINT('',#15196);
#4339=VERTEX_POINT('',#15198);
#4340=VERTEX_POINT('',#15200);
#4341=VERTEX_POINT('',#15202);
#4342=VERTEX_POINT('',#15207);
#4343=VERTEX_POINT('',#15211);
#4344=VERTEX_POINT('',#15221);
#4345=VERTEX_POINT('',#15225);
#4346=VERTEX_POINT('',#15239);
#4347=EDGE_CURVE('',#3481,#3482,#1781,.T.);
#4348=EDGE_CURVE('',#3481,#3483,#1782,.T.);
#4349=EDGE_CURVE('',#3483,#3484,#1783,.T.);
#4350=EDGE_CURVE('',#3482,#3484,#1784,.T.);
#4351=EDGE_CURVE('',#3485,#3481,#149,.T.);
#4352=EDGE_CURVE('',#3485,#3486,#1785,.T.);
#4353=EDGE_CURVE('',#3486,#3483,#150,.T.);
#4354=EDGE_CURVE('',#3487,#3485,#1786,.T.);
#4355=EDGE_CURVE('',#3487,#3488,#1787,.T.);
#4356=EDGE_CURVE('',#3488,#3486,#1788,.T.);
#4357=EDGE_CURVE('',#3489,#3487,#151,.T.);
#4358=EDGE_CURVE('',#3489,#3490,#1789,.T.);
#4359=EDGE_CURVE('',#3490,#3488,#152,.T.);
#4360=EDGE_CURVE('',#3491,#3489,#1790,.T.);
#4361=EDGE_CURVE('',#3491,#3492,#1791,.T.);
#4362=EDGE_CURVE('',#3492,#3490,#1792,.T.);
#4363=EDGE_CURVE('',#3493,#3491,#153,.T.);
#4364=EDGE_CURVE('',#3493,#3494,#1793,.T.);
#4365=EDGE_CURVE('',#3494,#3492,#154,.T.);
#4366=EDGE_CURVE('',#3495,#3493,#1794,.T.);
#4367=EDGE_CURVE('',#3495,#3496,#1795,.T.);
#4368=EDGE_CURVE('',#3496,#3494,#1796,.T.);
#4369=EDGE_CURVE('',#3482,#3495,#155,.T.);
#4370=EDGE_CURVE('',#3484,#3496,#156,.T.);
#4371=EDGE_CURVE('',#3497,#3498,#157,.T.);
#4372=EDGE_CURVE('',#3499,#3497,#1797,.T.);
#4373=EDGE_CURVE('',#3500,#3499,#158,.T.);
#4374=EDGE_CURVE('',#3500,#3498,#1798,.T.);
#4375=EDGE_CURVE('',#3498,#3501,#1799,.T.);
#4376=EDGE_CURVE('',#3502,#3500,#1800,.T.);
#4377=EDGE_CURVE('',#3502,#3501,#1801,.T.);
#4378=EDGE_CURVE('',#3501,#3503,#159,.T.);
#4379=EDGE_CURVE('',#3504,#3502,#160,.T.);
#4380=EDGE_CURVE('',#3504,#3503,#1802,.T.);
#4381=EDGE_CURVE('',#3503,#3505,#1803,.T.);
#4382=EDGE_CURVE('',#3506,#3504,#1804,.T.);
#4383=EDGE_CURVE('',#3506,#3507,#1805,.T.);
#4384=EDGE_CURVE('',#3505,#3507,#1806,.T.);
#4385=EDGE_CURVE('',#3508,#3509,#1807,.T.);
#4386=EDGE_CURVE('',#3508,#3510,#1808,.T.);
#4387=EDGE_CURVE('',#3510,#3511,#1809,.T.);
#4388=EDGE_CURVE('',#3509,#3511,#1810,.T.);
#4389=EDGE_CURVE('',#3512,#3513,#128,.T.);
#4390=EDGE_CURVE('',#3512,#3510,#161,.T.);
#4391=EDGE_CURVE('',#3514,#3508,#162,.T.);
#4392=EDGE_CURVE('',#3514,#3513,#1811,.T.);
#4393=EDGE_CURVE('',#3515,#3497,#1812,.T.);
#4394=EDGE_CURVE('',#3513,#3515,#1813,.T.);
#4395=EDGE_CURVE('',#3499,#3514,#1814,.T.);
#4396=EDGE_CURVE('',#3507,#3516,#129,.T.);
#4397=EDGE_CURVE('',#3509,#3506,#163,.T.);
#4398=EDGE_CURVE('',#3511,#3516,#164,.T.);
#4399=EDGE_CURVE('',#3516,#3512,#1815,.T.);
#4400=EDGE_CURVE('',#3517,#3518,#1816,.T.);
#4401=EDGE_CURVE('',#3519,#3517,#1817,.T.);
#4402=EDGE_CURVE('',#3520,#3519,#1818,.T.);
#4403=EDGE_CURVE('',#3520,#3518,#1819,.T.);
#4404=EDGE_CURVE('',#3518,#3521,#165,.T.);
#4405=EDGE_CURVE('',#3522,#3520,#166,.T.);
#4406=EDGE_CURVE('',#3522,#3521,#1820,.T.);
#4407=EDGE_CURVE('',#3521,#3523,#1821,.T.);
#4408=EDGE_CURVE('',#3524,#3522,#1822,.T.);
#4409=EDGE_CURVE('',#3524,#3523,#1823,.T.);
#4410=EDGE_CURVE('',#3523,#3525,#167,.T.);
#4411=EDGE_CURVE('',#3526,#3524,#168,.T.);
#4412=EDGE_CURVE('',#3526,#3525,#1824,.T.);
#4413=EDGE_CURVE('',#3525,#3527,#1825,.T.);
#4414=EDGE_CURVE('',#3528,#3526,#1826,.T.);
#4415=EDGE_CURVE('',#3528,#3527,#1827,.T.);
#4416=EDGE_CURVE('',#3527,#3529,#169,.T.);
#4417=EDGE_CURVE('',#3530,#3528,#170,.T.);
#4418=EDGE_CURVE('',#3530,#3529,#1828,.T.);
#4419=EDGE_CURVE('',#3529,#3531,#1829,.T.);
#4420=EDGE_CURVE('',#3532,#3530,#1830,.T.);
#4421=EDGE_CURVE('',#3532,#3531,#1831,.T.);
#4422=EDGE_CURVE('',#3531,#3517,#171,.T.);
#4423=EDGE_CURVE('',#3519,#3532,#172,.T.);
#4424=EDGE_CURVE('',#3533,#3534,#1832,.T.);
#4425=EDGE_CURVE('',#3535,#3533,#1833,.T.);
#4426=EDGE_CURVE('',#3536,#3535,#1834,.T.);
#4427=EDGE_CURVE('',#3536,#3534,#1835,.T.);
#4428=EDGE_CURVE('',#3534,#3537,#173,.T.);
#4429=EDGE_CURVE('',#3538,#3536,#174,.T.);
#4430=EDGE_CURVE('',#3538,#3537,#1836,.T.);
#4431=EDGE_CURVE('',#3537,#3539,#1837,.T.);
#4432=EDGE_CURVE('',#3540,#3538,#1838,.T.);
#4433=EDGE_CURVE('',#3540,#3539,#1839,.T.);
#4434=EDGE_CURVE('',#3539,#3541,#175,.T.);
#4435=EDGE_CURVE('',#3542,#3540,#176,.T.);
#4436=EDGE_CURVE('',#3542,#3541,#1840,.T.);
#4437=EDGE_CURVE('',#3541,#3543,#1841,.T.);
#4438=EDGE_CURVE('',#3544,#3542,#1842,.T.);
#4439=EDGE_CURVE('',#3544,#3543,#1843,.T.);
#4440=EDGE_CURVE('',#3543,#3545,#177,.T.);
#4441=EDGE_CURVE('',#3546,#3544,#178,.T.);
#4442=EDGE_CURVE('',#3546,#3545,#1844,.T.);
#4443=EDGE_CURVE('',#3545,#3547,#1845,.T.);
#4444=EDGE_CURVE('',#3548,#3546,#1846,.T.);
#4445=EDGE_CURVE('',#3548,#3547,#1847,.T.);
#4446=EDGE_CURVE('',#3547,#3533,#179,.T.);
#4447=EDGE_CURVE('',#3535,#3548,#180,.T.);
#4448=EDGE_CURVE('',#3549,#3550,#1848,.T.);
#4449=EDGE_CURVE('',#3551,#3549,#1849,.T.);
#4450=EDGE_CURVE('',#3552,#3551,#1850,.T.);
#4451=EDGE_CURVE('',#3552,#3550,#1851,.T.);
#4452=EDGE_CURVE('',#3550,#3553,#181,.T.);
#4453=EDGE_CURVE('',#3554,#3552,#182,.T.);
#4454=EDGE_CURVE('',#3554,#3553,#1852,.T.);
#4455=EDGE_CURVE('',#3553,#3555,#1853,.T.);
#4456=EDGE_CURVE('',#3556,#3554,#1854,.T.);
#4457=EDGE_CURVE('',#3556,#3555,#1855,.T.);
#4458=EDGE_CURVE('',#3555,#3557,#183,.T.);
#4459=EDGE_CURVE('',#3558,#3556,#184,.T.);
#4460=EDGE_CURVE('',#3558,#3557,#1856,.T.);
#4461=EDGE_CURVE('',#3557,#3559,#1857,.T.);
#4462=EDGE_CURVE('',#3560,#3558,#1858,.T.);
#4463=EDGE_CURVE('',#3560,#3559,#1859,.T.);
#4464=EDGE_CURVE('',#3559,#3561,#185,.T.);
#4465=EDGE_CURVE('',#3562,#3560,#186,.T.);
#4466=EDGE_CURVE('',#3562,#3561,#1860,.T.);
#4467=EDGE_CURVE('',#3561,#3563,#1861,.T.);
#4468=EDGE_CURVE('',#3564,#3562,#1862,.T.);
#4469=EDGE_CURVE('',#3564,#3563,#1863,.T.);
#4470=EDGE_CURVE('',#3563,#3549,#187,.T.);
#4471=EDGE_CURVE('',#3551,#3564,#188,.T.);
#4472=EDGE_CURVE('',#3565,#3566,#1864,.T.);
#4473=EDGE_CURVE('',#3567,#3565,#1865,.T.);
#4474=EDGE_CURVE('',#3568,#3567,#1866,.T.);
#4475=EDGE_CURVE('',#3568,#3566,#1867,.T.);
#4476=EDGE_CURVE('',#3566,#3569,#189,.T.);
#4477=EDGE_CURVE('',#3570,#3568,#190,.T.);
#4478=EDGE_CURVE('',#3570,#3569,#1868,.T.);
#4479=EDGE_CURVE('',#3569,#3571,#1869,.T.);
#4480=EDGE_CURVE('',#3572,#3570,#1870,.T.);
#4481=EDGE_CURVE('',#3572,#3571,#1871,.T.);
#4482=EDGE_CURVE('',#3571,#3573,#191,.T.);
#4483=EDGE_CURVE('',#3574,#3572,#192,.T.);
#4484=EDGE_CURVE('',#3574,#3573,#1872,.T.);
#4485=EDGE_CURVE('',#3573,#3575,#1873,.T.);
#4486=EDGE_CURVE('',#3576,#3574,#1874,.T.);
#4487=EDGE_CURVE('',#3576,#3575,#1875,.T.);
#4488=EDGE_CURVE('',#3575,#3577,#193,.T.);
#4489=EDGE_CURVE('',#3578,#3576,#194,.T.);
#4490=EDGE_CURVE('',#3578,#3577,#1876,.T.);
#4491=EDGE_CURVE('',#3577,#3579,#1877,.T.);
#4492=EDGE_CURVE('',#3580,#3578,#1878,.T.);
#4493=EDGE_CURVE('',#3580,#3579,#1879,.T.);
#4494=EDGE_CURVE('',#3579,#3565,#195,.T.);
#4495=EDGE_CURVE('',#3567,#3580,#196,.T.);
#4496=EDGE_CURVE('',#3581,#3582,#1880,.T.);
#4497=EDGE_CURVE('',#3583,#3581,#1881,.T.);
#4498=EDGE_CURVE('',#3584,#3583,#1882,.T.);
#4499=EDGE_CURVE('',#3584,#3582,#1883,.T.);
#4500=EDGE_CURVE('',#3582,#3585,#197,.T.);
#4501=EDGE_CURVE('',#3586,#3584,#198,.T.);
#4502=EDGE_CURVE('',#3586,#3585,#1884,.T.);
#4503=EDGE_CURVE('',#3585,#3587,#1885,.T.);
#4504=EDGE_CURVE('',#3588,#3586,#1886,.T.);
#4505=EDGE_CURVE('',#3588,#3587,#1887,.T.);
#4506=EDGE_CURVE('',#3587,#3589,#199,.T.);
#4507=EDGE_CURVE('',#3590,#3588,#200,.T.);
#4508=EDGE_CURVE('',#3590,#3589,#1888,.T.);
#4509=EDGE_CURVE('',#3589,#3591,#1889,.T.);
#4510=EDGE_CURVE('',#3592,#3590,#1890,.T.);
#4511=EDGE_CURVE('',#3592,#3591,#1891,.T.);
#4512=EDGE_CURVE('',#3591,#3593,#201,.T.);
#4513=EDGE_CURVE('',#3594,#3592,#202,.T.);
#4514=EDGE_CURVE('',#3594,#3593,#1892,.T.);
#4515=EDGE_CURVE('',#3593,#3595,#1893,.T.);
#4516=EDGE_CURVE('',#3596,#3594,#1894,.T.);
#4517=EDGE_CURVE('',#3596,#3595,#1895,.T.);
#4518=EDGE_CURVE('',#3595,#3581,#203,.T.);
#4519=EDGE_CURVE('',#3583,#3596,#204,.T.);
#4520=EDGE_CURVE('',#3597,#3598,#1896,.T.);
#4521=EDGE_CURVE('',#3599,#3597,#1897,.T.);
#4522=EDGE_CURVE('',#3600,#3599,#1898,.T.);
#4523=EDGE_CURVE('',#3600,#3598,#1899,.T.);
#4524=EDGE_CURVE('',#3598,#3601,#205,.T.);
#4525=EDGE_CURVE('',#3602,#3600,#206,.T.);
#4526=EDGE_CURVE('',#3602,#3601,#1900,.T.);
#4527=EDGE_CURVE('',#3601,#3603,#1901,.T.);
#4528=EDGE_CURVE('',#3604,#3602,#1902,.T.);
#4529=EDGE_CURVE('',#3604,#3603,#1903,.T.);
#4530=EDGE_CURVE('',#3603,#3605,#207,.T.);
#4531=EDGE_CURVE('',#3606,#3604,#208,.T.);
#4532=EDGE_CURVE('',#3606,#3605,#1904,.T.);
#4533=EDGE_CURVE('',#3605,#3607,#1905,.T.);
#4534=EDGE_CURVE('',#3608,#3606,#1906,.T.);
#4535=EDGE_CURVE('',#3608,#3607,#1907,.T.);
#4536=EDGE_CURVE('',#3607,#3609,#209,.T.);
#4537=EDGE_CURVE('',#3610,#3608,#210,.T.);
#4538=EDGE_CURVE('',#3610,#3609,#1908,.T.);
#4539=EDGE_CURVE('',#3609,#3611,#1909,.T.);
#4540=EDGE_CURVE('',#3612,#3610,#1910,.T.);
#4541=EDGE_CURVE('',#3612,#3611,#1911,.T.);
#4542=EDGE_CURVE('',#3611,#3597,#211,.T.);
#4543=EDGE_CURVE('',#3599,#3612,#212,.T.);
#4544=EDGE_CURVE('',#3613,#3614,#1912,.T.);
#4545=EDGE_CURVE('',#3615,#3613,#1913,.T.);
#4546=EDGE_CURVE('',#3616,#3615,#1914,.T.);
#4547=EDGE_CURVE('',#3616,#3614,#1915,.T.);
#4548=EDGE_CURVE('',#3614,#3617,#213,.T.);
#4549=EDGE_CURVE('',#3618,#3616,#214,.T.);
#4550=EDGE_CURVE('',#3618,#3617,#1916,.T.);
#4551=EDGE_CURVE('',#3617,#3619,#1917,.T.);
#4552=EDGE_CURVE('',#3620,#3618,#1918,.T.);
#4553=EDGE_CURVE('',#3620,#3619,#1919,.T.);
#4554=EDGE_CURVE('',#3619,#3621,#215,.T.);
#4555=EDGE_CURVE('',#3622,#3620,#216,.T.);
#4556=EDGE_CURVE('',#3622,#3621,#1920,.T.);
#4557=EDGE_CURVE('',#3621,#3623,#1921,.T.);
#4558=EDGE_CURVE('',#3624,#3622,#1922,.T.);
#4559=EDGE_CURVE('',#3624,#3623,#1923,.T.);
#4560=EDGE_CURVE('',#3623,#3625,#217,.T.);
#4561=EDGE_CURVE('',#3626,#3624,#218,.T.);
#4562=EDGE_CURVE('',#3626,#3625,#1924,.T.);
#4563=EDGE_CURVE('',#3625,#3627,#1925,.T.);
#4564=EDGE_CURVE('',#3628,#3626,#1926,.T.);
#4565=EDGE_CURVE('',#3628,#3627,#1927,.T.);
#4566=EDGE_CURVE('',#3627,#3613,#219,.T.);
#4567=EDGE_CURVE('',#3615,#3628,#220,.T.);
#4568=EDGE_CURVE('',#3629,#3630,#1928,.T.);
#4569=EDGE_CURVE('',#3631,#3629,#1929,.T.);
#4570=EDGE_CURVE('',#3632,#3631,#1930,.T.);
#4571=EDGE_CURVE('',#3632,#3630,#1931,.T.);
#4572=EDGE_CURVE('',#3630,#3633,#221,.T.);
#4573=EDGE_CURVE('',#3634,#3632,#222,.T.);
#4574=EDGE_CURVE('',#3634,#3633,#1932,.T.);
#4575=EDGE_CURVE('',#3633,#3635,#1933,.T.);
#4576=EDGE_CURVE('',#3636,#3634,#1934,.T.);
#4577=EDGE_CURVE('',#3636,#3635,#1935,.T.);
#4578=EDGE_CURVE('',#3635,#3637,#223,.T.);
#4579=EDGE_CURVE('',#3638,#3636,#224,.T.);
#4580=EDGE_CURVE('',#3638,#3637,#1936,.T.);
#4581=EDGE_CURVE('',#3637,#3639,#1937,.T.);
#4582=EDGE_CURVE('',#3640,#3638,#1938,.T.);
#4583=EDGE_CURVE('',#3640,#3639,#1939,.T.);
#4584=EDGE_CURVE('',#3639,#3641,#225,.T.);
#4585=EDGE_CURVE('',#3642,#3640,#226,.T.);
#4586=EDGE_CURVE('',#3642,#3641,#1940,.T.);
#4587=EDGE_CURVE('',#3641,#3643,#1941,.T.);
#4588=EDGE_CURVE('',#3644,#3642,#1942,.T.);
#4589=EDGE_CURVE('',#3644,#3643,#1943,.T.);
#4590=EDGE_CURVE('',#3643,#3629,#227,.T.);
#4591=EDGE_CURVE('',#3631,#3644,#228,.T.);
#4592=EDGE_CURVE('',#3645,#3646,#1944,.T.);
#4593=EDGE_CURVE('',#3647,#3645,#1945,.T.);
#4594=EDGE_CURVE('',#3648,#3647,#1946,.T.);
#4595=EDGE_CURVE('',#3648,#3646,#1947,.T.);
#4596=EDGE_CURVE('',#3646,#3649,#229,.T.);
#4597=EDGE_CURVE('',#3650,#3648,#230,.T.);
#4598=EDGE_CURVE('',#3650,#3649,#1948,.T.);
#4599=EDGE_CURVE('',#3649,#3651,#1949,.T.);
#4600=EDGE_CURVE('',#3652,#3650,#1950,.T.);
#4601=EDGE_CURVE('',#3652,#3651,#1951,.T.);
#4602=EDGE_CURVE('',#3651,#3653,#231,.T.);
#4603=EDGE_CURVE('',#3654,#3652,#232,.T.);
#4604=EDGE_CURVE('',#3654,#3653,#1952,.T.);
#4605=EDGE_CURVE('',#3653,#3655,#1953,.T.);
#4606=EDGE_CURVE('',#3656,#3654,#1954,.T.);
#4607=EDGE_CURVE('',#3656,#3655,#1955,.T.);
#4608=EDGE_CURVE('',#3655,#3657,#233,.T.);
#4609=EDGE_CURVE('',#3658,#3656,#234,.T.);
#4610=EDGE_CURVE('',#3658,#3657,#1956,.T.);
#4611=EDGE_CURVE('',#3657,#3659,#1957,.T.);
#4612=EDGE_CURVE('',#3660,#3658,#1958,.T.);
#4613=EDGE_CURVE('',#3660,#3659,#1959,.T.);
#4614=EDGE_CURVE('',#3659,#3645,#235,.T.);
#4615=EDGE_CURVE('',#3647,#3660,#236,.T.);
#4616=EDGE_CURVE('',#3661,#3662,#1960,.T.);
#4617=EDGE_CURVE('',#3663,#3661,#1961,.T.);
#4618=EDGE_CURVE('',#3664,#3663,#1962,.T.);
#4619=EDGE_CURVE('',#3664,#3662,#1963,.T.);
#4620=EDGE_CURVE('',#3662,#3665,#237,.T.);
#4621=EDGE_CURVE('',#3666,#3664,#238,.T.);
#4622=EDGE_CURVE('',#3666,#3665,#1964,.T.);
#4623=EDGE_CURVE('',#3665,#3667,#1965,.T.);
#4624=EDGE_CURVE('',#3668,#3666,#1966,.T.);
#4625=EDGE_CURVE('',#3668,#3667,#1967,.T.);
#4626=EDGE_CURVE('',#3667,#3669,#239,.T.);
#4627=EDGE_CURVE('',#3670,#3668,#240,.T.);
#4628=EDGE_CURVE('',#3670,#3669,#1968,.T.);
#4629=EDGE_CURVE('',#3669,#3671,#1969,.T.);
#4630=EDGE_CURVE('',#3672,#3670,#1970,.T.);
#4631=EDGE_CURVE('',#3672,#3671,#1971,.T.);
#4632=EDGE_CURVE('',#3671,#3673,#241,.T.);
#4633=EDGE_CURVE('',#3674,#3672,#242,.T.);
#4634=EDGE_CURVE('',#3674,#3673,#1972,.T.);
#4635=EDGE_CURVE('',#3673,#3675,#1973,.T.);
#4636=EDGE_CURVE('',#3676,#3674,#1974,.T.);
#4637=EDGE_CURVE('',#3676,#3675,#1975,.T.);
#4638=EDGE_CURVE('',#3675,#3661,#243,.T.);
#4639=EDGE_CURVE('',#3663,#3676,#244,.T.);
#4640=EDGE_CURVE('',#3677,#3678,#1976,.T.);
#4641=EDGE_CURVE('',#3679,#3677,#1977,.T.);
#4642=EDGE_CURVE('',#3680,#3679,#1978,.T.);
#4643=EDGE_CURVE('',#3680,#3678,#1979,.T.);
#4644=EDGE_CURVE('',#3678,#3681,#245,.T.);
#4645=EDGE_CURVE('',#3682,#3680,#246,.T.);
#4646=EDGE_CURVE('',#3682,#3681,#1980,.T.);
#4647=EDGE_CURVE('',#3681,#3683,#1981,.T.);
#4648=EDGE_CURVE('',#3684,#3682,#1982,.T.);
#4649=EDGE_CURVE('',#3684,#3683,#1983,.T.);
#4650=EDGE_CURVE('',#3683,#3685,#247,.T.);
#4651=EDGE_CURVE('',#3686,#3684,#248,.T.);
#4652=EDGE_CURVE('',#3686,#3685,#1984,.T.);
#4653=EDGE_CURVE('',#3685,#3687,#1985,.T.);
#4654=EDGE_CURVE('',#3688,#3686,#1986,.T.);
#4655=EDGE_CURVE('',#3688,#3687,#1987,.T.);
#4656=EDGE_CURVE('',#3687,#3689,#249,.T.);
#4657=EDGE_CURVE('',#3690,#3688,#250,.T.);
#4658=EDGE_CURVE('',#3690,#3689,#1988,.T.);
#4659=EDGE_CURVE('',#3689,#3691,#1989,.T.);
#4660=EDGE_CURVE('',#3692,#3690,#1990,.T.);
#4661=EDGE_CURVE('',#3692,#3691,#1991,.T.);
#4662=EDGE_CURVE('',#3691,#3677,#251,.T.);
#4663=EDGE_CURVE('',#3679,#3692,#252,.T.);
#4664=EDGE_CURVE('',#3693,#3694,#1992,.T.);
#4665=EDGE_CURVE('',#3695,#3693,#1993,.T.);
#4666=EDGE_CURVE('',#3696,#3695,#1994,.T.);
#4667=EDGE_CURVE('',#3696,#3694,#1995,.T.);
#4668=EDGE_CURVE('',#3694,#3697,#253,.T.);
#4669=EDGE_CURVE('',#3698,#3696,#254,.T.);
#4670=EDGE_CURVE('',#3698,#3697,#1996,.T.);
#4671=EDGE_CURVE('',#3697,#3699,#1997,.T.);
#4672=EDGE_CURVE('',#3700,#3698,#1998,.T.);
#4673=EDGE_CURVE('',#3700,#3699,#1999,.T.);
#4674=EDGE_CURVE('',#3699,#3701,#255,.T.);
#4675=EDGE_CURVE('',#3702,#3700,#256,.T.);
#4676=EDGE_CURVE('',#3702,#3701,#2000,.T.);
#4677=EDGE_CURVE('',#3701,#3703,#2001,.T.);
#4678=EDGE_CURVE('',#3704,#3702,#2002,.T.);
#4679=EDGE_CURVE('',#3704,#3703,#2003,.T.);
#4680=EDGE_CURVE('',#3703,#3705,#257,.T.);
#4681=EDGE_CURVE('',#3706,#3704,#258,.T.);
#4682=EDGE_CURVE('',#3706,#3705,#2004,.T.);
#4683=EDGE_CURVE('',#3705,#3707,#2005,.T.);
#4684=EDGE_CURVE('',#3708,#3706,#2006,.T.);
#4685=EDGE_CURVE('',#3708,#3707,#2007,.T.);
#4686=EDGE_CURVE('',#3707,#3693,#259,.T.);
#4687=EDGE_CURVE('',#3695,#3708,#260,.T.);
#4688=EDGE_CURVE('',#3709,#3710,#2008,.T.);
#4689=EDGE_CURVE('',#3711,#3709,#2009,.T.);
#4690=EDGE_CURVE('',#3712,#3711,#2010,.T.);
#4691=EDGE_CURVE('',#3712,#3710,#2011,.T.);
#4692=EDGE_CURVE('',#3710,#3713,#261,.T.);
#4693=EDGE_CURVE('',#3714,#3712,#262,.T.);
#4694=EDGE_CURVE('',#3714,#3713,#2012,.T.);
#4695=EDGE_CURVE('',#3713,#3715,#2013,.T.);
#4696=EDGE_CURVE('',#3716,#3714,#2014,.T.);
#4697=EDGE_CURVE('',#3716,#3715,#2015,.T.);
#4698=EDGE_CURVE('',#3715,#3717,#263,.T.);
#4699=EDGE_CURVE('',#3718,#3716,#264,.T.);
#4700=EDGE_CURVE('',#3718,#3717,#2016,.T.);
#4701=EDGE_CURVE('',#3717,#3719,#2017,.T.);
#4702=EDGE_CURVE('',#3720,#3718,#2018,.T.);
#4703=EDGE_CURVE('',#3720,#3719,#2019,.T.);
#4704=EDGE_CURVE('',#3719,#3721,#265,.T.);
#4705=EDGE_CURVE('',#3722,#3720,#266,.T.);
#4706=EDGE_CURVE('',#3722,#3721,#2020,.T.);
#4707=EDGE_CURVE('',#3721,#3723,#2021,.T.);
#4708=EDGE_CURVE('',#3724,#3722,#2022,.T.);
#4709=EDGE_CURVE('',#3724,#3723,#2023,.T.);
#4710=EDGE_CURVE('',#3723,#3709,#267,.T.);
#4711=EDGE_CURVE('',#3711,#3724,#268,.T.);
#4712=EDGE_CURVE('',#3725,#3726,#2024,.T.);
#4713=EDGE_CURVE('',#3727,#3725,#2025,.T.);
#4714=EDGE_CURVE('',#3728,#3727,#2026,.T.);
#4715=EDGE_CURVE('',#3728,#3726,#2027,.T.);
#4716=EDGE_CURVE('',#3726,#3729,#269,.T.);
#4717=EDGE_CURVE('',#3730,#3728,#270,.T.);
#4718=EDGE_CURVE('',#3730,#3729,#2028,.T.);
#4719=EDGE_CURVE('',#3729,#3731,#2029,.T.);
#4720=EDGE_CURVE('',#3732,#3730,#2030,.T.);
#4721=EDGE_CURVE('',#3732,#3731,#2031,.T.);
#4722=EDGE_CURVE('',#3731,#3733,#271,.T.);
#4723=EDGE_CURVE('',#3734,#3732,#272,.T.);
#4724=EDGE_CURVE('',#3734,#3733,#2032,.T.);
#4725=EDGE_CURVE('',#3733,#3735,#2033,.T.);
#4726=EDGE_CURVE('',#3736,#3734,#2034,.T.);
#4727=EDGE_CURVE('',#3736,#3735,#2035,.T.);
#4728=EDGE_CURVE('',#3735,#3737,#273,.T.);
#4729=EDGE_CURVE('',#3738,#3736,#274,.T.);
#4730=EDGE_CURVE('',#3738,#3737,#2036,.T.);
#4731=EDGE_CURVE('',#3737,#3739,#2037,.T.);
#4732=EDGE_CURVE('',#3740,#3738,#2038,.T.);
#4733=EDGE_CURVE('',#3740,#3739,#2039,.T.);
#4734=EDGE_CURVE('',#3739,#3725,#275,.T.);
#4735=EDGE_CURVE('',#3727,#3740,#276,.T.);
#4736=EDGE_CURVE('',#3741,#3742,#2040,.T.);
#4737=EDGE_CURVE('',#3743,#3741,#2041,.T.);
#4738=EDGE_CURVE('',#3744,#3743,#2042,.T.);
#4739=EDGE_CURVE('',#3744,#3742,#2043,.T.);
#4740=EDGE_CURVE('',#3742,#3745,#277,.T.);
#4741=EDGE_CURVE('',#3746,#3744,#278,.T.);
#4742=EDGE_CURVE('',#3746,#3745,#2044,.T.);
#4743=EDGE_CURVE('',#3745,#3747,#2045,.T.);
#4744=EDGE_CURVE('',#3748,#3746,#2046,.T.);
#4745=EDGE_CURVE('',#3748,#3747,#2047,.T.);
#4746=EDGE_CURVE('',#3747,#3749,#279,.T.);
#4747=EDGE_CURVE('',#3750,#3748,#280,.T.);
#4748=EDGE_CURVE('',#3750,#3749,#2048,.T.);
#4749=EDGE_CURVE('',#3749,#3751,#2049,.T.);
#4750=EDGE_CURVE('',#3752,#3750,#2050,.T.);
#4751=EDGE_CURVE('',#3752,#3751,#2051,.T.);
#4752=EDGE_CURVE('',#3751,#3753,#281,.T.);
#4753=EDGE_CURVE('',#3754,#3752,#282,.T.);
#4754=EDGE_CURVE('',#3754,#3753,#2052,.T.);
#4755=EDGE_CURVE('',#3753,#3755,#2053,.T.);
#4756=EDGE_CURVE('',#3756,#3754,#2054,.T.);
#4757=EDGE_CURVE('',#3756,#3755,#2055,.T.);
#4758=EDGE_CURVE('',#3755,#3741,#283,.T.);
#4759=EDGE_CURVE('',#3743,#3756,#284,.T.);
#4760=EDGE_CURVE('',#3757,#3758,#2056,.T.);
#4761=EDGE_CURVE('',#3759,#3757,#2057,.T.);
#4762=EDGE_CURVE('',#3760,#3759,#2058,.T.);
#4763=EDGE_CURVE('',#3760,#3758,#2059,.T.);
#4764=EDGE_CURVE('',#3758,#3761,#285,.T.);
#4765=EDGE_CURVE('',#3762,#3760,#286,.T.);
#4766=EDGE_CURVE('',#3762,#3761,#2060,.T.);
#4767=EDGE_CURVE('',#3761,#3763,#2061,.T.);
#4768=EDGE_CURVE('',#3764,#3762,#2062,.T.);
#4769=EDGE_CURVE('',#3764,#3763,#2063,.T.);
#4770=EDGE_CURVE('',#3763,#3765,#287,.T.);
#4771=EDGE_CURVE('',#3766,#3764,#288,.T.);
#4772=EDGE_CURVE('',#3766,#3765,#2064,.T.);
#4773=EDGE_CURVE('',#3765,#3767,#2065,.T.);
#4774=EDGE_CURVE('',#3768,#3766,#2066,.T.);
#4775=EDGE_CURVE('',#3768,#3767,#2067,.T.);
#4776=EDGE_CURVE('',#3767,#3769,#289,.T.);
#4777=EDGE_CURVE('',#3770,#3768,#290,.T.);
#4778=EDGE_CURVE('',#3770,#3769,#2068,.T.);
#4779=EDGE_CURVE('',#3769,#3771,#2069,.T.);
#4780=EDGE_CURVE('',#3772,#3770,#2070,.T.);
#4781=EDGE_CURVE('',#3772,#3771,#2071,.T.);
#4782=EDGE_CURVE('',#3771,#3757,#291,.T.);
#4783=EDGE_CURVE('',#3759,#3772,#292,.T.);
#4784=EDGE_CURVE('',#3773,#3774,#2072,.T.);
#4785=EDGE_CURVE('',#3775,#3773,#2073,.T.);
#4786=EDGE_CURVE('',#3776,#3775,#2074,.T.);
#4787=EDGE_CURVE('',#3776,#3774,#2075,.T.);
#4788=EDGE_CURVE('',#3774,#3777,#293,.T.);
#4789=EDGE_CURVE('',#3778,#3776,#294,.T.);
#4790=EDGE_CURVE('',#3778,#3777,#2076,.T.);
#4791=EDGE_CURVE('',#3777,#3779,#2077,.T.);
#4792=EDGE_CURVE('',#3780,#3778,#2078,.T.);
#4793=EDGE_CURVE('',#3780,#3779,#2079,.T.);
#4794=EDGE_CURVE('',#3779,#3781,#295,.T.);
#4795=EDGE_CURVE('',#3782,#3780,#296,.T.);
#4796=EDGE_CURVE('',#3782,#3781,#2080,.T.);
#4797=EDGE_CURVE('',#3781,#3783,#2081,.T.);
#4798=EDGE_CURVE('',#3784,#3782,#2082,.T.);
#4799=EDGE_CURVE('',#3784,#3783,#2083,.T.);
#4800=EDGE_CURVE('',#3783,#3785,#297,.T.);
#4801=EDGE_CURVE('',#3786,#3784,#298,.T.);
#4802=EDGE_CURVE('',#3786,#3785,#2084,.T.);
#4803=EDGE_CURVE('',#3785,#3787,#2085,.T.);
#4804=EDGE_CURVE('',#3788,#3786,#2086,.T.);
#4805=EDGE_CURVE('',#3788,#3787,#2087,.T.);
#4806=EDGE_CURVE('',#3787,#3773,#299,.T.);
#4807=EDGE_CURVE('',#3775,#3788,#300,.T.);
#4808=EDGE_CURVE('',#3789,#3790,#2088,.T.);
#4809=EDGE_CURVE('',#3791,#3789,#2089,.T.);
#4810=EDGE_CURVE('',#3792,#3791,#2090,.T.);
#4811=EDGE_CURVE('',#3792,#3790,#2091,.T.);
#4812=EDGE_CURVE('',#3790,#3793,#301,.T.);
#4813=EDGE_CURVE('',#3794,#3792,#302,.T.);
#4814=EDGE_CURVE('',#3794,#3793,#2092,.T.);
#4815=EDGE_CURVE('',#3793,#3795,#2093,.T.);
#4816=EDGE_CURVE('',#3796,#3794,#2094,.T.);
#4817=EDGE_CURVE('',#3796,#3795,#2095,.T.);
#4818=EDGE_CURVE('',#3795,#3797,#303,.T.);
#4819=EDGE_CURVE('',#3798,#3796,#304,.T.);
#4820=EDGE_CURVE('',#3798,#3797,#2096,.T.);
#4821=EDGE_CURVE('',#3797,#3799,#2097,.T.);
#4822=EDGE_CURVE('',#3800,#3798,#2098,.T.);
#4823=EDGE_CURVE('',#3800,#3799,#2099,.T.);
#4824=EDGE_CURVE('',#3799,#3801,#305,.T.);
#4825=EDGE_CURVE('',#3802,#3800,#306,.T.);
#4826=EDGE_CURVE('',#3802,#3801,#2100,.T.);
#4827=EDGE_CURVE('',#3801,#3803,#2101,.T.);
#4828=EDGE_CURVE('',#3804,#3802,#2102,.T.);
#4829=EDGE_CURVE('',#3804,#3803,#2103,.T.);
#4830=EDGE_CURVE('',#3803,#3789,#307,.T.);
#4831=EDGE_CURVE('',#3791,#3804,#308,.T.);
#4832=EDGE_CURVE('',#3805,#3806,#309,.T.);
#4833=EDGE_CURVE('',#3807,#3805,#2104,.T.);
#4834=EDGE_CURVE('',#3808,#3807,#310,.T.);
#4835=EDGE_CURVE('',#3808,#3806,#2105,.T.);
#4836=EDGE_CURVE('',#3806,#3809,#2106,.T.);
#4837=EDGE_CURVE('',#3810,#3808,#2107,.T.);
#4838=EDGE_CURVE('',#3810,#3809,#2108,.T.);
#4839=EDGE_CURVE('',#3809,#3811,#311,.T.);
#4840=EDGE_CURVE('',#3812,#3810,#312,.T.);
#4841=EDGE_CURVE('',#3812,#3811,#2109,.T.);
#4842=EDGE_CURVE('',#3811,#3813,#2110,.T.);
#4843=EDGE_CURVE('',#3814,#3812,#2111,.T.);
#4844=EDGE_CURVE('',#3814,#3815,#2112,.T.);
#4845=EDGE_CURVE('',#3813,#3815,#2113,.T.);
#4846=EDGE_CURVE('',#3816,#3817,#2114,.T.);
#4847=EDGE_CURVE('',#3816,#3818,#2115,.T.);
#4848=EDGE_CURVE('',#3818,#3819,#2116,.T.);
#4849=EDGE_CURVE('',#3817,#3819,#2117,.T.);
#4850=EDGE_CURVE('',#3820,#3821,#130,.T.);
#4851=EDGE_CURVE('',#3820,#3818,#313,.T.);
#4852=EDGE_CURVE('',#3822,#3816,#314,.T.);
#4853=EDGE_CURVE('',#3822,#3821,#2118,.T.);
#4854=EDGE_CURVE('',#3823,#3805,#2119,.T.);
#4855=EDGE_CURVE('',#3821,#3823,#2120,.T.);
#4856=EDGE_CURVE('',#3807,#3822,#2121,.T.);
#4857=EDGE_CURVE('',#3815,#3824,#131,.T.);
#4858=EDGE_CURVE('',#3817,#3814,#315,.T.);
#4859=EDGE_CURVE('',#3819,#3824,#316,.T.);
#4860=EDGE_CURVE('',#3824,#3820,#2122,.T.);
#4861=EDGE_CURVE('',#3825,#3826,#2123,.T.);
#4862=EDGE_CURVE('',#3825,#3827,#2124,.T.);
#4863=EDGE_CURVE('',#3827,#3828,#2125,.T.);
#4864=EDGE_CURVE('',#3826,#3828,#2126,.T.);
#4865=EDGE_CURVE('',#3829,#3825,#317,.T.);
#4866=EDGE_CURVE('',#3829,#3830,#2127,.T.);
#4867=EDGE_CURVE('',#3830,#3827,#318,.T.);
#4868=EDGE_CURVE('',#3831,#3829,#2128,.T.);
#4869=EDGE_CURVE('',#3831,#3832,#2129,.T.);
#4870=EDGE_CURVE('',#3832,#3830,#2130,.T.);
#4871=EDGE_CURVE('',#3833,#3831,#319,.T.);
#4872=EDGE_CURVE('',#3833,#3834,#2131,.T.);
#4873=EDGE_CURVE('',#3834,#3832,#320,.T.);
#4874=EDGE_CURVE('',#3835,#3833,#2132,.T.);
#4875=EDGE_CURVE('',#3835,#3836,#2133,.T.);
#4876=EDGE_CURVE('',#3836,#3834,#2134,.T.);
#4877=EDGE_CURVE('',#3837,#3835,#321,.T.);
#4878=EDGE_CURVE('',#3837,#3838,#2135,.T.);
#4879=EDGE_CURVE('',#3838,#3836,#322,.T.);
#4880=EDGE_CURVE('',#3839,#3837,#2136,.T.);
#4881=EDGE_CURVE('',#3839,#3840,#2137,.T.);
#4882=EDGE_CURVE('',#3840,#3838,#2138,.T.);
#4883=EDGE_CURVE('',#3826,#3839,#323,.T.);
#4884=EDGE_CURVE('',#3828,#3840,#324,.T.);
#4885=EDGE_CURVE('',#3841,#3842,#2139,.T.);
#4886=EDGE_CURVE('',#3841,#3843,#2140,.T.);
#4887=EDGE_CURVE('',#3843,#3844,#2141,.T.);
#4888=EDGE_CURVE('',#3842,#3844,#2142,.T.);
#4889=EDGE_CURVE('',#3845,#3841,#325,.T.);
#4890=EDGE_CURVE('',#3845,#3846,#2143,.T.);
#4891=EDGE_CURVE('',#3846,#3843,#326,.T.);
#4892=EDGE_CURVE('',#3847,#3845,#2144,.T.);
#4893=EDGE_CURVE('',#3847,#3848,#2145,.T.);
#4894=EDGE_CURVE('',#3848,#3846,#2146,.T.);
#4895=EDGE_CURVE('',#3849,#3847,#327,.T.);
#4896=EDGE_CURVE('',#3849,#3850,#2147,.T.);
#4897=EDGE_CURVE('',#3850,#3848,#328,.T.);
#4898=EDGE_CURVE('',#3851,#3849,#2148,.T.);
#4899=EDGE_CURVE('',#3851,#3852,#2149,.T.);
#4900=EDGE_CURVE('',#3852,#3850,#2150,.T.);
#4901=EDGE_CURVE('',#3853,#3851,#329,.T.);
#4902=EDGE_CURVE('',#3853,#3854,#2151,.T.);
#4903=EDGE_CURVE('',#3854,#3852,#330,.T.);
#4904=EDGE_CURVE('',#3855,#3853,#2152,.T.);
#4905=EDGE_CURVE('',#3855,#3856,#2153,.T.);
#4906=EDGE_CURVE('',#3856,#3854,#2154,.T.);
#4907=EDGE_CURVE('',#3842,#3855,#331,.T.);
#4908=EDGE_CURVE('',#3844,#3856,#332,.T.);
#4909=EDGE_CURVE('',#3857,#3858,#333,.T.);
#4910=EDGE_CURVE('',#3859,#3857,#2155,.T.);
#4911=EDGE_CURVE('',#3860,#3859,#334,.T.);
#4912=EDGE_CURVE('',#3860,#3858,#2156,.T.);
#4913=EDGE_CURVE('',#3858,#3861,#2157,.T.);
#4914=EDGE_CURVE('',#3862,#3860,#2158,.T.);
#4915=EDGE_CURVE('',#3862,#3861,#2159,.T.);
#4916=EDGE_CURVE('',#3861,#3863,#335,.T.);
#4917=EDGE_CURVE('',#3864,#3862,#336,.T.);
#4918=EDGE_CURVE('',#3864,#3863,#2160,.T.);
#4919=EDGE_CURVE('',#3863,#3865,#2161,.T.);
#4920=EDGE_CURVE('',#3866,#3864,#2162,.T.);
#4921=EDGE_CURVE('',#3866,#3867,#2163,.T.);
#4922=EDGE_CURVE('',#3865,#3867,#2164,.T.);
#4923=EDGE_CURVE('',#3868,#3869,#2165,.T.);
#4924=EDGE_CURVE('',#3868,#3870,#2166,.T.);
#4925=EDGE_CURVE('',#3870,#3871,#2167,.T.);
#4926=EDGE_CURVE('',#3869,#3871,#2168,.T.);
#4927=EDGE_CURVE('',#3872,#3873,#132,.T.);
#4928=EDGE_CURVE('',#3872,#3870,#337,.T.);
#4929=EDGE_CURVE('',#3874,#3868,#338,.T.);
#4930=EDGE_CURVE('',#3874,#3873,#2169,.T.);
#4931=EDGE_CURVE('',#3875,#3857,#2170,.T.);
#4932=EDGE_CURVE('',#3873,#3875,#2171,.T.);
#4933=EDGE_CURVE('',#3859,#3874,#2172,.T.);
#4934=EDGE_CURVE('',#3867,#3876,#133,.T.);
#4935=EDGE_CURVE('',#3869,#3866,#339,.T.);
#4936=EDGE_CURVE('',#3871,#3876,#340,.T.);
#4937=EDGE_CURVE('',#3876,#3872,#2173,.T.);
#4938=EDGE_CURVE('',#3877,#3878,#341,.T.);
#4939=EDGE_CURVE('',#3879,#3877,#2174,.T.);
#4940=EDGE_CURVE('',#3880,#3879,#342,.T.);
#4941=EDGE_CURVE('',#3880,#3878,#2175,.T.);
#4942=EDGE_CURVE('',#3878,#3881,#2176,.T.);
#4943=EDGE_CURVE('',#3882,#3880,#2177,.T.);
#4944=EDGE_CURVE('',#3882,#3881,#2178,.T.);
#4945=EDGE_CURVE('',#3881,#3883,#343,.T.);
#4946=EDGE_CURVE('',#3884,#3882,#344,.T.);
#4947=EDGE_CURVE('',#3884,#3883,#2179,.T.);
#4948=EDGE_CURVE('',#3883,#3885,#2180,.T.);
#4949=EDGE_CURVE('',#3886,#3884,#2181,.T.);
#4950=EDGE_CURVE('',#3886,#3887,#2182,.T.);
#4951=EDGE_CURVE('',#3885,#3887,#2183,.T.);
#4952=EDGE_CURVE('',#3888,#3889,#2184,.T.);
#4953=EDGE_CURVE('',#3888,#3890,#2185,.T.);
#4954=EDGE_CURVE('',#3890,#3891,#2186,.T.);
#4955=EDGE_CURVE('',#3889,#3891,#2187,.T.);
#4956=EDGE_CURVE('',#3892,#3893,#134,.T.);
#4957=EDGE_CURVE('',#3892,#3890,#345,.T.);
#4958=EDGE_CURVE('',#3894,#3888,#346,.T.);
#4959=EDGE_CURVE('',#3894,#3893,#2188,.T.);
#4960=EDGE_CURVE('',#3895,#3877,#2189,.T.);
#4961=EDGE_CURVE('',#3893,#3895,#2190,.T.);
#4962=EDGE_CURVE('',#3879,#3894,#2191,.T.);
#4963=EDGE_CURVE('',#3887,#3896,#135,.T.);
#4964=EDGE_CURVE('',#3889,#3886,#347,.T.);
#4965=EDGE_CURVE('',#3891,#3896,#348,.T.);
#4966=EDGE_CURVE('',#3896,#3892,#2192,.T.);
#4967=EDGE_CURVE('',#3897,#3898,#2193,.T.);
#4968=EDGE_CURVE('',#3899,#3897,#2194,.T.);
#4969=EDGE_CURVE('',#3900,#3899,#2195,.T.);
#4970=EDGE_CURVE('',#3900,#3898,#2196,.T.);
#4971=EDGE_CURVE('',#3898,#3901,#349,.T.);
#4972=EDGE_CURVE('',#3902,#3900,#350,.T.);
#4973=EDGE_CURVE('',#3902,#3901,#2197,.T.);
#4974=EDGE_CURVE('',#3901,#3903,#2198,.T.);
#4975=EDGE_CURVE('',#3904,#3902,#2199,.T.);
#4976=EDGE_CURVE('',#3904,#3903,#2200,.T.);
#4977=EDGE_CURVE('',#3903,#3905,#351,.T.);
#4978=EDGE_CURVE('',#3906,#3904,#352,.T.);
#4979=EDGE_CURVE('',#3906,#3905,#2201,.T.);
#4980=EDGE_CURVE('',#3905,#3907,#2202,.T.);
#4981=EDGE_CURVE('',#3908,#3906,#2203,.T.);
#4982=EDGE_CURVE('',#3908,#3907,#2204,.T.);
#4983=EDGE_CURVE('',#3907,#3909,#353,.T.);
#4984=EDGE_CURVE('',#3910,#3908,#354,.T.);
#4985=EDGE_CURVE('',#3910,#3909,#2205,.T.);
#4986=EDGE_CURVE('',#3909,#3911,#2206,.T.);
#4987=EDGE_CURVE('',#3912,#3910,#2207,.T.);
#4988=EDGE_CURVE('',#3912,#3911,#2208,.T.);
#4989=EDGE_CURVE('',#3911,#3897,#355,.T.);
#4990=EDGE_CURVE('',#3899,#3912,#356,.T.);
#4991=EDGE_CURVE('',#3913,#3914,#2209,.T.);
#4992=EDGE_CURVE('',#3915,#3913,#2210,.T.);
#4993=EDGE_CURVE('',#3916,#3915,#2211,.T.);
#4994=EDGE_CURVE('',#3916,#3914,#2212,.T.);
#4995=EDGE_CURVE('',#3914,#3917,#357,.T.);
#4996=EDGE_CURVE('',#3918,#3916,#358,.T.);
#4997=EDGE_CURVE('',#3918,#3917,#2213,.T.);
#4998=EDGE_CURVE('',#3917,#3919,#2214,.T.);
#4999=EDGE_CURVE('',#3920,#3918,#2215,.T.);
#5000=EDGE_CURVE('',#3920,#3919,#2216,.T.);
#5001=EDGE_CURVE('',#3919,#3921,#359,.T.);
#5002=EDGE_CURVE('',#3922,#3920,#360,.T.);
#5003=EDGE_CURVE('',#3922,#3921,#2217,.T.);
#5004=EDGE_CURVE('',#3921,#3923,#2218,.T.);
#5005=EDGE_CURVE('',#3924,#3922,#2219,.T.);
#5006=EDGE_CURVE('',#3924,#3923,#2220,.T.);
#5007=EDGE_CURVE('',#3923,#3925,#361,.T.);
#5008=EDGE_CURVE('',#3926,#3924,#362,.T.);
#5009=EDGE_CURVE('',#3926,#3925,#2221,.T.);
#5010=EDGE_CURVE('',#3925,#3927,#2222,.T.);
#5011=EDGE_CURVE('',#3928,#3926,#2223,.T.);
#5012=EDGE_CURVE('',#3928,#3927,#2224,.T.);
#5013=EDGE_CURVE('',#3927,#3913,#363,.T.);
#5014=EDGE_CURVE('',#3915,#3928,#364,.T.);
#5015=EDGE_CURVE('',#3929,#3930,#2225,.T.);
#5016=EDGE_CURVE('',#3931,#3929,#2226,.T.);
#5017=EDGE_CURVE('',#3932,#3931,#2227,.T.);
#5018=EDGE_CURVE('',#3932,#3930,#2228,.T.);
#5019=EDGE_CURVE('',#3930,#3933,#365,.T.);
#5020=EDGE_CURVE('',#3934,#3932,#366,.T.);
#5021=EDGE_CURVE('',#3934,#3933,#2229,.T.);
#5022=EDGE_CURVE('',#3933,#3935,#2230,.T.);
#5023=EDGE_CURVE('',#3936,#3934,#2231,.T.);
#5024=EDGE_CURVE('',#3936,#3935,#2232,.T.);
#5025=EDGE_CURVE('',#3935,#3937,#367,.T.);
#5026=EDGE_CURVE('',#3938,#3936,#368,.T.);
#5027=EDGE_CURVE('',#3938,#3937,#2233,.T.);
#5028=EDGE_CURVE('',#3937,#3939,#2234,.T.);
#5029=EDGE_CURVE('',#3940,#3938,#2235,.T.);
#5030=EDGE_CURVE('',#3940,#3939,#2236,.T.);
#5031=EDGE_CURVE('',#3939,#3941,#369,.T.);
#5032=EDGE_CURVE('',#3942,#3940,#370,.T.);
#5033=EDGE_CURVE('',#3942,#3941,#2237,.T.);
#5034=EDGE_CURVE('',#3941,#3943,#2238,.T.);
#5035=EDGE_CURVE('',#3944,#3942,#2239,.T.);
#5036=EDGE_CURVE('',#3944,#3943,#2240,.T.);
#5037=EDGE_CURVE('',#3943,#3929,#371,.T.);
#5038=EDGE_CURVE('',#3931,#3944,#372,.T.);
#5039=EDGE_CURVE('',#3945,#3946,#2241,.T.);
#5040=EDGE_CURVE('',#3947,#3945,#2242,.T.);
#5041=EDGE_CURVE('',#3948,#3947,#2243,.T.);
#5042=EDGE_CURVE('',#3948,#3946,#2244,.T.);
#5043=EDGE_CURVE('',#3946,#3949,#373,.T.);
#5044=EDGE_CURVE('',#3950,#3948,#374,.T.);
#5045=EDGE_CURVE('',#3950,#3949,#2245,.T.);
#5046=EDGE_CURVE('',#3949,#3951,#2246,.T.);
#5047=EDGE_CURVE('',#3952,#3950,#2247,.T.);
#5048=EDGE_CURVE('',#3952,#3951,#2248,.T.);
#5049=EDGE_CURVE('',#3951,#3953,#375,.T.);
#5050=EDGE_CURVE('',#3954,#3952,#376,.T.);
#5051=EDGE_CURVE('',#3954,#3953,#2249,.T.);
#5052=EDGE_CURVE('',#3953,#3955,#2250,.T.);
#5053=EDGE_CURVE('',#3956,#3954,#2251,.T.);
#5054=EDGE_CURVE('',#3956,#3955,#2252,.T.);
#5055=EDGE_CURVE('',#3955,#3957,#377,.T.);
#5056=EDGE_CURVE('',#3958,#3956,#378,.T.);
#5057=EDGE_CURVE('',#3958,#3957,#2253,.T.);
#5058=EDGE_CURVE('',#3957,#3959,#2254,.T.);
#5059=EDGE_CURVE('',#3960,#3958,#2255,.T.);
#5060=EDGE_CURVE('',#3960,#3959,#2256,.T.);
#5061=EDGE_CURVE('',#3959,#3945,#379,.T.);
#5062=EDGE_CURVE('',#3947,#3960,#380,.T.);
#5063=EDGE_CURVE('',#3961,#3962,#2257,.T.);
#5064=EDGE_CURVE('',#3963,#3961,#2258,.T.);
#5065=EDGE_CURVE('',#3964,#3963,#2259,.T.);
#5066=EDGE_CURVE('',#3964,#3962,#2260,.T.);
#5067=EDGE_CURVE('',#3962,#3965,#381,.T.);
#5068=EDGE_CURVE('',#3966,#3964,#382,.T.);
#5069=EDGE_CURVE('',#3966,#3965,#2261,.T.);
#5070=EDGE_CURVE('',#3965,#3967,#2262,.T.);
#5071=EDGE_CURVE('',#3968,#3966,#2263,.T.);
#5072=EDGE_CURVE('',#3968,#3967,#2264,.T.);
#5073=EDGE_CURVE('',#3967,#3969,#383,.T.);
#5074=EDGE_CURVE('',#3970,#3968,#384,.T.);
#5075=EDGE_CURVE('',#3970,#3969,#2265,.T.);
#5076=EDGE_CURVE('',#3969,#3971,#2266,.T.);
#5077=EDGE_CURVE('',#3972,#3970,#2267,.T.);
#5078=EDGE_CURVE('',#3972,#3971,#2268,.T.);
#5079=EDGE_CURVE('',#3971,#3973,#385,.T.);
#5080=EDGE_CURVE('',#3974,#3972,#386,.T.);
#5081=EDGE_CURVE('',#3974,#3973,#2269,.T.);
#5082=EDGE_CURVE('',#3973,#3975,#2270,.T.);
#5083=EDGE_CURVE('',#3976,#3974,#2271,.T.);
#5084=EDGE_CURVE('',#3976,#3975,#2272,.T.);
#5085=EDGE_CURVE('',#3975,#3961,#387,.T.);
#5086=EDGE_CURVE('',#3963,#3976,#388,.T.);
#5087=EDGE_CURVE('',#3977,#3978,#2273,.T.);
#5088=EDGE_CURVE('',#3979,#3977,#2274,.T.);
#5089=EDGE_CURVE('',#3980,#3979,#2275,.T.);
#5090=EDGE_CURVE('',#3980,#3978,#2276,.T.);
#5091=EDGE_CURVE('',#3978,#3981,#389,.T.);
#5092=EDGE_CURVE('',#3982,#3980,#390,.T.);
#5093=EDGE_CURVE('',#3982,#3981,#2277,.T.);
#5094=EDGE_CURVE('',#3981,#3983,#2278,.T.);
#5095=EDGE_CURVE('',#3984,#3982,#2279,.T.);
#5096=EDGE_CURVE('',#3984,#3983,#2280,.T.);
#5097=EDGE_CURVE('',#3983,#3985,#391,.T.);
#5098=EDGE_CURVE('',#3986,#3984,#392,.T.);
#5099=EDGE_CURVE('',#3986,#3985,#2281,.T.);
#5100=EDGE_CURVE('',#3985,#3987,#2282,.T.);
#5101=EDGE_CURVE('',#3988,#3986,#2283,.T.);
#5102=EDGE_CURVE('',#3988,#3987,#2284,.T.);
#5103=EDGE_CURVE('',#3987,#3989,#393,.T.);
#5104=EDGE_CURVE('',#3990,#3988,#394,.T.);
#5105=EDGE_CURVE('',#3990,#3989,#2285,.T.);
#5106=EDGE_CURVE('',#3989,#3991,#2286,.T.);
#5107=EDGE_CURVE('',#3992,#3990,#2287,.T.);
#5108=EDGE_CURVE('',#3992,#3991,#2288,.T.);
#5109=EDGE_CURVE('',#3991,#3977,#395,.T.);
#5110=EDGE_CURVE('',#3979,#3992,#396,.T.);
#5111=EDGE_CURVE('',#3993,#3994,#2289,.T.);
#5112=EDGE_CURVE('',#3995,#3993,#2290,.T.);
#5113=EDGE_CURVE('',#3996,#3995,#2291,.T.);
#5114=EDGE_CURVE('',#3996,#3994,#2292,.T.);
#5115=EDGE_CURVE('',#3994,#3997,#397,.T.);
#5116=EDGE_CURVE('',#3998,#3996,#398,.T.);
#5117=EDGE_CURVE('',#3998,#3997,#2293,.T.);
#5118=EDGE_CURVE('',#3997,#3999,#2294,.T.);
#5119=EDGE_CURVE('',#4000,#3998,#2295,.T.);
#5120=EDGE_CURVE('',#4000,#3999,#2296,.T.);
#5121=EDGE_CURVE('',#3999,#4001,#399,.T.);
#5122=EDGE_CURVE('',#4002,#4000,#400,.T.);
#5123=EDGE_CURVE('',#4002,#4001,#2297,.T.);
#5124=EDGE_CURVE('',#4001,#4003,#2298,.T.);
#5125=EDGE_CURVE('',#4004,#4002,#2299,.T.);
#5126=EDGE_CURVE('',#4004,#4003,#2300,.T.);
#5127=EDGE_CURVE('',#4003,#4005,#401,.T.);
#5128=EDGE_CURVE('',#4006,#4004,#402,.T.);
#5129=EDGE_CURVE('',#4006,#4005,#2301,.T.);
#5130=EDGE_CURVE('',#4005,#4007,#2302,.T.);
#5131=EDGE_CURVE('',#4008,#4006,#2303,.T.);
#5132=EDGE_CURVE('',#4008,#4007,#2304,.T.);
#5133=EDGE_CURVE('',#4007,#3993,#403,.T.);
#5134=EDGE_CURVE('',#3995,#4008,#404,.T.);
#5135=EDGE_CURVE('',#4009,#4010,#2305,.T.);
#5136=EDGE_CURVE('',#4011,#4009,#2306,.T.);
#5137=EDGE_CURVE('',#4012,#4011,#2307,.T.);
#5138=EDGE_CURVE('',#4012,#4010,#2308,.T.);
#5139=EDGE_CURVE('',#4010,#4013,#405,.T.);
#5140=EDGE_CURVE('',#4014,#4012,#406,.T.);
#5141=EDGE_CURVE('',#4014,#4013,#2309,.T.);
#5142=EDGE_CURVE('',#4013,#4015,#2310,.T.);
#5143=EDGE_CURVE('',#4016,#4014,#2311,.T.);
#5144=EDGE_CURVE('',#4016,#4015,#2312,.T.);
#5145=EDGE_CURVE('',#4015,#4017,#407,.T.);
#5146=EDGE_CURVE('',#4018,#4016,#408,.T.);
#5147=EDGE_CURVE('',#4018,#4017,#2313,.T.);
#5148=EDGE_CURVE('',#4017,#4019,#2314,.T.);
#5149=EDGE_CURVE('',#4020,#4018,#2315,.T.);
#5150=EDGE_CURVE('',#4020,#4019,#2316,.T.);
#5151=EDGE_CURVE('',#4019,#4021,#409,.T.);
#5152=EDGE_CURVE('',#4022,#4020,#410,.T.);
#5153=EDGE_CURVE('',#4022,#4021,#2317,.T.);
#5154=EDGE_CURVE('',#4021,#4023,#2318,.T.);
#5155=EDGE_CURVE('',#4024,#4022,#2319,.T.);
#5156=EDGE_CURVE('',#4024,#4023,#2320,.T.);
#5157=EDGE_CURVE('',#4023,#4009,#411,.T.);
#5158=EDGE_CURVE('',#4011,#4024,#412,.T.);
#5159=EDGE_CURVE('',#4025,#4026,#2321,.T.);
#5160=EDGE_CURVE('',#4027,#4025,#2322,.T.);
#5161=EDGE_CURVE('',#4028,#4027,#2323,.T.);
#5162=EDGE_CURVE('',#4028,#4026,#2324,.T.);
#5163=EDGE_CURVE('',#4026,#4029,#413,.T.);
#5164=EDGE_CURVE('',#4030,#4028,#414,.T.);
#5165=EDGE_CURVE('',#4030,#4029,#2325,.T.);
#5166=EDGE_CURVE('',#4029,#4031,#2326,.T.);
#5167=EDGE_CURVE('',#4032,#4030,#2327,.T.);
#5168=EDGE_CURVE('',#4032,#4031,#2328,.T.);
#5169=EDGE_CURVE('',#4031,#4033,#415,.T.);
#5170=EDGE_CURVE('',#4034,#4032,#416,.T.);
#5171=EDGE_CURVE('',#4034,#4033,#2329,.T.);
#5172=EDGE_CURVE('',#4033,#4035,#2330,.T.);
#5173=EDGE_CURVE('',#4036,#4034,#2331,.T.);
#5174=EDGE_CURVE('',#4036,#4035,#2332,.T.);
#5175=EDGE_CURVE('',#4035,#4037,#417,.T.);
#5176=EDGE_CURVE('',#4038,#4036,#418,.T.);
#5177=EDGE_CURVE('',#4038,#4037,#2333,.T.);
#5178=EDGE_CURVE('',#4037,#4039,#2334,.T.);
#5179=EDGE_CURVE('',#4040,#4038,#2335,.T.);
#5180=EDGE_CURVE('',#4040,#4039,#2336,.T.);
#5181=EDGE_CURVE('',#4039,#4025,#419,.T.);
#5182=EDGE_CURVE('',#4027,#4040,#420,.T.);
#5183=EDGE_CURVE('',#4041,#4042,#2337,.T.);
#5184=EDGE_CURVE('',#4043,#4041,#2338,.T.);
#5185=EDGE_CURVE('',#4044,#4043,#2339,.T.);
#5186=EDGE_CURVE('',#4044,#4042,#2340,.T.);
#5187=EDGE_CURVE('',#4042,#4045,#421,.T.);
#5188=EDGE_CURVE('',#4046,#4044,#422,.T.);
#5189=EDGE_CURVE('',#4046,#4045,#2341,.T.);
#5190=EDGE_CURVE('',#4045,#4047,#2342,.T.);
#5191=EDGE_CURVE('',#4048,#4046,#2343,.T.);
#5192=EDGE_CURVE('',#4048,#4047,#2344,.T.);
#5193=EDGE_CURVE('',#4047,#4049,#423,.T.);
#5194=EDGE_CURVE('',#4050,#4048,#424,.T.);
#5195=EDGE_CURVE('',#4050,#4049,#2345,.T.);
#5196=EDGE_CURVE('',#4049,#4051,#2346,.T.);
#5197=EDGE_CURVE('',#4052,#4050,#2347,.T.);
#5198=EDGE_CURVE('',#4052,#4051,#2348,.T.);
#5199=EDGE_CURVE('',#4051,#4053,#425,.T.);
#5200=EDGE_CURVE('',#4054,#4052,#426,.T.);
#5201=EDGE_CURVE('',#4054,#4053,#2349,.T.);
#5202=EDGE_CURVE('',#4053,#4055,#2350,.T.);
#5203=EDGE_CURVE('',#4056,#4054,#2351,.T.);
#5204=EDGE_CURVE('',#4056,#4055,#2352,.T.);
#5205=EDGE_CURVE('',#4055,#4041,#427,.T.);
#5206=EDGE_CURVE('',#4043,#4056,#428,.T.);
#5207=EDGE_CURVE('',#4057,#4058,#2353,.T.);
#5208=EDGE_CURVE('',#4059,#4057,#2354,.T.);
#5209=EDGE_CURVE('',#4060,#4059,#2355,.T.);
#5210=EDGE_CURVE('',#4060,#4058,#2356,.T.);
#5211=EDGE_CURVE('',#4058,#4061,#429,.T.);
#5212=EDGE_CURVE('',#4062,#4060,#430,.T.);
#5213=EDGE_CURVE('',#4062,#4061,#2357,.T.);
#5214=EDGE_CURVE('',#4061,#4063,#2358,.T.);
#5215=EDGE_CURVE('',#4064,#4062,#2359,.T.);
#5216=EDGE_CURVE('',#4064,#4063,#2360,.T.);
#5217=EDGE_CURVE('',#4063,#4065,#431,.T.);
#5218=EDGE_CURVE('',#4066,#4064,#432,.T.);
#5219=EDGE_CURVE('',#4066,#4065,#2361,.T.);
#5220=EDGE_CURVE('',#4065,#4067,#2362,.T.);
#5221=EDGE_CURVE('',#4068,#4066,#2363,.T.);
#5222=EDGE_CURVE('',#4068,#4067,#2364,.T.);
#5223=EDGE_CURVE('',#4067,#4069,#433,.T.);
#5224=EDGE_CURVE('',#4070,#4068,#434,.T.);
#5225=EDGE_CURVE('',#4070,#4069,#2365,.T.);
#5226=EDGE_CURVE('',#4069,#4071,#2366,.T.);
#5227=EDGE_CURVE('',#4072,#4070,#2367,.T.);
#5228=EDGE_CURVE('',#4072,#4071,#2368,.T.);
#5229=EDGE_CURVE('',#4071,#4057,#435,.T.);
#5230=EDGE_CURVE('',#4059,#4072,#436,.T.);
#5231=EDGE_CURVE('',#4073,#4074,#2369,.T.);
#5232=EDGE_CURVE('',#4075,#4073,#2370,.T.);
#5233=EDGE_CURVE('',#4076,#4075,#2371,.T.);
#5234=EDGE_CURVE('',#4076,#4074,#2372,.T.);
#5235=EDGE_CURVE('',#4074,#4077,#437,.T.);
#5236=EDGE_CURVE('',#4078,#4076,#438,.T.);
#5237=EDGE_CURVE('',#4078,#4077,#2373,.T.);
#5238=EDGE_CURVE('',#4077,#4079,#2374,.T.);
#5239=EDGE_CURVE('',#4080,#4078,#2375,.T.);
#5240=EDGE_CURVE('',#4080,#4079,#2376,.T.);
#5241=EDGE_CURVE('',#4079,#4081,#439,.T.);
#5242=EDGE_CURVE('',#4082,#4080,#440,.T.);
#5243=EDGE_CURVE('',#4082,#4081,#2377,.T.);
#5244=EDGE_CURVE('',#4081,#4083,#2378,.T.);
#5245=EDGE_CURVE('',#4084,#4082,#2379,.T.);
#5246=EDGE_CURVE('',#4084,#4083,#2380,.T.);
#5247=EDGE_CURVE('',#4083,#4085,#441,.T.);
#5248=EDGE_CURVE('',#4086,#4084,#442,.T.);
#5249=EDGE_CURVE('',#4086,#4085,#2381,.T.);
#5250=EDGE_CURVE('',#4085,#4087,#2382,.T.);
#5251=EDGE_CURVE('',#4088,#4086,#2383,.T.);
#5252=EDGE_CURVE('',#4088,#4087,#2384,.T.);
#5253=EDGE_CURVE('',#4087,#4073,#443,.T.);
#5254=EDGE_CURVE('',#4075,#4088,#444,.T.);
#5255=EDGE_CURVE('',#4089,#4090,#2385,.T.);
#5256=EDGE_CURVE('',#4091,#4089,#2386,.T.);
#5257=EDGE_CURVE('',#4092,#4091,#2387,.T.);
#5258=EDGE_CURVE('',#4092,#4090,#2388,.T.);
#5259=EDGE_CURVE('',#4090,#4093,#445,.T.);
#5260=EDGE_CURVE('',#4094,#4092,#446,.T.);
#5261=EDGE_CURVE('',#4094,#4093,#2389,.T.);
#5262=EDGE_CURVE('',#4093,#4095,#2390,.T.);
#5263=EDGE_CURVE('',#4096,#4094,#2391,.T.);
#5264=EDGE_CURVE('',#4096,#4095,#2392,.T.);
#5265=EDGE_CURVE('',#4095,#4097,#447,.T.);
#5266=EDGE_CURVE('',#4098,#4096,#448,.T.);
#5267=EDGE_CURVE('',#4098,#4097,#2393,.T.);
#5268=EDGE_CURVE('',#4097,#4099,#2394,.T.);
#5269=EDGE_CURVE('',#4100,#4098,#2395,.T.);
#5270=EDGE_CURVE('',#4100,#4099,#2396,.T.);
#5271=EDGE_CURVE('',#4099,#4101,#449,.T.);
#5272=EDGE_CURVE('',#4102,#4100,#450,.T.);
#5273=EDGE_CURVE('',#4102,#4101,#2397,.T.);
#5274=EDGE_CURVE('',#4101,#4103,#2398,.T.);
#5275=EDGE_CURVE('',#4104,#4102,#2399,.T.);
#5276=EDGE_CURVE('',#4104,#4103,#2400,.T.);
#5277=EDGE_CURVE('',#4103,#4089,#451,.T.);
#5278=EDGE_CURVE('',#4091,#4104,#452,.T.);
#5279=EDGE_CURVE('',#4105,#4106,#2401,.T.);
#5280=EDGE_CURVE('',#4107,#4105,#2402,.T.);
#5281=EDGE_CURVE('',#4108,#4107,#2403,.T.);
#5282=EDGE_CURVE('',#4108,#4106,#2404,.T.);
#5283=EDGE_CURVE('',#4106,#4109,#453,.T.);
#5284=EDGE_CURVE('',#4110,#4108,#454,.T.);
#5285=EDGE_CURVE('',#4110,#4109,#2405,.T.);
#5286=EDGE_CURVE('',#4109,#4111,#2406,.T.);
#5287=EDGE_CURVE('',#4112,#4110,#2407,.T.);
#5288=EDGE_CURVE('',#4112,#4111,#2408,.T.);
#5289=EDGE_CURVE('',#4111,#4113,#455,.T.);
#5290=EDGE_CURVE('',#4114,#4112,#456,.T.);
#5291=EDGE_CURVE('',#4114,#4113,#2409,.T.);
#5292=EDGE_CURVE('',#4113,#4115,#2410,.T.);
#5293=EDGE_CURVE('',#4116,#4114,#2411,.T.);
#5294=EDGE_CURVE('',#4116,#4115,#2412,.T.);
#5295=EDGE_CURVE('',#4115,#4117,#457,.T.);
#5296=EDGE_CURVE('',#4118,#4116,#458,.T.);
#5297=EDGE_CURVE('',#4118,#4117,#2413,.T.);
#5298=EDGE_CURVE('',#4117,#4119,#2414,.T.);
#5299=EDGE_CURVE('',#4120,#4118,#2415,.T.);
#5300=EDGE_CURVE('',#4120,#4119,#2416,.T.);
#5301=EDGE_CURVE('',#4119,#4105,#459,.T.);
#5302=EDGE_CURVE('',#4107,#4120,#460,.T.);
#5303=EDGE_CURVE('',#4121,#4122,#2417,.T.);
#5304=EDGE_CURVE('',#4123,#4121,#2418,.T.);
#5305=EDGE_CURVE('',#4124,#4123,#2419,.T.);
#5306=EDGE_CURVE('',#4124,#4122,#2420,.T.);
#5307=EDGE_CURVE('',#4122,#4125,#461,.T.);
#5308=EDGE_CURVE('',#4126,#4124,#462,.T.);
#5309=EDGE_CURVE('',#4126,#4125,#2421,.T.);
#5310=EDGE_CURVE('',#4125,#4127,#2422,.T.);
#5311=EDGE_CURVE('',#4128,#4126,#2423,.T.);
#5312=EDGE_CURVE('',#4128,#4127,#2424,.T.);
#5313=EDGE_CURVE('',#4127,#4129,#463,.T.);
#5314=EDGE_CURVE('',#4130,#4128,#464,.T.);
#5315=EDGE_CURVE('',#4130,#4129,#2425,.T.);
#5316=EDGE_CURVE('',#4129,#4131,#2426,.T.);
#5317=EDGE_CURVE('',#4132,#4130,#2427,.T.);
#5318=EDGE_CURVE('',#4132,#4131,#2428,.T.);
#5319=EDGE_CURVE('',#4131,#4133,#465,.T.);
#5320=EDGE_CURVE('',#4134,#4132,#466,.T.);
#5321=EDGE_CURVE('',#4134,#4133,#2429,.T.);
#5322=EDGE_CURVE('',#4133,#4135,#2430,.T.);
#5323=EDGE_CURVE('',#4136,#4134,#2431,.T.);
#5324=EDGE_CURVE('',#4136,#4135,#2432,.T.);
#5325=EDGE_CURVE('',#4135,#4121,#467,.T.);
#5326=EDGE_CURVE('',#4123,#4136,#468,.T.);
#5327=EDGE_CURVE('',#4137,#4138,#2433,.T.);
#5328=EDGE_CURVE('',#4139,#4137,#2434,.T.);
#5329=EDGE_CURVE('',#4140,#4139,#2435,.T.);
#5330=EDGE_CURVE('',#4140,#4138,#2436,.T.);
#5331=EDGE_CURVE('',#4138,#4141,#469,.T.);
#5332=EDGE_CURVE('',#4142,#4140,#470,.T.);
#5333=EDGE_CURVE('',#4142,#4141,#2437,.T.);
#5334=EDGE_CURVE('',#4141,#4143,#2438,.T.);
#5335=EDGE_CURVE('',#4144,#4142,#2439,.T.);
#5336=EDGE_CURVE('',#4144,#4143,#2440,.T.);
#5337=EDGE_CURVE('',#4143,#4145,#471,.T.);
#5338=EDGE_CURVE('',#4146,#4144,#472,.T.);
#5339=EDGE_CURVE('',#4146,#4145,#2441,.T.);
#5340=EDGE_CURVE('',#4145,#4147,#2442,.T.);
#5341=EDGE_CURVE('',#4148,#4146,#2443,.T.);
#5342=EDGE_CURVE('',#4148,#4147,#2444,.T.);
#5343=EDGE_CURVE('',#4147,#4149,#473,.T.);
#5344=EDGE_CURVE('',#4150,#4148,#474,.T.);
#5345=EDGE_CURVE('',#4150,#4149,#2445,.T.);
#5346=EDGE_CURVE('',#4149,#4151,#2446,.T.);
#5347=EDGE_CURVE('',#4152,#4150,#2447,.T.);
#5348=EDGE_CURVE('',#4152,#4151,#2448,.T.);
#5349=EDGE_CURVE('',#4151,#4137,#475,.T.);
#5350=EDGE_CURVE('',#4139,#4152,#476,.T.);
#5351=EDGE_CURVE('',#4153,#4154,#2449,.T.);
#5352=EDGE_CURVE('',#4155,#4153,#2450,.T.);
#5353=EDGE_CURVE('',#4156,#4155,#2451,.T.);
#5354=EDGE_CURVE('',#4156,#4154,#2452,.T.);
#5355=EDGE_CURVE('',#4154,#4157,#477,.T.);
#5356=EDGE_CURVE('',#4158,#4156,#478,.T.);
#5357=EDGE_CURVE('',#4158,#4157,#2453,.T.);
#5358=EDGE_CURVE('',#4157,#4159,#2454,.T.);
#5359=EDGE_CURVE('',#4160,#4158,#2455,.T.);
#5360=EDGE_CURVE('',#4160,#4159,#2456,.T.);
#5361=EDGE_CURVE('',#4159,#4161,#479,.T.);
#5362=EDGE_CURVE('',#4162,#4160,#480,.T.);
#5363=EDGE_CURVE('',#4162,#4161,#2457,.T.);
#5364=EDGE_CURVE('',#4161,#4163,#2458,.T.);
#5365=EDGE_CURVE('',#4164,#4162,#2459,.T.);
#5366=EDGE_CURVE('',#4164,#4163,#2460,.T.);
#5367=EDGE_CURVE('',#4163,#4165,#481,.T.);
#5368=EDGE_CURVE('',#4166,#4164,#482,.T.);
#5369=EDGE_CURVE('',#4166,#4165,#2461,.T.);
#5370=EDGE_CURVE('',#4165,#4167,#2462,.T.);
#5371=EDGE_CURVE('',#4168,#4166,#2463,.T.);
#5372=EDGE_CURVE('',#4168,#4167,#2464,.T.);
#5373=EDGE_CURVE('',#4167,#4153,#483,.T.);
#5374=EDGE_CURVE('',#4155,#4168,#484,.T.);
#5375=EDGE_CURVE('',#4169,#4170,#485,.T.);
#5376=EDGE_CURVE('',#4171,#4169,#2465,.T.);
#5377=EDGE_CURVE('',#4172,#4171,#486,.T.);
#5378=EDGE_CURVE('',#4172,#4170,#2466,.T.);
#5379=EDGE_CURVE('',#4170,#4173,#2467,.T.);
#5380=EDGE_CURVE('',#4174,#4172,#2468,.T.);
#5381=EDGE_CURVE('',#4174,#4173,#2469,.T.);
#5382=EDGE_CURVE('',#4173,#4175,#487,.T.);
#5383=EDGE_CURVE('',#4176,#4174,#488,.T.);
#5384=EDGE_CURVE('',#4176,#4175,#2470,.T.);
#5385=EDGE_CURVE('',#4175,#4177,#2471,.T.);
#5386=EDGE_CURVE('',#4178,#4176,#2472,.T.);
#5387=EDGE_CURVE('',#4178,#4179,#2473,.T.);
#5388=EDGE_CURVE('',#4177,#4179,#2474,.T.);
#5389=EDGE_CURVE('',#4180,#4181,#2475,.T.);
#5390=EDGE_CURVE('',#4180,#4182,#2476,.T.);
#5391=EDGE_CURVE('',#4182,#4183,#2477,.T.);
#5392=EDGE_CURVE('',#4181,#4183,#2478,.T.);
#5393=EDGE_CURVE('',#4184,#4185,#136,.T.);
#5394=EDGE_CURVE('',#4184,#4182,#489,.T.);
#5395=EDGE_CURVE('',#4186,#4180,#490,.T.);
#5396=EDGE_CURVE('',#4186,#4185,#2479,.T.);
#5397=EDGE_CURVE('',#4187,#4169,#2480,.T.);
#5398=EDGE_CURVE('',#4185,#4187,#2481,.T.);
#5399=EDGE_CURVE('',#4171,#4186,#2482,.T.);
#5400=EDGE_CURVE('',#4179,#4188,#137,.T.);
#5401=EDGE_CURVE('',#4181,#4178,#491,.T.);
#5402=EDGE_CURVE('',#4183,#4188,#492,.T.);
#5403=EDGE_CURVE('',#4188,#4184,#2483,.T.);
#5404=EDGE_CURVE('',#4189,#4190,#2484,.T.);
#5405=EDGE_CURVE('',#4189,#4191,#2485,.T.);
#5406=EDGE_CURVE('',#4191,#4192,#2486,.T.);
#5407=EDGE_CURVE('',#4190,#4192,#2487,.T.);
#5408=EDGE_CURVE('',#4193,#4189,#493,.T.);
#5409=EDGE_CURVE('',#4193,#4194,#2488,.T.);
#5410=EDGE_CURVE('',#4194,#4191,#494,.T.);
#5411=EDGE_CURVE('',#4195,#4193,#2489,.T.);
#5412=EDGE_CURVE('',#4195,#4196,#2490,.T.);
#5413=EDGE_CURVE('',#4196,#4194,#2491,.T.);
#5414=EDGE_CURVE('',#4197,#4195,#495,.T.);
#5415=EDGE_CURVE('',#4197,#4198,#2492,.T.);
#5416=EDGE_CURVE('',#4198,#4196,#496,.T.);
#5417=EDGE_CURVE('',#4199,#4197,#2493,.T.);
#5418=EDGE_CURVE('',#4199,#4200,#2494,.T.);
#5419=EDGE_CURVE('',#4200,#4198,#2495,.T.);
#5420=EDGE_CURVE('',#4201,#4199,#497,.T.);
#5421=EDGE_CURVE('',#4201,#4202,#2496,.T.);
#5422=EDGE_CURVE('',#4202,#4200,#498,.T.);
#5423=EDGE_CURVE('',#4203,#4201,#2497,.T.);
#5424=EDGE_CURVE('',#4203,#4204,#2498,.T.);
#5425=EDGE_CURVE('',#4204,#4202,#2499,.T.);
#5426=EDGE_CURVE('',#4190,#4203,#499,.T.);
#5427=EDGE_CURVE('',#4192,#4204,#500,.T.);
#5428=EDGE_CURVE('',#4205,#4206,#2500,.T.);
#5429=EDGE_CURVE('',#4205,#4207,#2501,.T.);
#5430=EDGE_CURVE('',#4207,#4208,#2502,.T.);
#5431=EDGE_CURVE('',#4206,#4208,#2503,.T.);
#5432=EDGE_CURVE('',#4209,#4205,#501,.T.);
#5433=EDGE_CURVE('',#4209,#4210,#2504,.T.);
#5434=EDGE_CURVE('',#4210,#4207,#502,.T.);
#5435=EDGE_CURVE('',#4211,#4209,#2505,.T.);
#5436=EDGE_CURVE('',#4211,#4212,#2506,.T.);
#5437=EDGE_CURVE('',#4212,#4210,#2507,.T.);
#5438=EDGE_CURVE('',#4213,#4211,#503,.T.);
#5439=EDGE_CURVE('',#4213,#4214,#2508,.T.);
#5440=EDGE_CURVE('',#4214,#4212,#504,.T.);
#5441=EDGE_CURVE('',#4215,#4213,#2509,.T.);
#5442=EDGE_CURVE('',#4215,#4216,#2510,.T.);
#5443=EDGE_CURVE('',#4216,#4214,#2511,.T.);
#5444=EDGE_CURVE('',#4217,#4215,#505,.T.);
#5445=EDGE_CURVE('',#4217,#4218,#2512,.T.);
#5446=EDGE_CURVE('',#4218,#4216,#506,.T.);
#5447=EDGE_CURVE('',#4219,#4217,#2513,.T.);
#5448=EDGE_CURVE('',#4219,#4220,#2514,.T.);
#5449=EDGE_CURVE('',#4220,#4218,#2515,.T.);
#5450=EDGE_CURVE('',#4206,#4219,#507,.T.);
#5451=EDGE_CURVE('',#4208,#4220,#508,.T.);
#5452=EDGE_CURVE('',#3823,#3505,#2516,.T.);
#5453=EDGE_CURVE('',#4187,#3813,#2517,.T.);
#5454=EDGE_CURVE('',#3895,#4177,#2518,.T.);
#5455=EDGE_CURVE('',#4221,#3885,#2519,.T.);
#5456=EDGE_CURVE('',#4221,#4222,#138,.T.);
#5457=EDGE_CURVE('',#4222,#4223,#2520,.T.);
#5458=EDGE_CURVE('',#4223,#4224,#509,.T.);
#5459=EDGE_CURVE('',#4224,#4225,#2521,.T.);
#5460=EDGE_CURVE('',#4225,#4226,#510,.T.);
#5461=EDGE_CURVE('',#4226,#4227,#2522,.T.);
#5462=EDGE_CURVE('',#4227,#4228,#511,.T.);
#5463=EDGE_CURVE('',#4228,#4229,#2523,.T.);
#5464=EDGE_CURVE('',#4229,#4230,#512,.T.);
#5465=EDGE_CURVE('',#4230,#4231,#2524,.T.);
#5466=EDGE_CURVE('',#4231,#4232,#513,.T.);
#5467=EDGE_CURVE('',#4232,#4233,#2525,.T.);
#5468=EDGE_CURVE('',#4233,#4234,#139,.T.);
#5469=EDGE_CURVE('',#4234,#4235,#2526,.T.);
#5470=EDGE_CURVE('',#3875,#4235,#2527,.T.);
#5471=EDGE_CURVE('',#3515,#3865,#2528,.T.);
#5472=EDGE_CURVE('',#4236,#4222,#2529,.T.);
#5473=EDGE_CURVE('',#4237,#4221,#140,.T.);
#5474=EDGE_CURVE('',#4236,#4237,#514,.T.);
#5475=EDGE_CURVE('',#4231,#4238,#141,.T.);
#5476=EDGE_CURVE('',#4232,#4238,#142,.T.);
#5477=EDGE_CURVE('',#4239,#4235,#2530,.F.);
#5478=EDGE_CURVE('',#4239,#4237,#2531,.T.);
#5479=EDGE_CURVE('',#4240,#4238,#2532,.T.);
#5480=EDGE_CURVE('',#4233,#4240,#2533,.T.);
#5481=EDGE_CURVE('',#4241,#4242,#35,.T.);
#5482=EDGE_CURVE('',#4243,#4242,#515,.T.);
#5483=EDGE_CURVE('',#4244,#4243,#2534,.T.);
#5484=EDGE_CURVE('',#4241,#4244,#516,.T.);
#5485=EDGE_CURVE('',#4242,#4245,#143,.T.);
#5486=EDGE_CURVE('',#4245,#4236,#2535,.T.);
#5487=EDGE_CURVE('',#4239,#4246,#2536,.T.);
#5488=EDGE_CURVE('',#4246,#4247,#517,.T.);
#5489=EDGE_CURVE('',#4247,#4248,#2537,.T.);
#5490=EDGE_CURVE('',#4248,#4249,#518,.T.);
#5491=EDGE_CURVE('',#4249,#4243,#2538,.T.);
#5492=EDGE_CURVE('',#4250,#4251,#2539,.T.);
#5493=EDGE_CURVE('',#4250,#4252,#2540,.T.);
#5494=EDGE_CURVE('',#4253,#4252,#2541,.T.);
#5495=EDGE_CURVE('',#4251,#4253,#2542,.T.);
#5496=EDGE_CURVE('',#4254,#4250,#519,.T.);
#5497=EDGE_CURVE('',#4254,#4255,#2543,.T.);
#5498=EDGE_CURVE('',#4252,#4255,#520,.T.);
#5499=EDGE_CURVE('',#4256,#4254,#2544,.T.);
#5500=EDGE_CURVE('',#4256,#4257,#2545,.T.);
#5501=EDGE_CURVE('',#4255,#4257,#2546,.T.);
#5502=EDGE_CURVE('',#4258,#4256,#521,.T.);
#5503=EDGE_CURVE('',#4258,#4259,#2547,.T.);
#5504=EDGE_CURVE('',#4257,#4259,#522,.T.);
#5505=EDGE_CURVE('',#4260,#4258,#2548,.T.);
#5506=EDGE_CURVE('',#4260,#4261,#2549,.T.);
#5507=EDGE_CURVE('',#4259,#4261,#2550,.T.);
#5508=EDGE_CURVE('',#4262,#4260,#523,.T.);
#5509=EDGE_CURVE('',#4262,#4263,#2551,.T.);
#5510=EDGE_CURVE('',#4261,#4263,#524,.T.);
#5511=EDGE_CURVE('',#4264,#4262,#2552,.T.);
#5512=EDGE_CURVE('',#4264,#4265,#2553,.T.);
#5513=EDGE_CURVE('',#4263,#4265,#2554,.T.);
#5514=EDGE_CURVE('',#4251,#4264,#525,.T.);
#5515=EDGE_CURVE('',#4265,#4253,#526,.T.);
#5516=EDGE_CURVE('',#4266,#4267,#2555,.T.);
#5517=EDGE_CURVE('',#4266,#4268,#2556,.T.);
#5518=EDGE_CURVE('',#4269,#4268,#2557,.T.);
#5519=EDGE_CURVE('',#4267,#4269,#2558,.T.);
#5520=EDGE_CURVE('',#4267,#4270,#527,.T.);
#5521=EDGE_CURVE('',#4271,#4269,#528,.T.);
#5522=EDGE_CURVE('',#4270,#4271,#2559,.T.);
#5523=EDGE_CURVE('',#4270,#4272,#2560,.T.);
#5524=EDGE_CURVE('',#4273,#4271,#2561,.T.);
#5525=EDGE_CURVE('',#4272,#4273,#2562,.T.);
#5526=EDGE_CURVE('',#4272,#4274,#529,.T.);
#5527=EDGE_CURVE('',#4275,#4273,#530,.T.);
#5528=EDGE_CURVE('',#4274,#4275,#2563,.T.);
#5529=EDGE_CURVE('',#4274,#4276,#2564,.T.);
#5530=EDGE_CURVE('',#4277,#4275,#2565,.T.);
#5531=EDGE_CURVE('',#4276,#4277,#2566,.T.);
#5532=EDGE_CURVE('',#4276,#4278,#531,.T.);
#5533=EDGE_CURVE('',#4279,#4277,#532,.T.);
#5534=EDGE_CURVE('',#4278,#4279,#2567,.T.);
#5535=EDGE_CURVE('',#4278,#4280,#2568,.T.);
#5536=EDGE_CURVE('',#4281,#4279,#2569,.T.);
#5537=EDGE_CURVE('',#4280,#4281,#2570,.T.);
#5538=EDGE_CURVE('',#4280,#4266,#533,.T.);
#5539=EDGE_CURVE('',#4268,#4281,#534,.T.);
#5540=EDGE_CURVE('',#4282,#4282,#535,.T.);
#5541=EDGE_CURVE('',#4283,#4283,#536,.T.);
#5542=EDGE_CURVE('',#4284,#4284,#537,.T.);
#5543=EDGE_CURVE('',#4284,#4283,#2571,.T.);
#5544=EDGE_CURVE('',#4244,#4285,#2572,.T.);
#5545=EDGE_CURVE('',#4285,#4286,#538,.T.);
#5546=EDGE_CURVE('',#4286,#4287,#2573,.T.);
#5547=EDGE_CURVE('',#4287,#4288,#539,.T.);
#5548=EDGE_CURVE('',#4288,#4289,#2574,.T.);
#5549=EDGE_CURVE('',#4289,#4240,#540,.T.);
#5550=EDGE_CURVE('',#4241,#4230,#144,.T.);
#5551=EDGE_CURVE('',#4282,#4290,#2575,.T.);
#5552=EDGE_CURVE('',#4290,#4290,#541,.T.);
#5553=EDGE_CURVE('',#4291,#4292,#2576,.T.);
#5554=EDGE_CURVE('',#4292,#4293,#2577,.T.);
#5555=EDGE_CURVE('',#4294,#4293,#2578,.T.);
#5556=EDGE_CURVE('',#4291,#4294,#2579,.T.);
#5557=EDGE_CURVE('',#4295,#4291,#145,.T.);
#5558=EDGE_CURVE('',#4296,#4294,#146,.T.);
#5559=EDGE_CURVE('',#4295,#4296,#2580,.T.);
#5560=EDGE_CURVE('',#4297,#4295,#2581,.T.);
#5561=EDGE_CURVE('',#4298,#4296,#2582,.T.);
#5562=EDGE_CURVE('',#4297,#4298,#2583,.T.);
#5563=EDGE_CURVE('',#4292,#4297,#147,.T.);
#5564=EDGE_CURVE('',#4293,#4298,#148,.T.);
#5565=EDGE_CURVE('',#4299,#4300,#542,.T.);
#5566=EDGE_CURVE('',#4300,#4301,#2584,.T.);
#5567=EDGE_CURVE('',#4301,#4302,#543,.T.);
#5568=EDGE_CURVE('',#4302,#4303,#2585,.T.);
#5569=EDGE_CURVE('',#4303,#4304,#544,.T.);
#5570=EDGE_CURVE('',#4304,#4305,#2586,.T.);
#5571=EDGE_CURVE('',#4305,#4306,#545,.T.);
#5572=EDGE_CURVE('',#4306,#4299,#2587,.T.);
#5573=EDGE_CURVE('',#4289,#4234,#2588,.T.);
#5574=EDGE_CURVE('',#4288,#4246,#2589,.T.);
#5575=EDGE_CURVE('',#4287,#4247,#2590,.T.);
#5576=EDGE_CURVE('',#4295,#4307,#2591,.T.);
#5577=EDGE_CURVE('',#4291,#4307,#546,.T.);
#5578=EDGE_CURVE('',#4297,#4308,#2592,.T.);
#5579=EDGE_CURVE('',#4307,#4308,#2593,.T.);
#5580=EDGE_CURVE('',#4308,#4292,#547,.T.);
#5581=EDGE_CURVE('',#4285,#4249,#2594,.T.);
#5582=EDGE_CURVE('',#4286,#4248,#2595,.T.);
#5583=EDGE_CURVE('',#4225,#4300,#2596,.T.);
#5584=EDGE_CURVE('',#4301,#4224,#2597,.T.);
#5585=EDGE_CURVE('',#4302,#4223,#2598,.T.);
#5586=EDGE_CURVE('',#4303,#4245,#2599,.T.);
#5587=EDGE_CURVE('',#4304,#4229,#2600,.T.);
#5588=EDGE_CURVE('',#4305,#4228,#2601,.T.);
#5589=EDGE_CURVE('',#4306,#4227,#2602,.T.);
#5590=EDGE_CURVE('',#4299,#4226,#2603,.T.);
#5591=EDGE_CURVE('',#4309,#4309,#548,.T.);
#5592=EDGE_CURVE('',#4310,#4311,#549,.T.);
#5593=EDGE_CURVE('',#4311,#4312,#36,.T.);
#5594=EDGE_CURVE('',#4312,#4313,#550,.T.);
#5595=EDGE_CURVE('',#4310,#4313,#37,.T.);
#5596=EDGE_CURVE('',#4313,#4314,#551,.T.);
#5597=EDGE_CURVE('',#4314,#4315,#552,.T.);
#5598=EDGE_CURVE('',#4315,#4310,#553,.T.);
#5599=EDGE_CURVE('',#4316,#4317,#554,.T.);
#5600=EDGE_CURVE('',#4317,#4315,#2604,.T.);
#5601=EDGE_CURVE('',#4314,#4316,#2605,.T.);
#5602=EDGE_CURVE('',#4311,#4317,#555,.T.);
#5603=EDGE_CURVE('',#4316,#4312,#556,.T.);
#5604=EDGE_CURVE('',#4318,#4313,#2606,.T.);
#5605=EDGE_CURVE('',#4319,#4318,#557,.T.);
#5606=EDGE_CURVE('',#4319,#4320,#558,.T.);
#5607=EDGE_CURVE('',#4320,#4314,#2607,.T.);
#5608=EDGE_CURVE('',#4321,#4312,#2608,.T.);
#5609=EDGE_CURVE('',#4322,#4321,#559,.T.);
#5610=EDGE_CURVE('',#4322,#4323,#2609,.T.);
#5611=EDGE_CURVE('',#4324,#4323,#560,.T.);
#5612=EDGE_CURVE('',#4324,#4325,#2610,.T.);
#5613=EDGE_CURVE('',#4318,#4325,#561,.T.);
#5614=EDGE_CURVE('',#4326,#4327,#562,.T.);
#5615=EDGE_CURVE('',#4327,#4328,#38,.T.);
#5616=EDGE_CURVE('',#4328,#4329,#563,.T.);
#5617=EDGE_CURVE('',#4326,#4329,#39,.T.);
#5618=EDGE_CURVE('',#4329,#4330,#564,.T.);
#5619=EDGE_CURVE('',#4330,#4331,#565,.T.);
#5620=EDGE_CURVE('',#4331,#4326,#566,.T.);
#5621=EDGE_CURVE('',#4332,#4333,#567,.T.);
#5622=EDGE_CURVE('',#4333,#4331,#2611,.T.);
#5623=EDGE_CURVE('',#4330,#4332,#2612,.T.);
#5624=EDGE_CURVE('',#4327,#4333,#568,.T.);
#5625=EDGE_CURVE('',#4332,#4328,#569,.T.);
#5626=EDGE_CURVE('',#4334,#4329,#2613,.T.);
#5627=EDGE_CURVE('',#4335,#4334,#570,.T.);
#5628=EDGE_CURVE('',#4335,#4336,#571,.T.);
#5629=EDGE_CURVE('',#4336,#4330,#2614,.T.);
#5630=EDGE_CURVE('',#4337,#4328,#2615,.T.);
#5631=EDGE_CURVE('',#4338,#4337,#572,.T.);
#5632=EDGE_CURVE('',#4338,#4339,#2616,.T.);
#5633=EDGE_CURVE('',#4340,#4339,#573,.T.);
#5634=EDGE_CURVE('',#4340,#4341,#2617,.T.);
#5635=EDGE_CURVE('',#4334,#4341,#574,.T.);
#5636=EDGE_CURVE('',#4342,#4320,#2618,.T.);
#5637=EDGE_CURVE('',#4342,#4316,#2619,.T.);
#5638=EDGE_CURVE('',#4342,#4343,#575,.T.);
#5639=EDGE_CURVE('',#4321,#4343,#576,.T.);
#5640=EDGE_CURVE('',#4319,#4343,#2620,.T.);
#5641=EDGE_CURVE('',#4325,#4319,#2621,.T.);
#5642=EDGE_CURVE('',#4343,#4322,#2622,.T.);
#5643=EDGE_CURVE('',#4336,#4344,#2623,.T.);
#5644=EDGE_CURVE('',#4344,#4332,#2624,.T.);
#5645=EDGE_CURVE('',#4344,#4345,#577,.T.);
#5646=EDGE_CURVE('',#4337,#4345,#578,.T.);
#5647=EDGE_CURVE('',#4335,#4345,#2625,.T.);
#5648=EDGE_CURVE('',#4341,#4335,#2626,.T.);
#5649=EDGE_CURVE('',#4345,#4338,#2627,.T.);
#5650=EDGE_CURVE('',#4323,#4324,#2628,.T.);
#5651=EDGE_CURVE('',#4339,#4340,#2629,.T.);
#5652=EDGE_CURVE('',#4346,#4346,#579,.T.);
#5653=EDGE_CURVE('',#4346,#4309,#2630,.T.);
#5654=ORIENTED_EDGE('',*,*,#4347,.F.);
#5655=ORIENTED_EDGE('',*,*,#4348,.T.);
#5656=ORIENTED_EDGE('',*,*,#4349,.T.);
#5657=ORIENTED_EDGE('',*,*,#4350,.F.);
#5658=ORIENTED_EDGE('',*,*,#4351,.F.);
#5659=ORIENTED_EDGE('',*,*,#4352,.T.);
#5660=ORIENTED_EDGE('',*,*,#4353,.T.);
#5661=ORIENTED_EDGE('',*,*,#4348,.F.);
#5662=ORIENTED_EDGE('',*,*,#4354,.F.);
#5663=ORIENTED_EDGE('',*,*,#4355,.T.);
#5664=ORIENTED_EDGE('',*,*,#4356,.T.);
#5665=ORIENTED_EDGE('',*,*,#4352,.F.);
#5666=ORIENTED_EDGE('',*,*,#4357,.F.);
#5667=ORIENTED_EDGE('',*,*,#4358,.T.);
#5668=ORIENTED_EDGE('',*,*,#4359,.T.);
#5669=ORIENTED_EDGE('',*,*,#4355,.F.);
#5670=ORIENTED_EDGE('',*,*,#4360,.F.);
#5671=ORIENTED_EDGE('',*,*,#4361,.T.);
#5672=ORIENTED_EDGE('',*,*,#4362,.T.);
#5673=ORIENTED_EDGE('',*,*,#4358,.F.);
#5674=ORIENTED_EDGE('',*,*,#4363,.F.);
#5675=ORIENTED_EDGE('',*,*,#4364,.T.);
#5676=ORIENTED_EDGE('',*,*,#4365,.T.);
#5677=ORIENTED_EDGE('',*,*,#4361,.F.);
#5678=ORIENTED_EDGE('',*,*,#4366,.F.);
#5679=ORIENTED_EDGE('',*,*,#4367,.T.);
#5680=ORIENTED_EDGE('',*,*,#4368,.T.);
#5681=ORIENTED_EDGE('',*,*,#4364,.F.);
#5682=ORIENTED_EDGE('',*,*,#4369,.F.);
#5683=ORIENTED_EDGE('',*,*,#4350,.T.);
#5684=ORIENTED_EDGE('',*,*,#4370,.T.);
#5685=ORIENTED_EDGE('',*,*,#4367,.F.);
#5686=ORIENTED_EDGE('',*,*,#4370,.F.);
#5687=ORIENTED_EDGE('',*,*,#4349,.F.);
#5688=ORIENTED_EDGE('',*,*,#4353,.F.);
#5689=ORIENTED_EDGE('',*,*,#4356,.F.);
#5690=ORIENTED_EDGE('',*,*,#4359,.F.);
#5691=ORIENTED_EDGE('',*,*,#4362,.F.);
#5692=ORIENTED_EDGE('',*,*,#4365,.F.);
#5693=ORIENTED_EDGE('',*,*,#4368,.F.);
#5694=ORIENTED_EDGE('',*,*,#4371,.F.);
#5695=ORIENTED_EDGE('',*,*,#4372,.F.);
#5696=ORIENTED_EDGE('',*,*,#4373,.F.);
#5697=ORIENTED_EDGE('',*,*,#4374,.T.);
#5698=ORIENTED_EDGE('',*,*,#4375,.F.);
#5699=ORIENTED_EDGE('',*,*,#4374,.F.);
#5700=ORIENTED_EDGE('',*,*,#4376,.F.);
#5701=ORIENTED_EDGE('',*,*,#4377,.T.);
#5702=ORIENTED_EDGE('',*,*,#4378,.F.);
#5703=ORIENTED_EDGE('',*,*,#4377,.F.);
#5704=ORIENTED_EDGE('',*,*,#4379,.F.);
#5705=ORIENTED_EDGE('',*,*,#4380,.T.);
#5706=ORIENTED_EDGE('',*,*,#4381,.F.);
#5707=ORIENTED_EDGE('',*,*,#4380,.F.);
#5708=ORIENTED_EDGE('',*,*,#4382,.F.);
#5709=ORIENTED_EDGE('',*,*,#4383,.T.);
#5710=ORIENTED_EDGE('',*,*,#4384,.F.);
#5711=ORIENTED_EDGE('',*,*,#4385,.F.);
#5712=ORIENTED_EDGE('',*,*,#4386,.T.);
#5713=ORIENTED_EDGE('',*,*,#4387,.T.);
#5714=ORIENTED_EDGE('',*,*,#4388,.F.);
#5715=ORIENTED_EDGE('',*,*,#4389,.F.);
#5716=ORIENTED_EDGE('',*,*,#4390,.T.);
#5717=ORIENTED_EDGE('',*,*,#4386,.F.);
#5718=ORIENTED_EDGE('',*,*,#4391,.F.);
#5719=ORIENTED_EDGE('',*,*,#4392,.T.);
#5720=ORIENTED_EDGE('',*,*,#4393,.F.);
#5721=ORIENTED_EDGE('',*,*,#4394,.F.);
#5722=ORIENTED_EDGE('',*,*,#4392,.F.);
#5723=ORIENTED_EDGE('',*,*,#4395,.F.);
#5724=ORIENTED_EDGE('',*,*,#4372,.T.);
#5725=ORIENTED_EDGE('',*,*,#4396,.F.);
#5726=ORIENTED_EDGE('',*,*,#4383,.F.);
#5727=ORIENTED_EDGE('',*,*,#4397,.F.);
#5728=ORIENTED_EDGE('',*,*,#4388,.T.);
#5729=ORIENTED_EDGE('',*,*,#4398,.T.);
#5730=ORIENTED_EDGE('',*,*,#4399,.F.);
#5731=ORIENTED_EDGE('',*,*,#4398,.F.);
#5732=ORIENTED_EDGE('',*,*,#4387,.F.);
#5733=ORIENTED_EDGE('',*,*,#4390,.F.);
#5734=ORIENTED_EDGE('',*,*,#4400,.F.);
#5735=ORIENTED_EDGE('',*,*,#4401,.F.);
#5736=ORIENTED_EDGE('',*,*,#4402,.F.);
#5737=ORIENTED_EDGE('',*,*,#4403,.T.);
#5738=ORIENTED_EDGE('',*,*,#4404,.F.);
#5739=ORIENTED_EDGE('',*,*,#4403,.F.);
#5740=ORIENTED_EDGE('',*,*,#4405,.F.);
#5741=ORIENTED_EDGE('',*,*,#4406,.T.);
#5742=ORIENTED_EDGE('',*,*,#4407,.F.);
#5743=ORIENTED_EDGE('',*,*,#4406,.F.);
#5744=ORIENTED_EDGE('',*,*,#4408,.F.);
#5745=ORIENTED_EDGE('',*,*,#4409,.T.);
#5746=ORIENTED_EDGE('',*,*,#4410,.F.);
#5747=ORIENTED_EDGE('',*,*,#4409,.F.);
#5748=ORIENTED_EDGE('',*,*,#4411,.F.);
#5749=ORIENTED_EDGE('',*,*,#4412,.T.);
#5750=ORIENTED_EDGE('',*,*,#4413,.F.);
#5751=ORIENTED_EDGE('',*,*,#4412,.F.);
#5752=ORIENTED_EDGE('',*,*,#4414,.F.);
#5753=ORIENTED_EDGE('',*,*,#4415,.T.);
#5754=ORIENTED_EDGE('',*,*,#4416,.F.);
#5755=ORIENTED_EDGE('',*,*,#4415,.F.);
#5756=ORIENTED_EDGE('',*,*,#4417,.F.);
#5757=ORIENTED_EDGE('',*,*,#4418,.T.);
#5758=ORIENTED_EDGE('',*,*,#4419,.F.);
#5759=ORIENTED_EDGE('',*,*,#4418,.F.);
#5760=ORIENTED_EDGE('',*,*,#4420,.F.);
#5761=ORIENTED_EDGE('',*,*,#4421,.T.);
#5762=ORIENTED_EDGE('',*,*,#4422,.F.);
#5763=ORIENTED_EDGE('',*,*,#4421,.F.);
#5764=ORIENTED_EDGE('',*,*,#4423,.F.);
#5765=ORIENTED_EDGE('',*,*,#4401,.T.);
#5766=ORIENTED_EDGE('',*,*,#4424,.F.);
#5767=ORIENTED_EDGE('',*,*,#4425,.F.);
#5768=ORIENTED_EDGE('',*,*,#4426,.F.);
#5769=ORIENTED_EDGE('',*,*,#4427,.T.);
#5770=ORIENTED_EDGE('',*,*,#4428,.F.);
#5771=ORIENTED_EDGE('',*,*,#4427,.F.);
#5772=ORIENTED_EDGE('',*,*,#4429,.F.);
#5773=ORIENTED_EDGE('',*,*,#4430,.T.);
#5774=ORIENTED_EDGE('',*,*,#4431,.F.);
#5775=ORIENTED_EDGE('',*,*,#4430,.F.);
#5776=ORIENTED_EDGE('',*,*,#4432,.F.);
#5777=ORIENTED_EDGE('',*,*,#4433,.T.);
#5778=ORIENTED_EDGE('',*,*,#4434,.F.);
#5779=ORIENTED_EDGE('',*,*,#4433,.F.);
#5780=ORIENTED_EDGE('',*,*,#4435,.F.);
#5781=ORIENTED_EDGE('',*,*,#4436,.T.);
#5782=ORIENTED_EDGE('',*,*,#4437,.F.);
#5783=ORIENTED_EDGE('',*,*,#4436,.F.);
#5784=ORIENTED_EDGE('',*,*,#4438,.F.);
#5785=ORIENTED_EDGE('',*,*,#4439,.T.);
#5786=ORIENTED_EDGE('',*,*,#4440,.F.);
#5787=ORIENTED_EDGE('',*,*,#4439,.F.);
#5788=ORIENTED_EDGE('',*,*,#4441,.F.);
#5789=ORIENTED_EDGE('',*,*,#4442,.T.);
#5790=ORIENTED_EDGE('',*,*,#4443,.F.);
#5791=ORIENTED_EDGE('',*,*,#4442,.F.);
#5792=ORIENTED_EDGE('',*,*,#4444,.F.);
#5793=ORIENTED_EDGE('',*,*,#4445,.T.);
#5794=ORIENTED_EDGE('',*,*,#4446,.F.);
#5795=ORIENTED_EDGE('',*,*,#4445,.F.);
#5796=ORIENTED_EDGE('',*,*,#4447,.F.);
#5797=ORIENTED_EDGE('',*,*,#4425,.T.);
#5798=ORIENTED_EDGE('',*,*,#4448,.F.);
#5799=ORIENTED_EDGE('',*,*,#4449,.F.);
#5800=ORIENTED_EDGE('',*,*,#4450,.F.);
#5801=ORIENTED_EDGE('',*,*,#4451,.T.);
#5802=ORIENTED_EDGE('',*,*,#4452,.F.);
#5803=ORIENTED_EDGE('',*,*,#4451,.F.);
#5804=ORIENTED_EDGE('',*,*,#4453,.F.);
#5805=ORIENTED_EDGE('',*,*,#4454,.T.);
#5806=ORIENTED_EDGE('',*,*,#4455,.F.);
#5807=ORIENTED_EDGE('',*,*,#4454,.F.);
#5808=ORIENTED_EDGE('',*,*,#4456,.F.);
#5809=ORIENTED_EDGE('',*,*,#4457,.T.);
#5810=ORIENTED_EDGE('',*,*,#4458,.F.);
#5811=ORIENTED_EDGE('',*,*,#4457,.F.);
#5812=ORIENTED_EDGE('',*,*,#4459,.F.);
#5813=ORIENTED_EDGE('',*,*,#4460,.T.);
#5814=ORIENTED_EDGE('',*,*,#4461,.F.);
#5815=ORIENTED_EDGE('',*,*,#4460,.F.);
#5816=ORIENTED_EDGE('',*,*,#4462,.F.);
#5817=ORIENTED_EDGE('',*,*,#4463,.T.);
#5818=ORIENTED_EDGE('',*,*,#4464,.F.);
#5819=ORIENTED_EDGE('',*,*,#4463,.F.);
#5820=ORIENTED_EDGE('',*,*,#4465,.F.);
#5821=ORIENTED_EDGE('',*,*,#4466,.T.);
#5822=ORIENTED_EDGE('',*,*,#4467,.F.);
#5823=ORIENTED_EDGE('',*,*,#4466,.F.);
#5824=ORIENTED_EDGE('',*,*,#4468,.F.);
#5825=ORIENTED_EDGE('',*,*,#4469,.T.);
#5826=ORIENTED_EDGE('',*,*,#4470,.F.);
#5827=ORIENTED_EDGE('',*,*,#4469,.F.);
#5828=ORIENTED_EDGE('',*,*,#4471,.F.);
#5829=ORIENTED_EDGE('',*,*,#4449,.T.);
#5830=ORIENTED_EDGE('',*,*,#4472,.F.);
#5831=ORIENTED_EDGE('',*,*,#4473,.F.);
#5832=ORIENTED_EDGE('',*,*,#4474,.F.);
#5833=ORIENTED_EDGE('',*,*,#4475,.T.);
#5834=ORIENTED_EDGE('',*,*,#4476,.F.);
#5835=ORIENTED_EDGE('',*,*,#4475,.F.);
#5836=ORIENTED_EDGE('',*,*,#4477,.F.);
#5837=ORIENTED_EDGE('',*,*,#4478,.T.);
#5838=ORIENTED_EDGE('',*,*,#4479,.F.);
#5839=ORIENTED_EDGE('',*,*,#4478,.F.);
#5840=ORIENTED_EDGE('',*,*,#4480,.F.);
#5841=ORIENTED_EDGE('',*,*,#4481,.T.);
#5842=ORIENTED_EDGE('',*,*,#4482,.F.);
#5843=ORIENTED_EDGE('',*,*,#4481,.F.);
#5844=ORIENTED_EDGE('',*,*,#4483,.F.);
#5845=ORIENTED_EDGE('',*,*,#4484,.T.);
#5846=ORIENTED_EDGE('',*,*,#4485,.F.);
#5847=ORIENTED_EDGE('',*,*,#4484,.F.);
#5848=ORIENTED_EDGE('',*,*,#4486,.F.);
#5849=ORIENTED_EDGE('',*,*,#4487,.T.);
#5850=ORIENTED_EDGE('',*,*,#4488,.F.);
#5851=ORIENTED_EDGE('',*,*,#4487,.F.);
#5852=ORIENTED_EDGE('',*,*,#4489,.F.);
#5853=ORIENTED_EDGE('',*,*,#4490,.T.);
#5854=ORIENTED_EDGE('',*,*,#4491,.F.);
#5855=ORIENTED_EDGE('',*,*,#4490,.F.);
#5856=ORIENTED_EDGE('',*,*,#4492,.F.);
#5857=ORIENTED_EDGE('',*,*,#4493,.T.);
#5858=ORIENTED_EDGE('',*,*,#4494,.F.);
#5859=ORIENTED_EDGE('',*,*,#4493,.F.);
#5860=ORIENTED_EDGE('',*,*,#4495,.F.);
#5861=ORIENTED_EDGE('',*,*,#4473,.T.);
#5862=ORIENTED_EDGE('',*,*,#4496,.F.);
#5863=ORIENTED_EDGE('',*,*,#4497,.F.);
#5864=ORIENTED_EDGE('',*,*,#4498,.F.);
#5865=ORIENTED_EDGE('',*,*,#4499,.T.);
#5866=ORIENTED_EDGE('',*,*,#4500,.F.);
#5867=ORIENTED_EDGE('',*,*,#4499,.F.);
#5868=ORIENTED_EDGE('',*,*,#4501,.F.);
#5869=ORIENTED_EDGE('',*,*,#4502,.T.);
#5870=ORIENTED_EDGE('',*,*,#4503,.F.);
#5871=ORIENTED_EDGE('',*,*,#4502,.F.);
#5872=ORIENTED_EDGE('',*,*,#4504,.F.);
#5873=ORIENTED_EDGE('',*,*,#4505,.T.);
#5874=ORIENTED_EDGE('',*,*,#4506,.F.);
#5875=ORIENTED_EDGE('',*,*,#4505,.F.);
#5876=ORIENTED_EDGE('',*,*,#4507,.F.);
#5877=ORIENTED_EDGE('',*,*,#4508,.T.);
#5878=ORIENTED_EDGE('',*,*,#4509,.F.);
#5879=ORIENTED_EDGE('',*,*,#4508,.F.);
#5880=ORIENTED_EDGE('',*,*,#4510,.F.);
#5881=ORIENTED_EDGE('',*,*,#4511,.T.);
#5882=ORIENTED_EDGE('',*,*,#4512,.F.);
#5883=ORIENTED_EDGE('',*,*,#4511,.F.);
#5884=ORIENTED_EDGE('',*,*,#4513,.F.);
#5885=ORIENTED_EDGE('',*,*,#4514,.T.);
#5886=ORIENTED_EDGE('',*,*,#4515,.F.);
#5887=ORIENTED_EDGE('',*,*,#4514,.F.);
#5888=ORIENTED_EDGE('',*,*,#4516,.F.);
#5889=ORIENTED_EDGE('',*,*,#4517,.T.);
#5890=ORIENTED_EDGE('',*,*,#4518,.F.);
#5891=ORIENTED_EDGE('',*,*,#4517,.F.);
#5892=ORIENTED_EDGE('',*,*,#4519,.F.);
#5893=ORIENTED_EDGE('',*,*,#4497,.T.);
#5894=ORIENTED_EDGE('',*,*,#4520,.F.);
#5895=ORIENTED_EDGE('',*,*,#4521,.F.);
#5896=ORIENTED_EDGE('',*,*,#4522,.F.);
#5897=ORIENTED_EDGE('',*,*,#4523,.T.);
#5898=ORIENTED_EDGE('',*,*,#4524,.F.);
#5899=ORIENTED_EDGE('',*,*,#4523,.F.);
#5900=ORIENTED_EDGE('',*,*,#4525,.F.);
#5901=ORIENTED_EDGE('',*,*,#4526,.T.);
#5902=ORIENTED_EDGE('',*,*,#4527,.F.);
#5903=ORIENTED_EDGE('',*,*,#4526,.F.);
#5904=ORIENTED_EDGE('',*,*,#4528,.F.);
#5905=ORIENTED_EDGE('',*,*,#4529,.T.);
#5906=ORIENTED_EDGE('',*,*,#4530,.F.);
#5907=ORIENTED_EDGE('',*,*,#4529,.F.);
#5908=ORIENTED_EDGE('',*,*,#4531,.F.);
#5909=ORIENTED_EDGE('',*,*,#4532,.T.);
#5910=ORIENTED_EDGE('',*,*,#4533,.F.);
#5911=ORIENTED_EDGE('',*,*,#4532,.F.);
#5912=ORIENTED_EDGE('',*,*,#4534,.F.);
#5913=ORIENTED_EDGE('',*,*,#4535,.T.);
#5914=ORIENTED_EDGE('',*,*,#4536,.F.);
#5915=ORIENTED_EDGE('',*,*,#4535,.F.);
#5916=ORIENTED_EDGE('',*,*,#4537,.F.);
#5917=ORIENTED_EDGE('',*,*,#4538,.T.);
#5918=ORIENTED_EDGE('',*,*,#4539,.F.);
#5919=ORIENTED_EDGE('',*,*,#4538,.F.);
#5920=ORIENTED_EDGE('',*,*,#4540,.F.);
#5921=ORIENTED_EDGE('',*,*,#4541,.T.);
#5922=ORIENTED_EDGE('',*,*,#4542,.F.);
#5923=ORIENTED_EDGE('',*,*,#4541,.F.);
#5924=ORIENTED_EDGE('',*,*,#4543,.F.);
#5925=ORIENTED_EDGE('',*,*,#4521,.T.);
#5926=ORIENTED_EDGE('',*,*,#4544,.F.);
#5927=ORIENTED_EDGE('',*,*,#4545,.F.);
#5928=ORIENTED_EDGE('',*,*,#4546,.F.);
#5929=ORIENTED_EDGE('',*,*,#4547,.T.);
#5930=ORIENTED_EDGE('',*,*,#4548,.F.);
#5931=ORIENTED_EDGE('',*,*,#4547,.F.);
#5932=ORIENTED_EDGE('',*,*,#4549,.F.);
#5933=ORIENTED_EDGE('',*,*,#4550,.T.);
#5934=ORIENTED_EDGE('',*,*,#4551,.F.);
#5935=ORIENTED_EDGE('',*,*,#4550,.F.);
#5936=ORIENTED_EDGE('',*,*,#4552,.F.);
#5937=ORIENTED_EDGE('',*,*,#4553,.T.);
#5938=ORIENTED_EDGE('',*,*,#4554,.F.);
#5939=ORIENTED_EDGE('',*,*,#4553,.F.);
#5940=ORIENTED_EDGE('',*,*,#4555,.F.);
#5941=ORIENTED_EDGE('',*,*,#4556,.T.);
#5942=ORIENTED_EDGE('',*,*,#4557,.F.);
#5943=ORIENTED_EDGE('',*,*,#4556,.F.);
#5944=ORIENTED_EDGE('',*,*,#4558,.F.);
#5945=ORIENTED_EDGE('',*,*,#4559,.T.);
#5946=ORIENTED_EDGE('',*,*,#4560,.F.);
#5947=ORIENTED_EDGE('',*,*,#4559,.F.);
#5948=ORIENTED_EDGE('',*,*,#4561,.F.);
#5949=ORIENTED_EDGE('',*,*,#4562,.T.);
#5950=ORIENTED_EDGE('',*,*,#4563,.F.);
#5951=ORIENTED_EDGE('',*,*,#4562,.F.);
#5952=ORIENTED_EDGE('',*,*,#4564,.F.);
#5953=ORIENTED_EDGE('',*,*,#4565,.T.);
#5954=ORIENTED_EDGE('',*,*,#4566,.F.);
#5955=ORIENTED_EDGE('',*,*,#4565,.F.);
#5956=ORIENTED_EDGE('',*,*,#4567,.F.);
#5957=ORIENTED_EDGE('',*,*,#4545,.T.);
#5958=ORIENTED_EDGE('',*,*,#4568,.F.);
#5959=ORIENTED_EDGE('',*,*,#4569,.F.);
#5960=ORIENTED_EDGE('',*,*,#4570,.F.);
#5961=ORIENTED_EDGE('',*,*,#4571,.T.);
#5962=ORIENTED_EDGE('',*,*,#4572,.F.);
#5963=ORIENTED_EDGE('',*,*,#4571,.F.);
#5964=ORIENTED_EDGE('',*,*,#4573,.F.);
#5965=ORIENTED_EDGE('',*,*,#4574,.T.);
#5966=ORIENTED_EDGE('',*,*,#4575,.F.);
#5967=ORIENTED_EDGE('',*,*,#4574,.F.);
#5968=ORIENTED_EDGE('',*,*,#4576,.F.);
#5969=ORIENTED_EDGE('',*,*,#4577,.T.);
#5970=ORIENTED_EDGE('',*,*,#4578,.F.);
#5971=ORIENTED_EDGE('',*,*,#4577,.F.);
#5972=ORIENTED_EDGE('',*,*,#4579,.F.);
#5973=ORIENTED_EDGE('',*,*,#4580,.T.);
#5974=ORIENTED_EDGE('',*,*,#4581,.F.);
#5975=ORIENTED_EDGE('',*,*,#4580,.F.);
#5976=ORIENTED_EDGE('',*,*,#4582,.F.);
#5977=ORIENTED_EDGE('',*,*,#4583,.T.);
#5978=ORIENTED_EDGE('',*,*,#4584,.F.);
#5979=ORIENTED_EDGE('',*,*,#4583,.F.);
#5980=ORIENTED_EDGE('',*,*,#4585,.F.);
#5981=ORIENTED_EDGE('',*,*,#4586,.T.);
#5982=ORIENTED_EDGE('',*,*,#4587,.F.);
#5983=ORIENTED_EDGE('',*,*,#4586,.F.);
#5984=ORIENTED_EDGE('',*,*,#4588,.F.);
#5985=ORIENTED_EDGE('',*,*,#4589,.T.);
#5986=ORIENTED_EDGE('',*,*,#4590,.F.);
#5987=ORIENTED_EDGE('',*,*,#4589,.F.);
#5988=ORIENTED_EDGE('',*,*,#4591,.F.);
#5989=ORIENTED_EDGE('',*,*,#4569,.T.);
#5990=ORIENTED_EDGE('',*,*,#4592,.F.);
#5991=ORIENTED_EDGE('',*,*,#4593,.F.);
#5992=ORIENTED_EDGE('',*,*,#4594,.F.);
#5993=ORIENTED_EDGE('',*,*,#4595,.T.);
#5994=ORIENTED_EDGE('',*,*,#4596,.F.);
#5995=ORIENTED_EDGE('',*,*,#4595,.F.);
#5996=ORIENTED_EDGE('',*,*,#4597,.F.);
#5997=ORIENTED_EDGE('',*,*,#4598,.T.);
#5998=ORIENTED_EDGE('',*,*,#4599,.F.);
#5999=ORIENTED_EDGE('',*,*,#4598,.F.);
#6000=ORIENTED_EDGE('',*,*,#4600,.F.);
#6001=ORIENTED_EDGE('',*,*,#4601,.T.);
#6002=ORIENTED_EDGE('',*,*,#4602,.F.);
#6003=ORIENTED_EDGE('',*,*,#4601,.F.);
#6004=ORIENTED_EDGE('',*,*,#4603,.F.);
#6005=ORIENTED_EDGE('',*,*,#4604,.T.);
#6006=ORIENTED_EDGE('',*,*,#4605,.F.);
#6007=ORIENTED_EDGE('',*,*,#4604,.F.);
#6008=ORIENTED_EDGE('',*,*,#4606,.F.);
#6009=ORIENTED_EDGE('',*,*,#4607,.T.);
#6010=ORIENTED_EDGE('',*,*,#4608,.F.);
#6011=ORIENTED_EDGE('',*,*,#4607,.F.);
#6012=ORIENTED_EDGE('',*,*,#4609,.F.);
#6013=ORIENTED_EDGE('',*,*,#4610,.T.);
#6014=ORIENTED_EDGE('',*,*,#4611,.F.);
#6015=ORIENTED_EDGE('',*,*,#4610,.F.);
#6016=ORIENTED_EDGE('',*,*,#4612,.F.);
#6017=ORIENTED_EDGE('',*,*,#4613,.T.);
#6018=ORIENTED_EDGE('',*,*,#4614,.F.);
#6019=ORIENTED_EDGE('',*,*,#4613,.F.);
#6020=ORIENTED_EDGE('',*,*,#4615,.F.);
#6021=ORIENTED_EDGE('',*,*,#4593,.T.);
#6022=ORIENTED_EDGE('',*,*,#4616,.F.);
#6023=ORIENTED_EDGE('',*,*,#4617,.F.);
#6024=ORIENTED_EDGE('',*,*,#4618,.F.);
#6025=ORIENTED_EDGE('',*,*,#4619,.T.);
#6026=ORIENTED_EDGE('',*,*,#4620,.F.);
#6027=ORIENTED_EDGE('',*,*,#4619,.F.);
#6028=ORIENTED_EDGE('',*,*,#4621,.F.);
#6029=ORIENTED_EDGE('',*,*,#4622,.T.);
#6030=ORIENTED_EDGE('',*,*,#4623,.F.);
#6031=ORIENTED_EDGE('',*,*,#4622,.F.);
#6032=ORIENTED_EDGE('',*,*,#4624,.F.);
#6033=ORIENTED_EDGE('',*,*,#4625,.T.);
#6034=ORIENTED_EDGE('',*,*,#4626,.F.);
#6035=ORIENTED_EDGE('',*,*,#4625,.F.);
#6036=ORIENTED_EDGE('',*,*,#4627,.F.);
#6037=ORIENTED_EDGE('',*,*,#4628,.T.);
#6038=ORIENTED_EDGE('',*,*,#4629,.F.);
#6039=ORIENTED_EDGE('',*,*,#4628,.F.);
#6040=ORIENTED_EDGE('',*,*,#4630,.F.);
#6041=ORIENTED_EDGE('',*,*,#4631,.T.);
#6042=ORIENTED_EDGE('',*,*,#4632,.F.);
#6043=ORIENTED_EDGE('',*,*,#4631,.F.);
#6044=ORIENTED_EDGE('',*,*,#4633,.F.);
#6045=ORIENTED_EDGE('',*,*,#4634,.T.);
#6046=ORIENTED_EDGE('',*,*,#4635,.F.);
#6047=ORIENTED_EDGE('',*,*,#4634,.F.);
#6048=ORIENTED_EDGE('',*,*,#4636,.F.);
#6049=ORIENTED_EDGE('',*,*,#4637,.T.);
#6050=ORIENTED_EDGE('',*,*,#4638,.F.);
#6051=ORIENTED_EDGE('',*,*,#4637,.F.);
#6052=ORIENTED_EDGE('',*,*,#4639,.F.);
#6053=ORIENTED_EDGE('',*,*,#4617,.T.);
#6054=ORIENTED_EDGE('',*,*,#4640,.F.);
#6055=ORIENTED_EDGE('',*,*,#4641,.F.);
#6056=ORIENTED_EDGE('',*,*,#4642,.F.);
#6057=ORIENTED_EDGE('',*,*,#4643,.T.);
#6058=ORIENTED_EDGE('',*,*,#4644,.F.);
#6059=ORIENTED_EDGE('',*,*,#4643,.F.);
#6060=ORIENTED_EDGE('',*,*,#4645,.F.);
#6061=ORIENTED_EDGE('',*,*,#4646,.T.);
#6062=ORIENTED_EDGE('',*,*,#4647,.F.);
#6063=ORIENTED_EDGE('',*,*,#4646,.F.);
#6064=ORIENTED_EDGE('',*,*,#4648,.F.);
#6065=ORIENTED_EDGE('',*,*,#4649,.T.);
#6066=ORIENTED_EDGE('',*,*,#4650,.F.);
#6067=ORIENTED_EDGE('',*,*,#4649,.F.);
#6068=ORIENTED_EDGE('',*,*,#4651,.F.);
#6069=ORIENTED_EDGE('',*,*,#4652,.T.);
#6070=ORIENTED_EDGE('',*,*,#4653,.F.);
#6071=ORIENTED_EDGE('',*,*,#4652,.F.);
#6072=ORIENTED_EDGE('',*,*,#4654,.F.);
#6073=ORIENTED_EDGE('',*,*,#4655,.T.);
#6074=ORIENTED_EDGE('',*,*,#4656,.F.);
#6075=ORIENTED_EDGE('',*,*,#4655,.F.);
#6076=ORIENTED_EDGE('',*,*,#4657,.F.);
#6077=ORIENTED_EDGE('',*,*,#4658,.T.);
#6078=ORIENTED_EDGE('',*,*,#4659,.F.);
#6079=ORIENTED_EDGE('',*,*,#4658,.F.);
#6080=ORIENTED_EDGE('',*,*,#4660,.F.);
#6081=ORIENTED_EDGE('',*,*,#4661,.T.);
#6082=ORIENTED_EDGE('',*,*,#4662,.F.);
#6083=ORIENTED_EDGE('',*,*,#4661,.F.);
#6084=ORIENTED_EDGE('',*,*,#4663,.F.);
#6085=ORIENTED_EDGE('',*,*,#4641,.T.);
#6086=ORIENTED_EDGE('',*,*,#4664,.F.);
#6087=ORIENTED_EDGE('',*,*,#4665,.F.);
#6088=ORIENTED_EDGE('',*,*,#4666,.F.);
#6089=ORIENTED_EDGE('',*,*,#4667,.T.);
#6090=ORIENTED_EDGE('',*,*,#4668,.F.);
#6091=ORIENTED_EDGE('',*,*,#4667,.F.);
#6092=ORIENTED_EDGE('',*,*,#4669,.F.);
#6093=ORIENTED_EDGE('',*,*,#4670,.T.);
#6094=ORIENTED_EDGE('',*,*,#4671,.F.);
#6095=ORIENTED_EDGE('',*,*,#4670,.F.);
#6096=ORIENTED_EDGE('',*,*,#4672,.F.);
#6097=ORIENTED_EDGE('',*,*,#4673,.T.);
#6098=ORIENTED_EDGE('',*,*,#4674,.F.);
#6099=ORIENTED_EDGE('',*,*,#4673,.F.);
#6100=ORIENTED_EDGE('',*,*,#4675,.F.);
#6101=ORIENTED_EDGE('',*,*,#4676,.T.);
#6102=ORIENTED_EDGE('',*,*,#4677,.F.);
#6103=ORIENTED_EDGE('',*,*,#4676,.F.);
#6104=ORIENTED_EDGE('',*,*,#4678,.F.);
#6105=ORIENTED_EDGE('',*,*,#4679,.T.);
#6106=ORIENTED_EDGE('',*,*,#4680,.F.);
#6107=ORIENTED_EDGE('',*,*,#4679,.F.);
#6108=ORIENTED_EDGE('',*,*,#4681,.F.);
#6109=ORIENTED_EDGE('',*,*,#4682,.T.);
#6110=ORIENTED_EDGE('',*,*,#4683,.F.);
#6111=ORIENTED_EDGE('',*,*,#4682,.F.);
#6112=ORIENTED_EDGE('',*,*,#4684,.F.);
#6113=ORIENTED_EDGE('',*,*,#4685,.T.);
#6114=ORIENTED_EDGE('',*,*,#4686,.F.);
#6115=ORIENTED_EDGE('',*,*,#4685,.F.);
#6116=ORIENTED_EDGE('',*,*,#4687,.F.);
#6117=ORIENTED_EDGE('',*,*,#4665,.T.);
#6118=ORIENTED_EDGE('',*,*,#4688,.F.);
#6119=ORIENTED_EDGE('',*,*,#4689,.F.);
#6120=ORIENTED_EDGE('',*,*,#4690,.F.);
#6121=ORIENTED_EDGE('',*,*,#4691,.T.);
#6122=ORIENTED_EDGE('',*,*,#4692,.F.);
#6123=ORIENTED_EDGE('',*,*,#4691,.F.);
#6124=ORIENTED_EDGE('',*,*,#4693,.F.);
#6125=ORIENTED_EDGE('',*,*,#4694,.T.);
#6126=ORIENTED_EDGE('',*,*,#4695,.F.);
#6127=ORIENTED_EDGE('',*,*,#4694,.F.);
#6128=ORIENTED_EDGE('',*,*,#4696,.F.);
#6129=ORIENTED_EDGE('',*,*,#4697,.T.);
#6130=ORIENTED_EDGE('',*,*,#4698,.F.);
#6131=ORIENTED_EDGE('',*,*,#4697,.F.);
#6132=ORIENTED_EDGE('',*,*,#4699,.F.);
#6133=ORIENTED_EDGE('',*,*,#4700,.T.);
#6134=ORIENTED_EDGE('',*,*,#4701,.F.);
#6135=ORIENTED_EDGE('',*,*,#4700,.F.);
#6136=ORIENTED_EDGE('',*,*,#4702,.F.);
#6137=ORIENTED_EDGE('',*,*,#4703,.T.);
#6138=ORIENTED_EDGE('',*,*,#4704,.F.);
#6139=ORIENTED_EDGE('',*,*,#4703,.F.);
#6140=ORIENTED_EDGE('',*,*,#4705,.F.);
#6141=ORIENTED_EDGE('',*,*,#4706,.T.);
#6142=ORIENTED_EDGE('',*,*,#4707,.F.);
#6143=ORIENTED_EDGE('',*,*,#4706,.F.);
#6144=ORIENTED_EDGE('',*,*,#4708,.F.);
#6145=ORIENTED_EDGE('',*,*,#4709,.T.);
#6146=ORIENTED_EDGE('',*,*,#4710,.F.);
#6147=ORIENTED_EDGE('',*,*,#4709,.F.);
#6148=ORIENTED_EDGE('',*,*,#4711,.F.);
#6149=ORIENTED_EDGE('',*,*,#4689,.T.);
#6150=ORIENTED_EDGE('',*,*,#4712,.F.);
#6151=ORIENTED_EDGE('',*,*,#4713,.F.);
#6152=ORIENTED_EDGE('',*,*,#4714,.F.);
#6153=ORIENTED_EDGE('',*,*,#4715,.T.);
#6154=ORIENTED_EDGE('',*,*,#4716,.F.);
#6155=ORIENTED_EDGE('',*,*,#4715,.F.);
#6156=ORIENTED_EDGE('',*,*,#4717,.F.);
#6157=ORIENTED_EDGE('',*,*,#4718,.T.);
#6158=ORIENTED_EDGE('',*,*,#4719,.F.);
#6159=ORIENTED_EDGE('',*,*,#4718,.F.);
#6160=ORIENTED_EDGE('',*,*,#4720,.F.);
#6161=ORIENTED_EDGE('',*,*,#4721,.T.);
#6162=ORIENTED_EDGE('',*,*,#4722,.F.);
#6163=ORIENTED_EDGE('',*,*,#4721,.F.);
#6164=ORIENTED_EDGE('',*,*,#4723,.F.);
#6165=ORIENTED_EDGE('',*,*,#4724,.T.);
#6166=ORIENTED_EDGE('',*,*,#4725,.F.);
#6167=ORIENTED_EDGE('',*,*,#4724,.F.);
#6168=ORIENTED_EDGE('',*,*,#4726,.F.);
#6169=ORIENTED_EDGE('',*,*,#4727,.T.);
#6170=ORIENTED_EDGE('',*,*,#4728,.F.);
#6171=ORIENTED_EDGE('',*,*,#4727,.F.);
#6172=ORIENTED_EDGE('',*,*,#4729,.F.);
#6173=ORIENTED_EDGE('',*,*,#4730,.T.);
#6174=ORIENTED_EDGE('',*,*,#4731,.F.);
#6175=ORIENTED_EDGE('',*,*,#4730,.F.);
#6176=ORIENTED_EDGE('',*,*,#4732,.F.);
#6177=ORIENTED_EDGE('',*,*,#4733,.T.);
#6178=ORIENTED_EDGE('',*,*,#4734,.F.);
#6179=ORIENTED_EDGE('',*,*,#4733,.F.);
#6180=ORIENTED_EDGE('',*,*,#4735,.F.);
#6181=ORIENTED_EDGE('',*,*,#4713,.T.);
#6182=ORIENTED_EDGE('',*,*,#4736,.F.);
#6183=ORIENTED_EDGE('',*,*,#4737,.F.);
#6184=ORIENTED_EDGE('',*,*,#4738,.F.);
#6185=ORIENTED_EDGE('',*,*,#4739,.T.);
#6186=ORIENTED_EDGE('',*,*,#4740,.F.);
#6187=ORIENTED_EDGE('',*,*,#4739,.F.);
#6188=ORIENTED_EDGE('',*,*,#4741,.F.);
#6189=ORIENTED_EDGE('',*,*,#4742,.T.);
#6190=ORIENTED_EDGE('',*,*,#4743,.F.);
#6191=ORIENTED_EDGE('',*,*,#4742,.F.);
#6192=ORIENTED_EDGE('',*,*,#4744,.F.);
#6193=ORIENTED_EDGE('',*,*,#4745,.T.);
#6194=ORIENTED_EDGE('',*,*,#4746,.F.);
#6195=ORIENTED_EDGE('',*,*,#4745,.F.);
#6196=ORIENTED_EDGE('',*,*,#4747,.F.);
#6197=ORIENTED_EDGE('',*,*,#4748,.T.);
#6198=ORIENTED_EDGE('',*,*,#4749,.F.);
#6199=ORIENTED_EDGE('',*,*,#4748,.F.);
#6200=ORIENTED_EDGE('',*,*,#4750,.F.);
#6201=ORIENTED_EDGE('',*,*,#4751,.T.);
#6202=ORIENTED_EDGE('',*,*,#4752,.F.);
#6203=ORIENTED_EDGE('',*,*,#4751,.F.);
#6204=ORIENTED_EDGE('',*,*,#4753,.F.);
#6205=ORIENTED_EDGE('',*,*,#4754,.T.);
#6206=ORIENTED_EDGE('',*,*,#4755,.F.);
#6207=ORIENTED_EDGE('',*,*,#4754,.F.);
#6208=ORIENTED_EDGE('',*,*,#4756,.F.);
#6209=ORIENTED_EDGE('',*,*,#4757,.T.);
#6210=ORIENTED_EDGE('',*,*,#4758,.F.);
#6211=ORIENTED_EDGE('',*,*,#4757,.F.);
#6212=ORIENTED_EDGE('',*,*,#4759,.F.);
#6213=ORIENTED_EDGE('',*,*,#4737,.T.);
#6214=ORIENTED_EDGE('',*,*,#4760,.F.);
#6215=ORIENTED_EDGE('',*,*,#4761,.F.);
#6216=ORIENTED_EDGE('',*,*,#4762,.F.);
#6217=ORIENTED_EDGE('',*,*,#4763,.T.);
#6218=ORIENTED_EDGE('',*,*,#4764,.F.);
#6219=ORIENTED_EDGE('',*,*,#4763,.F.);
#6220=ORIENTED_EDGE('',*,*,#4765,.F.);
#6221=ORIENTED_EDGE('',*,*,#4766,.T.);
#6222=ORIENTED_EDGE('',*,*,#4767,.F.);
#6223=ORIENTED_EDGE('',*,*,#4766,.F.);
#6224=ORIENTED_EDGE('',*,*,#4768,.F.);
#6225=ORIENTED_EDGE('',*,*,#4769,.T.);
#6226=ORIENTED_EDGE('',*,*,#4770,.F.);
#6227=ORIENTED_EDGE('',*,*,#4769,.F.);
#6228=ORIENTED_EDGE('',*,*,#4771,.F.);
#6229=ORIENTED_EDGE('',*,*,#4772,.T.);
#6230=ORIENTED_EDGE('',*,*,#4773,.F.);
#6231=ORIENTED_EDGE('',*,*,#4772,.F.);
#6232=ORIENTED_EDGE('',*,*,#4774,.F.);
#6233=ORIENTED_EDGE('',*,*,#4775,.T.);
#6234=ORIENTED_EDGE('',*,*,#4776,.F.);
#6235=ORIENTED_EDGE('',*,*,#4775,.F.);
#6236=ORIENTED_EDGE('',*,*,#4777,.F.);
#6237=ORIENTED_EDGE('',*,*,#4778,.T.);
#6238=ORIENTED_EDGE('',*,*,#4779,.F.);
#6239=ORIENTED_EDGE('',*,*,#4778,.F.);
#6240=ORIENTED_EDGE('',*,*,#4780,.F.);
#6241=ORIENTED_EDGE('',*,*,#4781,.T.);
#6242=ORIENTED_EDGE('',*,*,#4782,.F.);
#6243=ORIENTED_EDGE('',*,*,#4781,.F.);
#6244=ORIENTED_EDGE('',*,*,#4783,.F.);
#6245=ORIENTED_EDGE('',*,*,#4761,.T.);
#6246=ORIENTED_EDGE('',*,*,#4784,.F.);
#6247=ORIENTED_EDGE('',*,*,#4785,.F.);
#6248=ORIENTED_EDGE('',*,*,#4786,.F.);
#6249=ORIENTED_EDGE('',*,*,#4787,.T.);
#6250=ORIENTED_EDGE('',*,*,#4788,.F.);
#6251=ORIENTED_EDGE('',*,*,#4787,.F.);
#6252=ORIENTED_EDGE('',*,*,#4789,.F.);
#6253=ORIENTED_EDGE('',*,*,#4790,.T.);
#6254=ORIENTED_EDGE('',*,*,#4791,.F.);
#6255=ORIENTED_EDGE('',*,*,#4790,.F.);
#6256=ORIENTED_EDGE('',*,*,#4792,.F.);
#6257=ORIENTED_EDGE('',*,*,#4793,.T.);
#6258=ORIENTED_EDGE('',*,*,#4794,.F.);
#6259=ORIENTED_EDGE('',*,*,#4793,.F.);
#6260=ORIENTED_EDGE('',*,*,#4795,.F.);
#6261=ORIENTED_EDGE('',*,*,#4796,.T.);
#6262=ORIENTED_EDGE('',*,*,#4797,.F.);
#6263=ORIENTED_EDGE('',*,*,#4796,.F.);
#6264=ORIENTED_EDGE('',*,*,#4798,.F.);
#6265=ORIENTED_EDGE('',*,*,#4799,.T.);
#6266=ORIENTED_EDGE('',*,*,#4800,.F.);
#6267=ORIENTED_EDGE('',*,*,#4799,.F.);
#6268=ORIENTED_EDGE('',*,*,#4801,.F.);
#6269=ORIENTED_EDGE('',*,*,#4802,.T.);
#6270=ORIENTED_EDGE('',*,*,#4803,.F.);
#6271=ORIENTED_EDGE('',*,*,#4802,.F.);
#6272=ORIENTED_EDGE('',*,*,#4804,.F.);
#6273=ORIENTED_EDGE('',*,*,#4805,.T.);
#6274=ORIENTED_EDGE('',*,*,#4806,.F.);
#6275=ORIENTED_EDGE('',*,*,#4805,.F.);
#6276=ORIENTED_EDGE('',*,*,#4807,.F.);
#6277=ORIENTED_EDGE('',*,*,#4785,.T.);
#6278=ORIENTED_EDGE('',*,*,#4808,.F.);
#6279=ORIENTED_EDGE('',*,*,#4809,.F.);
#6280=ORIENTED_EDGE('',*,*,#4810,.F.);
#6281=ORIENTED_EDGE('',*,*,#4811,.T.);
#6282=ORIENTED_EDGE('',*,*,#4812,.F.);
#6283=ORIENTED_EDGE('',*,*,#4811,.F.);
#6284=ORIENTED_EDGE('',*,*,#4813,.F.);
#6285=ORIENTED_EDGE('',*,*,#4814,.T.);
#6286=ORIENTED_EDGE('',*,*,#4815,.F.);
#6287=ORIENTED_EDGE('',*,*,#4814,.F.);
#6288=ORIENTED_EDGE('',*,*,#4816,.F.);
#6289=ORIENTED_EDGE('',*,*,#4817,.T.);
#6290=ORIENTED_EDGE('',*,*,#4818,.F.);
#6291=ORIENTED_EDGE('',*,*,#4817,.F.);
#6292=ORIENTED_EDGE('',*,*,#4819,.F.);
#6293=ORIENTED_EDGE('',*,*,#4820,.T.);
#6294=ORIENTED_EDGE('',*,*,#4821,.F.);
#6295=ORIENTED_EDGE('',*,*,#4820,.F.);
#6296=ORIENTED_EDGE('',*,*,#4822,.F.);
#6297=ORIENTED_EDGE('',*,*,#4823,.T.);
#6298=ORIENTED_EDGE('',*,*,#4824,.F.);
#6299=ORIENTED_EDGE('',*,*,#4823,.F.);
#6300=ORIENTED_EDGE('',*,*,#4825,.F.);
#6301=ORIENTED_EDGE('',*,*,#4826,.T.);
#6302=ORIENTED_EDGE('',*,*,#4827,.F.);
#6303=ORIENTED_EDGE('',*,*,#4826,.F.);
#6304=ORIENTED_EDGE('',*,*,#4828,.F.);
#6305=ORIENTED_EDGE('',*,*,#4829,.T.);
#6306=ORIENTED_EDGE('',*,*,#4830,.F.);
#6307=ORIENTED_EDGE('',*,*,#4829,.F.);
#6308=ORIENTED_EDGE('',*,*,#4831,.F.);
#6309=ORIENTED_EDGE('',*,*,#4809,.T.);
#6310=ORIENTED_EDGE('',*,*,#4832,.F.);
#6311=ORIENTED_EDGE('',*,*,#4833,.F.);
#6312=ORIENTED_EDGE('',*,*,#4834,.F.);
#6313=ORIENTED_EDGE('',*,*,#4835,.T.);
#6314=ORIENTED_EDGE('',*,*,#4836,.F.);
#6315=ORIENTED_EDGE('',*,*,#4835,.F.);
#6316=ORIENTED_EDGE('',*,*,#4837,.F.);
#6317=ORIENTED_EDGE('',*,*,#4838,.T.);
#6318=ORIENTED_EDGE('',*,*,#4839,.F.);
#6319=ORIENTED_EDGE('',*,*,#4838,.F.);
#6320=ORIENTED_EDGE('',*,*,#4840,.F.);
#6321=ORIENTED_EDGE('',*,*,#4841,.T.);
#6322=ORIENTED_EDGE('',*,*,#4842,.F.);
#6323=ORIENTED_EDGE('',*,*,#4841,.F.);
#6324=ORIENTED_EDGE('',*,*,#4843,.F.);
#6325=ORIENTED_EDGE('',*,*,#4844,.T.);
#6326=ORIENTED_EDGE('',*,*,#4845,.F.);
#6327=ORIENTED_EDGE('',*,*,#4846,.F.);
#6328=ORIENTED_EDGE('',*,*,#4847,.T.);
#6329=ORIENTED_EDGE('',*,*,#4848,.T.);
#6330=ORIENTED_EDGE('',*,*,#4849,.F.);
#6331=ORIENTED_EDGE('',*,*,#4850,.F.);
#6332=ORIENTED_EDGE('',*,*,#4851,.T.);
#6333=ORIENTED_EDGE('',*,*,#4847,.F.);
#6334=ORIENTED_EDGE('',*,*,#4852,.F.);
#6335=ORIENTED_EDGE('',*,*,#4853,.T.);
#6336=ORIENTED_EDGE('',*,*,#4854,.F.);
#6337=ORIENTED_EDGE('',*,*,#4855,.F.);
#6338=ORIENTED_EDGE('',*,*,#4853,.F.);
#6339=ORIENTED_EDGE('',*,*,#4856,.F.);
#6340=ORIENTED_EDGE('',*,*,#4833,.T.);
#6341=ORIENTED_EDGE('',*,*,#4857,.F.);
#6342=ORIENTED_EDGE('',*,*,#4844,.F.);
#6343=ORIENTED_EDGE('',*,*,#4858,.F.);
#6344=ORIENTED_EDGE('',*,*,#4849,.T.);
#6345=ORIENTED_EDGE('',*,*,#4859,.T.);
#6346=ORIENTED_EDGE('',*,*,#4860,.F.);
#6347=ORIENTED_EDGE('',*,*,#4859,.F.);
#6348=ORIENTED_EDGE('',*,*,#4848,.F.);
#6349=ORIENTED_EDGE('',*,*,#4851,.F.);
#6350=ORIENTED_EDGE('',*,*,#4861,.F.);
#6351=ORIENTED_EDGE('',*,*,#4862,.T.);
#6352=ORIENTED_EDGE('',*,*,#4863,.T.);
#6353=ORIENTED_EDGE('',*,*,#4864,.F.);
#6354=ORIENTED_EDGE('',*,*,#4865,.F.);
#6355=ORIENTED_EDGE('',*,*,#4866,.T.);
#6356=ORIENTED_EDGE('',*,*,#4867,.T.);
#6357=ORIENTED_EDGE('',*,*,#4862,.F.);
#6358=ORIENTED_EDGE('',*,*,#4868,.F.);
#6359=ORIENTED_EDGE('',*,*,#4869,.T.);
#6360=ORIENTED_EDGE('',*,*,#4870,.T.);
#6361=ORIENTED_EDGE('',*,*,#4866,.F.);
#6362=ORIENTED_EDGE('',*,*,#4871,.F.);
#6363=ORIENTED_EDGE('',*,*,#4872,.T.);
#6364=ORIENTED_EDGE('',*,*,#4873,.T.);
#6365=ORIENTED_EDGE('',*,*,#4869,.F.);
#6366=ORIENTED_EDGE('',*,*,#4874,.F.);
#6367=ORIENTED_EDGE('',*,*,#4875,.T.);
#6368=ORIENTED_EDGE('',*,*,#4876,.T.);
#6369=ORIENTED_EDGE('',*,*,#4872,.F.);
#6370=ORIENTED_EDGE('',*,*,#4877,.F.);
#6371=ORIENTED_EDGE('',*,*,#4878,.T.);
#6372=ORIENTED_EDGE('',*,*,#4879,.T.);
#6373=ORIENTED_EDGE('',*,*,#4875,.F.);
#6374=ORIENTED_EDGE('',*,*,#4880,.F.);
#6375=ORIENTED_EDGE('',*,*,#4881,.T.);
#6376=ORIENTED_EDGE('',*,*,#4882,.T.);
#6377=ORIENTED_EDGE('',*,*,#4878,.F.);
#6378=ORIENTED_EDGE('',*,*,#4883,.F.);
#6379=ORIENTED_EDGE('',*,*,#4864,.T.);
#6380=ORIENTED_EDGE('',*,*,#4884,.T.);
#6381=ORIENTED_EDGE('',*,*,#4881,.F.);
#6382=ORIENTED_EDGE('',*,*,#4884,.F.);
#6383=ORIENTED_EDGE('',*,*,#4863,.F.);
#6384=ORIENTED_EDGE('',*,*,#4867,.F.);
#6385=ORIENTED_EDGE('',*,*,#4870,.F.);
#6386=ORIENTED_EDGE('',*,*,#4873,.F.);
#6387=ORIENTED_EDGE('',*,*,#4876,.F.);
#6388=ORIENTED_EDGE('',*,*,#4879,.F.);
#6389=ORIENTED_EDGE('',*,*,#4882,.F.);
#6390=ORIENTED_EDGE('',*,*,#4885,.F.);
#6391=ORIENTED_EDGE('',*,*,#4886,.T.);
#6392=ORIENTED_EDGE('',*,*,#4887,.T.);
#6393=ORIENTED_EDGE('',*,*,#4888,.F.);
#6394=ORIENTED_EDGE('',*,*,#4889,.F.);
#6395=ORIENTED_EDGE('',*,*,#4890,.T.);
#6396=ORIENTED_EDGE('',*,*,#4891,.T.);
#6397=ORIENTED_EDGE('',*,*,#4886,.F.);
#6398=ORIENTED_EDGE('',*,*,#4892,.F.);
#6399=ORIENTED_EDGE('',*,*,#4893,.T.);
#6400=ORIENTED_EDGE('',*,*,#4894,.T.);
#6401=ORIENTED_EDGE('',*,*,#4890,.F.);
#6402=ORIENTED_EDGE('',*,*,#4895,.F.);
#6403=ORIENTED_EDGE('',*,*,#4896,.T.);
#6404=ORIENTED_EDGE('',*,*,#4897,.T.);
#6405=ORIENTED_EDGE('',*,*,#4893,.F.);
#6406=ORIENTED_EDGE('',*,*,#4898,.F.);
#6407=ORIENTED_EDGE('',*,*,#4899,.T.);
#6408=ORIENTED_EDGE('',*,*,#4900,.T.);
#6409=ORIENTED_EDGE('',*,*,#4896,.F.);
#6410=ORIENTED_EDGE('',*,*,#4901,.F.);
#6411=ORIENTED_EDGE('',*,*,#4902,.T.);
#6412=ORIENTED_EDGE('',*,*,#4903,.T.);
#6413=ORIENTED_EDGE('',*,*,#4899,.F.);
#6414=ORIENTED_EDGE('',*,*,#4904,.F.);
#6415=ORIENTED_EDGE('',*,*,#4905,.T.);
#6416=ORIENTED_EDGE('',*,*,#4906,.T.);
#6417=ORIENTED_EDGE('',*,*,#4902,.F.);
#6418=ORIENTED_EDGE('',*,*,#4907,.F.);
#6419=ORIENTED_EDGE('',*,*,#4888,.T.);
#6420=ORIENTED_EDGE('',*,*,#4908,.T.);
#6421=ORIENTED_EDGE('',*,*,#4905,.F.);
#6422=ORIENTED_EDGE('',*,*,#4908,.F.);
#6423=ORIENTED_EDGE('',*,*,#4887,.F.);
#6424=ORIENTED_EDGE('',*,*,#4891,.F.);
#6425=ORIENTED_EDGE('',*,*,#4894,.F.);
#6426=ORIENTED_EDGE('',*,*,#4897,.F.);
#6427=ORIENTED_EDGE('',*,*,#4900,.F.);
#6428=ORIENTED_EDGE('',*,*,#4903,.F.);
#6429=ORIENTED_EDGE('',*,*,#4906,.F.);
#6430=ORIENTED_EDGE('',*,*,#4909,.F.);
#6431=ORIENTED_EDGE('',*,*,#4910,.F.);
#6432=ORIENTED_EDGE('',*,*,#4911,.F.);
#6433=ORIENTED_EDGE('',*,*,#4912,.T.);
#6434=ORIENTED_EDGE('',*,*,#4913,.F.);
#6435=ORIENTED_EDGE('',*,*,#4912,.F.);
#6436=ORIENTED_EDGE('',*,*,#4914,.F.);
#6437=ORIENTED_EDGE('',*,*,#4915,.T.);
#6438=ORIENTED_EDGE('',*,*,#4916,.F.);
#6439=ORIENTED_EDGE('',*,*,#4915,.F.);
#6440=ORIENTED_EDGE('',*,*,#4917,.F.);
#6441=ORIENTED_EDGE('',*,*,#4918,.T.);
#6442=ORIENTED_EDGE('',*,*,#4919,.F.);
#6443=ORIENTED_EDGE('',*,*,#4918,.F.);
#6444=ORIENTED_EDGE('',*,*,#4920,.F.);
#6445=ORIENTED_EDGE('',*,*,#4921,.T.);
#6446=ORIENTED_EDGE('',*,*,#4922,.F.);
#6447=ORIENTED_EDGE('',*,*,#4923,.F.);
#6448=ORIENTED_EDGE('',*,*,#4924,.T.);
#6449=ORIENTED_EDGE('',*,*,#4925,.T.);
#6450=ORIENTED_EDGE('',*,*,#4926,.F.);
#6451=ORIENTED_EDGE('',*,*,#4927,.F.);
#6452=ORIENTED_EDGE('',*,*,#4928,.T.);
#6453=ORIENTED_EDGE('',*,*,#4924,.F.);
#6454=ORIENTED_EDGE('',*,*,#4929,.F.);
#6455=ORIENTED_EDGE('',*,*,#4930,.T.);
#6456=ORIENTED_EDGE('',*,*,#4931,.F.);
#6457=ORIENTED_EDGE('',*,*,#4932,.F.);
#6458=ORIENTED_EDGE('',*,*,#4930,.F.);
#6459=ORIENTED_EDGE('',*,*,#4933,.F.);
#6460=ORIENTED_EDGE('',*,*,#4910,.T.);
#6461=ORIENTED_EDGE('',*,*,#4934,.F.);
#6462=ORIENTED_EDGE('',*,*,#4921,.F.);
#6463=ORIENTED_EDGE('',*,*,#4935,.F.);
#6464=ORIENTED_EDGE('',*,*,#4926,.T.);
#6465=ORIENTED_EDGE('',*,*,#4936,.T.);
#6466=ORIENTED_EDGE('',*,*,#4937,.F.);
#6467=ORIENTED_EDGE('',*,*,#4936,.F.);
#6468=ORIENTED_EDGE('',*,*,#4925,.F.);
#6469=ORIENTED_EDGE('',*,*,#4928,.F.);
#6470=ORIENTED_EDGE('',*,*,#4938,.F.);
#6471=ORIENTED_EDGE('',*,*,#4939,.F.);
#6472=ORIENTED_EDGE('',*,*,#4940,.F.);
#6473=ORIENTED_EDGE('',*,*,#4941,.T.);
#6474=ORIENTED_EDGE('',*,*,#4942,.F.);
#6475=ORIENTED_EDGE('',*,*,#4941,.F.);
#6476=ORIENTED_EDGE('',*,*,#4943,.F.);
#6477=ORIENTED_EDGE('',*,*,#4944,.T.);
#6478=ORIENTED_EDGE('',*,*,#4945,.F.);
#6479=ORIENTED_EDGE('',*,*,#4944,.F.);
#6480=ORIENTED_EDGE('',*,*,#4946,.F.);
#6481=ORIENTED_EDGE('',*,*,#4947,.T.);
#6482=ORIENTED_EDGE('',*,*,#4948,.F.);
#6483=ORIENTED_EDGE('',*,*,#4947,.F.);
#6484=ORIENTED_EDGE('',*,*,#4949,.F.);
#6485=ORIENTED_EDGE('',*,*,#4950,.T.);
#6486=ORIENTED_EDGE('',*,*,#4951,.F.);
#6487=ORIENTED_EDGE('',*,*,#4952,.F.);
#6488=ORIENTED_EDGE('',*,*,#4953,.T.);
#6489=ORIENTED_EDGE('',*,*,#4954,.T.);
#6490=ORIENTED_EDGE('',*,*,#4955,.F.);
#6491=ORIENTED_EDGE('',*,*,#4956,.F.);
#6492=ORIENTED_EDGE('',*,*,#4957,.T.);
#6493=ORIENTED_EDGE('',*,*,#4953,.F.);
#6494=ORIENTED_EDGE('',*,*,#4958,.F.);
#6495=ORIENTED_EDGE('',*,*,#4959,.T.);
#6496=ORIENTED_EDGE('',*,*,#4960,.F.);
#6497=ORIENTED_EDGE('',*,*,#4961,.F.);
#6498=ORIENTED_EDGE('',*,*,#4959,.F.);
#6499=ORIENTED_EDGE('',*,*,#4962,.F.);
#6500=ORIENTED_EDGE('',*,*,#4939,.T.);
#6501=ORIENTED_EDGE('',*,*,#4963,.F.);
#6502=ORIENTED_EDGE('',*,*,#4950,.F.);
#6503=ORIENTED_EDGE('',*,*,#4964,.F.);
#6504=ORIENTED_EDGE('',*,*,#4955,.T.);
#6505=ORIENTED_EDGE('',*,*,#4965,.T.);
#6506=ORIENTED_EDGE('',*,*,#4966,.F.);
#6507=ORIENTED_EDGE('',*,*,#4965,.F.);
#6508=ORIENTED_EDGE('',*,*,#4954,.F.);
#6509=ORIENTED_EDGE('',*,*,#4957,.F.);
#6510=ORIENTED_EDGE('',*,*,#4967,.F.);
#6511=ORIENTED_EDGE('',*,*,#4968,.F.);
#6512=ORIENTED_EDGE('',*,*,#4969,.F.);
#6513=ORIENTED_EDGE('',*,*,#4970,.T.);
#6514=ORIENTED_EDGE('',*,*,#4971,.F.);
#6515=ORIENTED_EDGE('',*,*,#4970,.F.);
#6516=ORIENTED_EDGE('',*,*,#4972,.F.);
#6517=ORIENTED_EDGE('',*,*,#4973,.T.);
#6518=ORIENTED_EDGE('',*,*,#4974,.F.);
#6519=ORIENTED_EDGE('',*,*,#4973,.F.);
#6520=ORIENTED_EDGE('',*,*,#4975,.F.);
#6521=ORIENTED_EDGE('',*,*,#4976,.T.);
#6522=ORIENTED_EDGE('',*,*,#4977,.F.);
#6523=ORIENTED_EDGE('',*,*,#4976,.F.);
#6524=ORIENTED_EDGE('',*,*,#4978,.F.);
#6525=ORIENTED_EDGE('',*,*,#4979,.T.);
#6526=ORIENTED_EDGE('',*,*,#4980,.F.);
#6527=ORIENTED_EDGE('',*,*,#4979,.F.);
#6528=ORIENTED_EDGE('',*,*,#4981,.F.);
#6529=ORIENTED_EDGE('',*,*,#4982,.T.);
#6530=ORIENTED_EDGE('',*,*,#4983,.F.);
#6531=ORIENTED_EDGE('',*,*,#4982,.F.);
#6532=ORIENTED_EDGE('',*,*,#4984,.F.);
#6533=ORIENTED_EDGE('',*,*,#4985,.T.);
#6534=ORIENTED_EDGE('',*,*,#4986,.F.);
#6535=ORIENTED_EDGE('',*,*,#4985,.F.);
#6536=ORIENTED_EDGE('',*,*,#4987,.F.);
#6537=ORIENTED_EDGE('',*,*,#4988,.T.);
#6538=ORIENTED_EDGE('',*,*,#4989,.F.);
#6539=ORIENTED_EDGE('',*,*,#4988,.F.);
#6540=ORIENTED_EDGE('',*,*,#4990,.F.);
#6541=ORIENTED_EDGE('',*,*,#4968,.T.);
#6542=ORIENTED_EDGE('',*,*,#4991,.F.);
#6543=ORIENTED_EDGE('',*,*,#4992,.F.);
#6544=ORIENTED_EDGE('',*,*,#4993,.F.);
#6545=ORIENTED_EDGE('',*,*,#4994,.T.);
#6546=ORIENTED_EDGE('',*,*,#4995,.F.);
#6547=ORIENTED_EDGE('',*,*,#4994,.F.);
#6548=ORIENTED_EDGE('',*,*,#4996,.F.);
#6549=ORIENTED_EDGE('',*,*,#4997,.T.);
#6550=ORIENTED_EDGE('',*,*,#4998,.F.);
#6551=ORIENTED_EDGE('',*,*,#4997,.F.);
#6552=ORIENTED_EDGE('',*,*,#4999,.F.);
#6553=ORIENTED_EDGE('',*,*,#5000,.T.);
#6554=ORIENTED_EDGE('',*,*,#5001,.F.);
#6555=ORIENTED_EDGE('',*,*,#5000,.F.);
#6556=ORIENTED_EDGE('',*,*,#5002,.F.);
#6557=ORIENTED_EDGE('',*,*,#5003,.T.);
#6558=ORIENTED_EDGE('',*,*,#5004,.F.);
#6559=ORIENTED_EDGE('',*,*,#5003,.F.);
#6560=ORIENTED_EDGE('',*,*,#5005,.F.);
#6561=ORIENTED_EDGE('',*,*,#5006,.T.);
#6562=ORIENTED_EDGE('',*,*,#5007,.F.);
#6563=ORIENTED_EDGE('',*,*,#5006,.F.);
#6564=ORIENTED_EDGE('',*,*,#5008,.F.);
#6565=ORIENTED_EDGE('',*,*,#5009,.T.);
#6566=ORIENTED_EDGE('',*,*,#5010,.F.);
#6567=ORIENTED_EDGE('',*,*,#5009,.F.);
#6568=ORIENTED_EDGE('',*,*,#5011,.F.);
#6569=ORIENTED_EDGE('',*,*,#5012,.T.);
#6570=ORIENTED_EDGE('',*,*,#5013,.F.);
#6571=ORIENTED_EDGE('',*,*,#5012,.F.);
#6572=ORIENTED_EDGE('',*,*,#5014,.F.);
#6573=ORIENTED_EDGE('',*,*,#4992,.T.);
#6574=ORIENTED_EDGE('',*,*,#5015,.F.);
#6575=ORIENTED_EDGE('',*,*,#5016,.F.);
#6576=ORIENTED_EDGE('',*,*,#5017,.F.);
#6577=ORIENTED_EDGE('',*,*,#5018,.T.);
#6578=ORIENTED_EDGE('',*,*,#5019,.F.);
#6579=ORIENTED_EDGE('',*,*,#5018,.F.);
#6580=ORIENTED_EDGE('',*,*,#5020,.F.);
#6581=ORIENTED_EDGE('',*,*,#5021,.T.);
#6582=ORIENTED_EDGE('',*,*,#5022,.F.);
#6583=ORIENTED_EDGE('',*,*,#5021,.F.);
#6584=ORIENTED_EDGE('',*,*,#5023,.F.);
#6585=ORIENTED_EDGE('',*,*,#5024,.T.);
#6586=ORIENTED_EDGE('',*,*,#5025,.F.);
#6587=ORIENTED_EDGE('',*,*,#5024,.F.);
#6588=ORIENTED_EDGE('',*,*,#5026,.F.);
#6589=ORIENTED_EDGE('',*,*,#5027,.T.);
#6590=ORIENTED_EDGE('',*,*,#5028,.F.);
#6591=ORIENTED_EDGE('',*,*,#5027,.F.);
#6592=ORIENTED_EDGE('',*,*,#5029,.F.);
#6593=ORIENTED_EDGE('',*,*,#5030,.T.);
#6594=ORIENTED_EDGE('',*,*,#5031,.F.);
#6595=ORIENTED_EDGE('',*,*,#5030,.F.);
#6596=ORIENTED_EDGE('',*,*,#5032,.F.);
#6597=ORIENTED_EDGE('',*,*,#5033,.T.);
#6598=ORIENTED_EDGE('',*,*,#5034,.F.);
#6599=ORIENTED_EDGE('',*,*,#5033,.F.);
#6600=ORIENTED_EDGE('',*,*,#5035,.F.);
#6601=ORIENTED_EDGE('',*,*,#5036,.T.);
#6602=ORIENTED_EDGE('',*,*,#5037,.F.);
#6603=ORIENTED_EDGE('',*,*,#5036,.F.);
#6604=ORIENTED_EDGE('',*,*,#5038,.F.);
#6605=ORIENTED_EDGE('',*,*,#5016,.T.);
#6606=ORIENTED_EDGE('',*,*,#5039,.F.);
#6607=ORIENTED_EDGE('',*,*,#5040,.F.);
#6608=ORIENTED_EDGE('',*,*,#5041,.F.);
#6609=ORIENTED_EDGE('',*,*,#5042,.T.);
#6610=ORIENTED_EDGE('',*,*,#5043,.F.);
#6611=ORIENTED_EDGE('',*,*,#5042,.F.);
#6612=ORIENTED_EDGE('',*,*,#5044,.F.);
#6613=ORIENTED_EDGE('',*,*,#5045,.T.);
#6614=ORIENTED_EDGE('',*,*,#5046,.F.);
#6615=ORIENTED_EDGE('',*,*,#5045,.F.);
#6616=ORIENTED_EDGE('',*,*,#5047,.F.);
#6617=ORIENTED_EDGE('',*,*,#5048,.T.);
#6618=ORIENTED_EDGE('',*,*,#5049,.F.);
#6619=ORIENTED_EDGE('',*,*,#5048,.F.);
#6620=ORIENTED_EDGE('',*,*,#5050,.F.);
#6621=ORIENTED_EDGE('',*,*,#5051,.T.);
#6622=ORIENTED_EDGE('',*,*,#5052,.F.);
#6623=ORIENTED_EDGE('',*,*,#5051,.F.);
#6624=ORIENTED_EDGE('',*,*,#5053,.F.);
#6625=ORIENTED_EDGE('',*,*,#5054,.T.);
#6626=ORIENTED_EDGE('',*,*,#5055,.F.);
#6627=ORIENTED_EDGE('',*,*,#5054,.F.);
#6628=ORIENTED_EDGE('',*,*,#5056,.F.);
#6629=ORIENTED_EDGE('',*,*,#5057,.T.);
#6630=ORIENTED_EDGE('',*,*,#5058,.F.);
#6631=ORIENTED_EDGE('',*,*,#5057,.F.);
#6632=ORIENTED_EDGE('',*,*,#5059,.F.);
#6633=ORIENTED_EDGE('',*,*,#5060,.T.);
#6634=ORIENTED_EDGE('',*,*,#5061,.F.);
#6635=ORIENTED_EDGE('',*,*,#5060,.F.);
#6636=ORIENTED_EDGE('',*,*,#5062,.F.);
#6637=ORIENTED_EDGE('',*,*,#5040,.T.);
#6638=ORIENTED_EDGE('',*,*,#5063,.F.);
#6639=ORIENTED_EDGE('',*,*,#5064,.F.);
#6640=ORIENTED_EDGE('',*,*,#5065,.F.);
#6641=ORIENTED_EDGE('',*,*,#5066,.T.);
#6642=ORIENTED_EDGE('',*,*,#5067,.F.);
#6643=ORIENTED_EDGE('',*,*,#5066,.F.);
#6644=ORIENTED_EDGE('',*,*,#5068,.F.);
#6645=ORIENTED_EDGE('',*,*,#5069,.T.);
#6646=ORIENTED_EDGE('',*,*,#5070,.F.);
#6647=ORIENTED_EDGE('',*,*,#5069,.F.);
#6648=ORIENTED_EDGE('',*,*,#5071,.F.);
#6649=ORIENTED_EDGE('',*,*,#5072,.T.);
#6650=ORIENTED_EDGE('',*,*,#5073,.F.);
#6651=ORIENTED_EDGE('',*,*,#5072,.F.);
#6652=ORIENTED_EDGE('',*,*,#5074,.F.);
#6653=ORIENTED_EDGE('',*,*,#5075,.T.);
#6654=ORIENTED_EDGE('',*,*,#5076,.F.);
#6655=ORIENTED_EDGE('',*,*,#5075,.F.);
#6656=ORIENTED_EDGE('',*,*,#5077,.F.);
#6657=ORIENTED_EDGE('',*,*,#5078,.T.);
#6658=ORIENTED_EDGE('',*,*,#5079,.F.);
#6659=ORIENTED_EDGE('',*,*,#5078,.F.);
#6660=ORIENTED_EDGE('',*,*,#5080,.F.);
#6661=ORIENTED_EDGE('',*,*,#5081,.T.);
#6662=ORIENTED_EDGE('',*,*,#5082,.F.);
#6663=ORIENTED_EDGE('',*,*,#5081,.F.);
#6664=ORIENTED_EDGE('',*,*,#5083,.F.);
#6665=ORIENTED_EDGE('',*,*,#5084,.T.);
#6666=ORIENTED_EDGE('',*,*,#5085,.F.);
#6667=ORIENTED_EDGE('',*,*,#5084,.F.);
#6668=ORIENTED_EDGE('',*,*,#5086,.F.);
#6669=ORIENTED_EDGE('',*,*,#5064,.T.);
#6670=ORIENTED_EDGE('',*,*,#5087,.F.);
#6671=ORIENTED_EDGE('',*,*,#5088,.F.);
#6672=ORIENTED_EDGE('',*,*,#5089,.F.);
#6673=ORIENTED_EDGE('',*,*,#5090,.T.);
#6674=ORIENTED_EDGE('',*,*,#5091,.F.);
#6675=ORIENTED_EDGE('',*,*,#5090,.F.);
#6676=ORIENTED_EDGE('',*,*,#5092,.F.);
#6677=ORIENTED_EDGE('',*,*,#5093,.T.);
#6678=ORIENTED_EDGE('',*,*,#5094,.F.);
#6679=ORIENTED_EDGE('',*,*,#5093,.F.);
#6680=ORIENTED_EDGE('',*,*,#5095,.F.);
#6681=ORIENTED_EDGE('',*,*,#5096,.T.);
#6682=ORIENTED_EDGE('',*,*,#5097,.F.);
#6683=ORIENTED_EDGE('',*,*,#5096,.F.);
#6684=ORIENTED_EDGE('',*,*,#5098,.F.);
#6685=ORIENTED_EDGE('',*,*,#5099,.T.);
#6686=ORIENTED_EDGE('',*,*,#5100,.F.);
#6687=ORIENTED_EDGE('',*,*,#5099,.F.);
#6688=ORIENTED_EDGE('',*,*,#5101,.F.);
#6689=ORIENTED_EDGE('',*,*,#5102,.T.);
#6690=ORIENTED_EDGE('',*,*,#5103,.F.);
#6691=ORIENTED_EDGE('',*,*,#5102,.F.);
#6692=ORIENTED_EDGE('',*,*,#5104,.F.);
#6693=ORIENTED_EDGE('',*,*,#5105,.T.);
#6694=ORIENTED_EDGE('',*,*,#5106,.F.);
#6695=ORIENTED_EDGE('',*,*,#5105,.F.);
#6696=ORIENTED_EDGE('',*,*,#5107,.F.);
#6697=ORIENTED_EDGE('',*,*,#5108,.T.);
#6698=ORIENTED_EDGE('',*,*,#5109,.F.);
#6699=ORIENTED_EDGE('',*,*,#5108,.F.);
#6700=ORIENTED_EDGE('',*,*,#5110,.F.);
#6701=ORIENTED_EDGE('',*,*,#5088,.T.);
#6702=ORIENTED_EDGE('',*,*,#5111,.F.);
#6703=ORIENTED_EDGE('',*,*,#5112,.F.);
#6704=ORIENTED_EDGE('',*,*,#5113,.F.);
#6705=ORIENTED_EDGE('',*,*,#5114,.T.);
#6706=ORIENTED_EDGE('',*,*,#5115,.F.);
#6707=ORIENTED_EDGE('',*,*,#5114,.F.);
#6708=ORIENTED_EDGE('',*,*,#5116,.F.);
#6709=ORIENTED_EDGE('',*,*,#5117,.T.);
#6710=ORIENTED_EDGE('',*,*,#5118,.F.);
#6711=ORIENTED_EDGE('',*,*,#5117,.F.);
#6712=ORIENTED_EDGE('',*,*,#5119,.F.);
#6713=ORIENTED_EDGE('',*,*,#5120,.T.);
#6714=ORIENTED_EDGE('',*,*,#5121,.F.);
#6715=ORIENTED_EDGE('',*,*,#5120,.F.);
#6716=ORIENTED_EDGE('',*,*,#5122,.F.);
#6717=ORIENTED_EDGE('',*,*,#5123,.T.);
#6718=ORIENTED_EDGE('',*,*,#5124,.F.);
#6719=ORIENTED_EDGE('',*,*,#5123,.F.);
#6720=ORIENTED_EDGE('',*,*,#5125,.F.);
#6721=ORIENTED_EDGE('',*,*,#5126,.T.);
#6722=ORIENTED_EDGE('',*,*,#5127,.F.);
#6723=ORIENTED_EDGE('',*,*,#5126,.F.);
#6724=ORIENTED_EDGE('',*,*,#5128,.F.);
#6725=ORIENTED_EDGE('',*,*,#5129,.T.);
#6726=ORIENTED_EDGE('',*,*,#5130,.F.);
#6727=ORIENTED_EDGE('',*,*,#5129,.F.);
#6728=ORIENTED_EDGE('',*,*,#5131,.F.);
#6729=ORIENTED_EDGE('',*,*,#5132,.T.);
#6730=ORIENTED_EDGE('',*,*,#5133,.F.);
#6731=ORIENTED_EDGE('',*,*,#5132,.F.);
#6732=ORIENTED_EDGE('',*,*,#5134,.F.);
#6733=ORIENTED_EDGE('',*,*,#5112,.T.);
#6734=ORIENTED_EDGE('',*,*,#5135,.F.);
#6735=ORIENTED_EDGE('',*,*,#5136,.F.);
#6736=ORIENTED_EDGE('',*,*,#5137,.F.);
#6737=ORIENTED_EDGE('',*,*,#5138,.T.);
#6738=ORIENTED_EDGE('',*,*,#5139,.F.);
#6739=ORIENTED_EDGE('',*,*,#5138,.F.);
#6740=ORIENTED_EDGE('',*,*,#5140,.F.);
#6741=ORIENTED_EDGE('',*,*,#5141,.T.);
#6742=ORIENTED_EDGE('',*,*,#5142,.F.);
#6743=ORIENTED_EDGE('',*,*,#5141,.F.);
#6744=ORIENTED_EDGE('',*,*,#5143,.F.);
#6745=ORIENTED_EDGE('',*,*,#5144,.T.);
#6746=ORIENTED_EDGE('',*,*,#5145,.F.);
#6747=ORIENTED_EDGE('',*,*,#5144,.F.);
#6748=ORIENTED_EDGE('',*,*,#5146,.F.);
#6749=ORIENTED_EDGE('',*,*,#5147,.T.);
#6750=ORIENTED_EDGE('',*,*,#5148,.F.);
#6751=ORIENTED_EDGE('',*,*,#5147,.F.);
#6752=ORIENTED_EDGE('',*,*,#5149,.F.);
#6753=ORIENTED_EDGE('',*,*,#5150,.T.);
#6754=ORIENTED_EDGE('',*,*,#5151,.F.);
#6755=ORIENTED_EDGE('',*,*,#5150,.F.);
#6756=ORIENTED_EDGE('',*,*,#5152,.F.);
#6757=ORIENTED_EDGE('',*,*,#5153,.T.);
#6758=ORIENTED_EDGE('',*,*,#5154,.F.);
#6759=ORIENTED_EDGE('',*,*,#5153,.F.);
#6760=ORIENTED_EDGE('',*,*,#5155,.F.);
#6761=ORIENTED_EDGE('',*,*,#5156,.T.);
#6762=ORIENTED_EDGE('',*,*,#5157,.F.);
#6763=ORIENTED_EDGE('',*,*,#5156,.F.);
#6764=ORIENTED_EDGE('',*,*,#5158,.F.);
#6765=ORIENTED_EDGE('',*,*,#5136,.T.);
#6766=ORIENTED_EDGE('',*,*,#5159,.F.);
#6767=ORIENTED_EDGE('',*,*,#5160,.F.);
#6768=ORIENTED_EDGE('',*,*,#5161,.F.);
#6769=ORIENTED_EDGE('',*,*,#5162,.T.);
#6770=ORIENTED_EDGE('',*,*,#5163,.F.);
#6771=ORIENTED_EDGE('',*,*,#5162,.F.);
#6772=ORIENTED_EDGE('',*,*,#5164,.F.);
#6773=ORIENTED_EDGE('',*,*,#5165,.T.);
#6774=ORIENTED_EDGE('',*,*,#5166,.F.);
#6775=ORIENTED_EDGE('',*,*,#5165,.F.);
#6776=ORIENTED_EDGE('',*,*,#5167,.F.);
#6777=ORIENTED_EDGE('',*,*,#5168,.T.);
#6778=ORIENTED_EDGE('',*,*,#5169,.F.);
#6779=ORIENTED_EDGE('',*,*,#5168,.F.);
#6780=ORIENTED_EDGE('',*,*,#5170,.F.);
#6781=ORIENTED_EDGE('',*,*,#5171,.T.);
#6782=ORIENTED_EDGE('',*,*,#5172,.F.);
#6783=ORIENTED_EDGE('',*,*,#5171,.F.);
#6784=ORIENTED_EDGE('',*,*,#5173,.F.);
#6785=ORIENTED_EDGE('',*,*,#5174,.T.);
#6786=ORIENTED_EDGE('',*,*,#5175,.F.);
#6787=ORIENTED_EDGE('',*,*,#5174,.F.);
#6788=ORIENTED_EDGE('',*,*,#5176,.F.);
#6789=ORIENTED_EDGE('',*,*,#5177,.T.);
#6790=ORIENTED_EDGE('',*,*,#5178,.F.);
#6791=ORIENTED_EDGE('',*,*,#5177,.F.);
#6792=ORIENTED_EDGE('',*,*,#5179,.F.);
#6793=ORIENTED_EDGE('',*,*,#5180,.T.);
#6794=ORIENTED_EDGE('',*,*,#5181,.F.);
#6795=ORIENTED_EDGE('',*,*,#5180,.F.);
#6796=ORIENTED_EDGE('',*,*,#5182,.F.);
#6797=ORIENTED_EDGE('',*,*,#5160,.T.);
#6798=ORIENTED_EDGE('',*,*,#5183,.F.);
#6799=ORIENTED_EDGE('',*,*,#5184,.F.);
#6800=ORIENTED_EDGE('',*,*,#5185,.F.);
#6801=ORIENTED_EDGE('',*,*,#5186,.T.);
#6802=ORIENTED_EDGE('',*,*,#5187,.F.);
#6803=ORIENTED_EDGE('',*,*,#5186,.F.);
#6804=ORIENTED_EDGE('',*,*,#5188,.F.);
#6805=ORIENTED_EDGE('',*,*,#5189,.T.);
#6806=ORIENTED_EDGE('',*,*,#5190,.F.);
#6807=ORIENTED_EDGE('',*,*,#5189,.F.);
#6808=ORIENTED_EDGE('',*,*,#5191,.F.);
#6809=ORIENTED_EDGE('',*,*,#5192,.T.);
#6810=ORIENTED_EDGE('',*,*,#5193,.F.);
#6811=ORIENTED_EDGE('',*,*,#5192,.F.);
#6812=ORIENTED_EDGE('',*,*,#5194,.F.);
#6813=ORIENTED_EDGE('',*,*,#5195,.T.);
#6814=ORIENTED_EDGE('',*,*,#5196,.F.);
#6815=ORIENTED_EDGE('',*,*,#5195,.F.);
#6816=ORIENTED_EDGE('',*,*,#5197,.F.);
#6817=ORIENTED_EDGE('',*,*,#5198,.T.);
#6818=ORIENTED_EDGE('',*,*,#5199,.F.);
#6819=ORIENTED_EDGE('',*,*,#5198,.F.);
#6820=ORIENTED_EDGE('',*,*,#5200,.F.);
#6821=ORIENTED_EDGE('',*,*,#5201,.T.);
#6822=ORIENTED_EDGE('',*,*,#5202,.F.);
#6823=ORIENTED_EDGE('',*,*,#5201,.F.);
#6824=ORIENTED_EDGE('',*,*,#5203,.F.);
#6825=ORIENTED_EDGE('',*,*,#5204,.T.);
#6826=ORIENTED_EDGE('',*,*,#5205,.F.);
#6827=ORIENTED_EDGE('',*,*,#5204,.F.);
#6828=ORIENTED_EDGE('',*,*,#5206,.F.);
#6829=ORIENTED_EDGE('',*,*,#5184,.T.);
#6830=ORIENTED_EDGE('',*,*,#5207,.F.);
#6831=ORIENTED_EDGE('',*,*,#5208,.F.);
#6832=ORIENTED_EDGE('',*,*,#5209,.F.);
#6833=ORIENTED_EDGE('',*,*,#5210,.T.);
#6834=ORIENTED_EDGE('',*,*,#5211,.F.);
#6835=ORIENTED_EDGE('',*,*,#5210,.F.);
#6836=ORIENTED_EDGE('',*,*,#5212,.F.);
#6837=ORIENTED_EDGE('',*,*,#5213,.T.);
#6838=ORIENTED_EDGE('',*,*,#5214,.F.);
#6839=ORIENTED_EDGE('',*,*,#5213,.F.);
#6840=ORIENTED_EDGE('',*,*,#5215,.F.);
#6841=ORIENTED_EDGE('',*,*,#5216,.T.);
#6842=ORIENTED_EDGE('',*,*,#5217,.F.);
#6843=ORIENTED_EDGE('',*,*,#5216,.F.);
#6844=ORIENTED_EDGE('',*,*,#5218,.F.);
#6845=ORIENTED_EDGE('',*,*,#5219,.T.);
#6846=ORIENTED_EDGE('',*,*,#5220,.F.);
#6847=ORIENTED_EDGE('',*,*,#5219,.F.);
#6848=ORIENTED_EDGE('',*,*,#5221,.F.);
#6849=ORIENTED_EDGE('',*,*,#5222,.T.);
#6850=ORIENTED_EDGE('',*,*,#5223,.F.);
#6851=ORIENTED_EDGE('',*,*,#5222,.F.);
#6852=ORIENTED_EDGE('',*,*,#5224,.F.);
#6853=ORIENTED_EDGE('',*,*,#5225,.T.);
#6854=ORIENTED_EDGE('',*,*,#5226,.F.);
#6855=ORIENTED_EDGE('',*,*,#5225,.F.);
#6856=ORIENTED_EDGE('',*,*,#5227,.F.);
#6857=ORIENTED_EDGE('',*,*,#5228,.T.);
#6858=ORIENTED_EDGE('',*,*,#5229,.F.);
#6859=ORIENTED_EDGE('',*,*,#5228,.F.);
#6860=ORIENTED_EDGE('',*,*,#5230,.F.);
#6861=ORIENTED_EDGE('',*,*,#5208,.T.);
#6862=ORIENTED_EDGE('',*,*,#5231,.F.);
#6863=ORIENTED_EDGE('',*,*,#5232,.F.);
#6864=ORIENTED_EDGE('',*,*,#5233,.F.);
#6865=ORIENTED_EDGE('',*,*,#5234,.T.);
#6866=ORIENTED_EDGE('',*,*,#5235,.F.);
#6867=ORIENTED_EDGE('',*,*,#5234,.F.);
#6868=ORIENTED_EDGE('',*,*,#5236,.F.);
#6869=ORIENTED_EDGE('',*,*,#5237,.T.);
#6870=ORIENTED_EDGE('',*,*,#5238,.F.);
#6871=ORIENTED_EDGE('',*,*,#5237,.F.);
#6872=ORIENTED_EDGE('',*,*,#5239,.F.);
#6873=ORIENTED_EDGE('',*,*,#5240,.T.);
#6874=ORIENTED_EDGE('',*,*,#5241,.F.);
#6875=ORIENTED_EDGE('',*,*,#5240,.F.);
#6876=ORIENTED_EDGE('',*,*,#5242,.F.);
#6877=ORIENTED_EDGE('',*,*,#5243,.T.);
#6878=ORIENTED_EDGE('',*,*,#5244,.F.);
#6879=ORIENTED_EDGE('',*,*,#5243,.F.);
#6880=ORIENTED_EDGE('',*,*,#5245,.F.);
#6881=ORIENTED_EDGE('',*,*,#5246,.T.);
#6882=ORIENTED_EDGE('',*,*,#5247,.F.);
#6883=ORIENTED_EDGE('',*,*,#5246,.F.);
#6884=ORIENTED_EDGE('',*,*,#5248,.F.);
#6885=ORIENTED_EDGE('',*,*,#5249,.T.);
#6886=ORIENTED_EDGE('',*,*,#5250,.F.);
#6887=ORIENTED_EDGE('',*,*,#5249,.F.);
#6888=ORIENTED_EDGE('',*,*,#5251,.F.);
#6889=ORIENTED_EDGE('',*,*,#5252,.T.);
#6890=ORIENTED_EDGE('',*,*,#5253,.F.);
#6891=ORIENTED_EDGE('',*,*,#5252,.F.);
#6892=ORIENTED_EDGE('',*,*,#5254,.F.);
#6893=ORIENTED_EDGE('',*,*,#5232,.T.);
#6894=ORIENTED_EDGE('',*,*,#5255,.F.);
#6895=ORIENTED_EDGE('',*,*,#5256,.F.);
#6896=ORIENTED_EDGE('',*,*,#5257,.F.);
#6897=ORIENTED_EDGE('',*,*,#5258,.T.);
#6898=ORIENTED_EDGE('',*,*,#5259,.F.);
#6899=ORIENTED_EDGE('',*,*,#5258,.F.);
#6900=ORIENTED_EDGE('',*,*,#5260,.F.);
#6901=ORIENTED_EDGE('',*,*,#5261,.T.);
#6902=ORIENTED_EDGE('',*,*,#5262,.F.);
#6903=ORIENTED_EDGE('',*,*,#5261,.F.);
#6904=ORIENTED_EDGE('',*,*,#5263,.F.);
#6905=ORIENTED_EDGE('',*,*,#5264,.T.);
#6906=ORIENTED_EDGE('',*,*,#5265,.F.);
#6907=ORIENTED_EDGE('',*,*,#5264,.F.);
#6908=ORIENTED_EDGE('',*,*,#5266,.F.);
#6909=ORIENTED_EDGE('',*,*,#5267,.T.);
#6910=ORIENTED_EDGE('',*,*,#5268,.F.);
#6911=ORIENTED_EDGE('',*,*,#5267,.F.);
#6912=ORIENTED_EDGE('',*,*,#5269,.F.);
#6913=ORIENTED_EDGE('',*,*,#5270,.T.);
#6914=ORIENTED_EDGE('',*,*,#5271,.F.);
#6915=ORIENTED_EDGE('',*,*,#5270,.F.);
#6916=ORIENTED_EDGE('',*,*,#5272,.F.);
#6917=ORIENTED_EDGE('',*,*,#5273,.T.);
#6918=ORIENTED_EDGE('',*,*,#5274,.F.);
#6919=ORIENTED_EDGE('',*,*,#5273,.F.);
#6920=ORIENTED_EDGE('',*,*,#5275,.F.);
#6921=ORIENTED_EDGE('',*,*,#5276,.T.);
#6922=ORIENTED_EDGE('',*,*,#5277,.F.);
#6923=ORIENTED_EDGE('',*,*,#5276,.F.);
#6924=ORIENTED_EDGE('',*,*,#5278,.F.);
#6925=ORIENTED_EDGE('',*,*,#5256,.T.);
#6926=ORIENTED_EDGE('',*,*,#5279,.F.);
#6927=ORIENTED_EDGE('',*,*,#5280,.F.);
#6928=ORIENTED_EDGE('',*,*,#5281,.F.);
#6929=ORIENTED_EDGE('',*,*,#5282,.T.);
#6930=ORIENTED_EDGE('',*,*,#5283,.F.);
#6931=ORIENTED_EDGE('',*,*,#5282,.F.);
#6932=ORIENTED_EDGE('',*,*,#5284,.F.);
#6933=ORIENTED_EDGE('',*,*,#5285,.T.);
#6934=ORIENTED_EDGE('',*,*,#5286,.F.);
#6935=ORIENTED_EDGE('',*,*,#5285,.F.);
#6936=ORIENTED_EDGE('',*,*,#5287,.F.);
#6937=ORIENTED_EDGE('',*,*,#5288,.T.);
#6938=ORIENTED_EDGE('',*,*,#5289,.F.);
#6939=ORIENTED_EDGE('',*,*,#5288,.F.);
#6940=ORIENTED_EDGE('',*,*,#5290,.F.);
#6941=ORIENTED_EDGE('',*,*,#5291,.T.);
#6942=ORIENTED_EDGE('',*,*,#5292,.F.);
#6943=ORIENTED_EDGE('',*,*,#5291,.F.);
#6944=ORIENTED_EDGE('',*,*,#5293,.F.);
#6945=ORIENTED_EDGE('',*,*,#5294,.T.);
#6946=ORIENTED_EDGE('',*,*,#5295,.F.);
#6947=ORIENTED_EDGE('',*,*,#5294,.F.);
#6948=ORIENTED_EDGE('',*,*,#5296,.F.);
#6949=ORIENTED_EDGE('',*,*,#5297,.T.);
#6950=ORIENTED_EDGE('',*,*,#5298,.F.);
#6951=ORIENTED_EDGE('',*,*,#5297,.F.);
#6952=ORIENTED_EDGE('',*,*,#5299,.F.);
#6953=ORIENTED_EDGE('',*,*,#5300,.T.);
#6954=ORIENTED_EDGE('',*,*,#5301,.F.);
#6955=ORIENTED_EDGE('',*,*,#5300,.F.);
#6956=ORIENTED_EDGE('',*,*,#5302,.F.);
#6957=ORIENTED_EDGE('',*,*,#5280,.T.);
#6958=ORIENTED_EDGE('',*,*,#5303,.F.);
#6959=ORIENTED_EDGE('',*,*,#5304,.F.);
#6960=ORIENTED_EDGE('',*,*,#5305,.F.);
#6961=ORIENTED_EDGE('',*,*,#5306,.T.);
#6962=ORIENTED_EDGE('',*,*,#5307,.F.);
#6963=ORIENTED_EDGE('',*,*,#5306,.F.);
#6964=ORIENTED_EDGE('',*,*,#5308,.F.);
#6965=ORIENTED_EDGE('',*,*,#5309,.T.);
#6966=ORIENTED_EDGE('',*,*,#5310,.F.);
#6967=ORIENTED_EDGE('',*,*,#5309,.F.);
#6968=ORIENTED_EDGE('',*,*,#5311,.F.);
#6969=ORIENTED_EDGE('',*,*,#5312,.T.);
#6970=ORIENTED_EDGE('',*,*,#5313,.F.);
#6971=ORIENTED_EDGE('',*,*,#5312,.F.);
#6972=ORIENTED_EDGE('',*,*,#5314,.F.);
#6973=ORIENTED_EDGE('',*,*,#5315,.T.);
#6974=ORIENTED_EDGE('',*,*,#5316,.F.);
#6975=ORIENTED_EDGE('',*,*,#5315,.F.);
#6976=ORIENTED_EDGE('',*,*,#5317,.F.);
#6977=ORIENTED_EDGE('',*,*,#5318,.T.);
#6978=ORIENTED_EDGE('',*,*,#5319,.F.);
#6979=ORIENTED_EDGE('',*,*,#5318,.F.);
#6980=ORIENTED_EDGE('',*,*,#5320,.F.);
#6981=ORIENTED_EDGE('',*,*,#5321,.T.);
#6982=ORIENTED_EDGE('',*,*,#5322,.F.);
#6983=ORIENTED_EDGE('',*,*,#5321,.F.);
#6984=ORIENTED_EDGE('',*,*,#5323,.F.);
#6985=ORIENTED_EDGE('',*,*,#5324,.T.);
#6986=ORIENTED_EDGE('',*,*,#5325,.F.);
#6987=ORIENTED_EDGE('',*,*,#5324,.F.);
#6988=ORIENTED_EDGE('',*,*,#5326,.F.);
#6989=ORIENTED_EDGE('',*,*,#5304,.T.);
#6990=ORIENTED_EDGE('',*,*,#5327,.F.);
#6991=ORIENTED_EDGE('',*,*,#5328,.F.);
#6992=ORIENTED_EDGE('',*,*,#5329,.F.);
#6993=ORIENTED_EDGE('',*,*,#5330,.T.);
#6994=ORIENTED_EDGE('',*,*,#5331,.F.);
#6995=ORIENTED_EDGE('',*,*,#5330,.F.);
#6996=ORIENTED_EDGE('',*,*,#5332,.F.);
#6997=ORIENTED_EDGE('',*,*,#5333,.T.);
#6998=ORIENTED_EDGE('',*,*,#5334,.F.);
#6999=ORIENTED_EDGE('',*,*,#5333,.F.);
#7000=ORIENTED_EDGE('',*,*,#5335,.F.);
#7001=ORIENTED_EDGE('',*,*,#5336,.T.);
#7002=ORIENTED_EDGE('',*,*,#5337,.F.);
#7003=ORIENTED_EDGE('',*,*,#5336,.F.);
#7004=ORIENTED_EDGE('',*,*,#5338,.F.);
#7005=ORIENTED_EDGE('',*,*,#5339,.T.);
#7006=ORIENTED_EDGE('',*,*,#5340,.F.);
#7007=ORIENTED_EDGE('',*,*,#5339,.F.);
#7008=ORIENTED_EDGE('',*,*,#5341,.F.);
#7009=ORIENTED_EDGE('',*,*,#5342,.T.);
#7010=ORIENTED_EDGE('',*,*,#5343,.F.);
#7011=ORIENTED_EDGE('',*,*,#5342,.F.);
#7012=ORIENTED_EDGE('',*,*,#5344,.F.);
#7013=ORIENTED_EDGE('',*,*,#5345,.T.);
#7014=ORIENTED_EDGE('',*,*,#5346,.F.);
#7015=ORIENTED_EDGE('',*,*,#5345,.F.);
#7016=ORIENTED_EDGE('',*,*,#5347,.F.);
#7017=ORIENTED_EDGE('',*,*,#5348,.T.);
#7018=ORIENTED_EDGE('',*,*,#5349,.F.);
#7019=ORIENTED_EDGE('',*,*,#5348,.F.);
#7020=ORIENTED_EDGE('',*,*,#5350,.F.);
#7021=ORIENTED_EDGE('',*,*,#5328,.T.);
#7022=ORIENTED_EDGE('',*,*,#5351,.F.);
#7023=ORIENTED_EDGE('',*,*,#5352,.F.);
#7024=ORIENTED_EDGE('',*,*,#5353,.F.);
#7025=ORIENTED_EDGE('',*,*,#5354,.T.);
#7026=ORIENTED_EDGE('',*,*,#5355,.F.);
#7027=ORIENTED_EDGE('',*,*,#5354,.F.);
#7028=ORIENTED_EDGE('',*,*,#5356,.F.);
#7029=ORIENTED_EDGE('',*,*,#5357,.T.);
#7030=ORIENTED_EDGE('',*,*,#5358,.F.);
#7031=ORIENTED_EDGE('',*,*,#5357,.F.);
#7032=ORIENTED_EDGE('',*,*,#5359,.F.);
#7033=ORIENTED_EDGE('',*,*,#5360,.T.);
#7034=ORIENTED_EDGE('',*,*,#5361,.F.);
#7035=ORIENTED_EDGE('',*,*,#5360,.F.);
#7036=ORIENTED_EDGE('',*,*,#5362,.F.);
#7037=ORIENTED_EDGE('',*,*,#5363,.T.);
#7038=ORIENTED_EDGE('',*,*,#5364,.F.);
#7039=ORIENTED_EDGE('',*,*,#5363,.F.);
#7040=ORIENTED_EDGE('',*,*,#5365,.F.);
#7041=ORIENTED_EDGE('',*,*,#5366,.T.);
#7042=ORIENTED_EDGE('',*,*,#5367,.F.);
#7043=ORIENTED_EDGE('',*,*,#5366,.F.);
#7044=ORIENTED_EDGE('',*,*,#5368,.F.);
#7045=ORIENTED_EDGE('',*,*,#5369,.T.);
#7046=ORIENTED_EDGE('',*,*,#5370,.F.);
#7047=ORIENTED_EDGE('',*,*,#5369,.F.);
#7048=ORIENTED_EDGE('',*,*,#5371,.F.);
#7049=ORIENTED_EDGE('',*,*,#5372,.T.);
#7050=ORIENTED_EDGE('',*,*,#5373,.F.);
#7051=ORIENTED_EDGE('',*,*,#5372,.F.);
#7052=ORIENTED_EDGE('',*,*,#5374,.F.);
#7053=ORIENTED_EDGE('',*,*,#5352,.T.);
#7054=ORIENTED_EDGE('',*,*,#5375,.F.);
#7055=ORIENTED_EDGE('',*,*,#5376,.F.);
#7056=ORIENTED_EDGE('',*,*,#5377,.F.);
#7057=ORIENTED_EDGE('',*,*,#5378,.T.);
#7058=ORIENTED_EDGE('',*,*,#5379,.F.);
#7059=ORIENTED_EDGE('',*,*,#5378,.F.);
#7060=ORIENTED_EDGE('',*,*,#5380,.F.);
#7061=ORIENTED_EDGE('',*,*,#5381,.T.);
#7062=ORIENTED_EDGE('',*,*,#5382,.F.);
#7063=ORIENTED_EDGE('',*,*,#5381,.F.);
#7064=ORIENTED_EDGE('',*,*,#5383,.F.);
#7065=ORIENTED_EDGE('',*,*,#5384,.T.);
#7066=ORIENTED_EDGE('',*,*,#5385,.F.);
#7067=ORIENTED_EDGE('',*,*,#5384,.F.);
#7068=ORIENTED_EDGE('',*,*,#5386,.F.);
#7069=ORIENTED_EDGE('',*,*,#5387,.T.);
#7070=ORIENTED_EDGE('',*,*,#5388,.F.);
#7071=ORIENTED_EDGE('',*,*,#5389,.F.);
#7072=ORIENTED_EDGE('',*,*,#5390,.T.);
#7073=ORIENTED_EDGE('',*,*,#5391,.T.);
#7074=ORIENTED_EDGE('',*,*,#5392,.F.);
#7075=ORIENTED_EDGE('',*,*,#5393,.F.);
#7076=ORIENTED_EDGE('',*,*,#5394,.T.);
#7077=ORIENTED_EDGE('',*,*,#5390,.F.);
#7078=ORIENTED_EDGE('',*,*,#5395,.F.);
#7079=ORIENTED_EDGE('',*,*,#5396,.T.);
#7080=ORIENTED_EDGE('',*,*,#5397,.F.);
#7081=ORIENTED_EDGE('',*,*,#5398,.F.);
#7082=ORIENTED_EDGE('',*,*,#5396,.F.);
#7083=ORIENTED_EDGE('',*,*,#5399,.F.);
#7084=ORIENTED_EDGE('',*,*,#5376,.T.);
#7085=ORIENTED_EDGE('',*,*,#5400,.F.);
#7086=ORIENTED_EDGE('',*,*,#5387,.F.);
#7087=ORIENTED_EDGE('',*,*,#5401,.F.);
#7088=ORIENTED_EDGE('',*,*,#5392,.T.);
#7089=ORIENTED_EDGE('',*,*,#5402,.T.);
#7090=ORIENTED_EDGE('',*,*,#5403,.F.);
#7091=ORIENTED_EDGE('',*,*,#5402,.F.);
#7092=ORIENTED_EDGE('',*,*,#5391,.F.);
#7093=ORIENTED_EDGE('',*,*,#5394,.F.);
#7094=ORIENTED_EDGE('',*,*,#5404,.F.);
#7095=ORIENTED_EDGE('',*,*,#5405,.T.);
#7096=ORIENTED_EDGE('',*,*,#5406,.T.);
#7097=ORIENTED_EDGE('',*,*,#5407,.F.);
#7098=ORIENTED_EDGE('',*,*,#5408,.F.);
#7099=ORIENTED_EDGE('',*,*,#5409,.T.);
#7100=ORIENTED_EDGE('',*,*,#5410,.T.);
#7101=ORIENTED_EDGE('',*,*,#5405,.F.);
#7102=ORIENTED_EDGE('',*,*,#5411,.F.);
#7103=ORIENTED_EDGE('',*,*,#5412,.T.);
#7104=ORIENTED_EDGE('',*,*,#5413,.T.);
#7105=ORIENTED_EDGE('',*,*,#5409,.F.);
#7106=ORIENTED_EDGE('',*,*,#5414,.F.);
#7107=ORIENTED_EDGE('',*,*,#5415,.T.);
#7108=ORIENTED_EDGE('',*,*,#5416,.T.);
#7109=ORIENTED_EDGE('',*,*,#5412,.F.);
#7110=ORIENTED_EDGE('',*,*,#5417,.F.);
#7111=ORIENTED_EDGE('',*,*,#5418,.T.);
#7112=ORIENTED_EDGE('',*,*,#5419,.T.);
#7113=ORIENTED_EDGE('',*,*,#5415,.F.);
#7114=ORIENTED_EDGE('',*,*,#5420,.F.);
#7115=ORIENTED_EDGE('',*,*,#5421,.T.);
#7116=ORIENTED_EDGE('',*,*,#5422,.T.);
#7117=ORIENTED_EDGE('',*,*,#5418,.F.);
#7118=ORIENTED_EDGE('',*,*,#5423,.F.);
#7119=ORIENTED_EDGE('',*,*,#5424,.T.);
#7120=ORIENTED_EDGE('',*,*,#5425,.T.);
#7121=ORIENTED_EDGE('',*,*,#5421,.F.);
#7122=ORIENTED_EDGE('',*,*,#5426,.F.);
#7123=ORIENTED_EDGE('',*,*,#5407,.T.);
#7124=ORIENTED_EDGE('',*,*,#5427,.T.);
#7125=ORIENTED_EDGE('',*,*,#5424,.F.);
#7126=ORIENTED_EDGE('',*,*,#5427,.F.);
#7127=ORIENTED_EDGE('',*,*,#5406,.F.);
#7128=ORIENTED_EDGE('',*,*,#5410,.F.);
#7129=ORIENTED_EDGE('',*,*,#5413,.F.);
#7130=ORIENTED_EDGE('',*,*,#5416,.F.);
#7131=ORIENTED_EDGE('',*,*,#5419,.F.);
#7132=ORIENTED_EDGE('',*,*,#5422,.F.);
#7133=ORIENTED_EDGE('',*,*,#5425,.F.);
#7134=ORIENTED_EDGE('',*,*,#5428,.F.);
#7135=ORIENTED_EDGE('',*,*,#5429,.T.);
#7136=ORIENTED_EDGE('',*,*,#5430,.T.);
#7137=ORIENTED_EDGE('',*,*,#5431,.F.);
#7138=ORIENTED_EDGE('',*,*,#5432,.F.);
#7139=ORIENTED_EDGE('',*,*,#5433,.T.);
#7140=ORIENTED_EDGE('',*,*,#5434,.T.);
#7141=ORIENTED_EDGE('',*,*,#5429,.F.);
#7142=ORIENTED_EDGE('',*,*,#5435,.F.);
#7143=ORIENTED_EDGE('',*,*,#5436,.T.);
#7144=ORIENTED_EDGE('',*,*,#5437,.T.);
#7145=ORIENTED_EDGE('',*,*,#5433,.F.);
#7146=ORIENTED_EDGE('',*,*,#5438,.F.);
#7147=ORIENTED_EDGE('',*,*,#5439,.T.);
#7148=ORIENTED_EDGE('',*,*,#5440,.T.);
#7149=ORIENTED_EDGE('',*,*,#5436,.F.);
#7150=ORIENTED_EDGE('',*,*,#5441,.F.);
#7151=ORIENTED_EDGE('',*,*,#5442,.T.);
#7152=ORIENTED_EDGE('',*,*,#5443,.T.);
#7153=ORIENTED_EDGE('',*,*,#5439,.F.);
#7154=ORIENTED_EDGE('',*,*,#5444,.F.);
#7155=ORIENTED_EDGE('',*,*,#5445,.T.);
#7156=ORIENTED_EDGE('',*,*,#5446,.T.);
#7157=ORIENTED_EDGE('',*,*,#5442,.F.);
#7158=ORIENTED_EDGE('',*,*,#5447,.F.);
#7159=ORIENTED_EDGE('',*,*,#5448,.T.);
#7160=ORIENTED_EDGE('',*,*,#5449,.T.);
#7161=ORIENTED_EDGE('',*,*,#5445,.F.);
#7162=ORIENTED_EDGE('',*,*,#5450,.F.);
#7163=ORIENTED_EDGE('',*,*,#5431,.T.);
#7164=ORIENTED_EDGE('',*,*,#5451,.T.);
#7165=ORIENTED_EDGE('',*,*,#5448,.F.);
#7166=ORIENTED_EDGE('',*,*,#5451,.F.);
#7167=ORIENTED_EDGE('',*,*,#5430,.F.);
#7168=ORIENTED_EDGE('',*,*,#5434,.F.);
#7169=ORIENTED_EDGE('',*,*,#5437,.F.);
#7170=ORIENTED_EDGE('',*,*,#5440,.F.);
#7171=ORIENTED_EDGE('',*,*,#5443,.F.);
#7172=ORIENTED_EDGE('',*,*,#5446,.F.);
#7173=ORIENTED_EDGE('',*,*,#5449,.F.);
#7174=ORIENTED_EDGE('',*,*,#4393,.T.);
#7175=ORIENTED_EDGE('',*,*,#4371,.T.);
#7176=ORIENTED_EDGE('',*,*,#4375,.T.);
#7177=ORIENTED_EDGE('',*,*,#4378,.T.);
#7178=ORIENTED_EDGE('',*,*,#4381,.T.);
#7179=ORIENTED_EDGE('',*,*,#5452,.F.);
#7180=ORIENTED_EDGE('',*,*,#4854,.T.);
#7181=ORIENTED_EDGE('',*,*,#4832,.T.);
#7182=ORIENTED_EDGE('',*,*,#4836,.T.);
#7183=ORIENTED_EDGE('',*,*,#4839,.T.);
#7184=ORIENTED_EDGE('',*,*,#4842,.T.);
#7185=ORIENTED_EDGE('',*,*,#5453,.F.);
#7186=ORIENTED_EDGE('',*,*,#5397,.T.);
#7187=ORIENTED_EDGE('',*,*,#5375,.T.);
#7188=ORIENTED_EDGE('',*,*,#5379,.T.);
#7189=ORIENTED_EDGE('',*,*,#5382,.T.);
#7190=ORIENTED_EDGE('',*,*,#5385,.T.);
#7191=ORIENTED_EDGE('',*,*,#5454,.F.);
#7192=ORIENTED_EDGE('',*,*,#4960,.T.);
#7193=ORIENTED_EDGE('',*,*,#4938,.T.);
#7194=ORIENTED_EDGE('',*,*,#4942,.T.);
#7195=ORIENTED_EDGE('',*,*,#4945,.T.);
#7196=ORIENTED_EDGE('',*,*,#4948,.T.);
#7197=ORIENTED_EDGE('',*,*,#5455,.F.);
#7198=ORIENTED_EDGE('',*,*,#5456,.T.);
#7199=ORIENTED_EDGE('',*,*,#5457,.T.);
#7200=ORIENTED_EDGE('',*,*,#5458,.T.);
#7201=ORIENTED_EDGE('',*,*,#5459,.T.);
#7202=ORIENTED_EDGE('',*,*,#5460,.T.);
#7203=ORIENTED_EDGE('',*,*,#5461,.T.);
#7204=ORIENTED_EDGE('',*,*,#5462,.T.);
#7205=ORIENTED_EDGE('',*,*,#5463,.T.);
#7206=ORIENTED_EDGE('',*,*,#5464,.T.);
#7207=ORIENTED_EDGE('',*,*,#5465,.T.);
#7208=ORIENTED_EDGE('',*,*,#5466,.T.);
#7209=ORIENTED_EDGE('',*,*,#5467,.T.);
#7210=ORIENTED_EDGE('',*,*,#5468,.T.);
#7211=ORIENTED_EDGE('',*,*,#5469,.T.);
#7212=ORIENTED_EDGE('',*,*,#5470,.F.);
#7213=ORIENTED_EDGE('',*,*,#4931,.T.);
#7214=ORIENTED_EDGE('',*,*,#4909,.T.);
#7215=ORIENTED_EDGE('',*,*,#4913,.T.);
#7216=ORIENTED_EDGE('',*,*,#4916,.T.);
#7217=ORIENTED_EDGE('',*,*,#4919,.T.);
#7218=ORIENTED_EDGE('',*,*,#5471,.F.);
#7219=ORIENTED_EDGE('',*,*,#5364,.T.);
#7220=ORIENTED_EDGE('',*,*,#5367,.T.);
#7221=ORIENTED_EDGE('',*,*,#5370,.T.);
#7222=ORIENTED_EDGE('',*,*,#5373,.T.);
#7223=ORIENTED_EDGE('',*,*,#5351,.T.);
#7224=ORIENTED_EDGE('',*,*,#5355,.T.);
#7225=ORIENTED_EDGE('',*,*,#5358,.T.);
#7226=ORIENTED_EDGE('',*,*,#5361,.T.);
#7227=ORIENTED_EDGE('',*,*,#5340,.T.);
#7228=ORIENTED_EDGE('',*,*,#5343,.T.);
#7229=ORIENTED_EDGE('',*,*,#5346,.T.);
#7230=ORIENTED_EDGE('',*,*,#5349,.T.);
#7231=ORIENTED_EDGE('',*,*,#5327,.T.);
#7232=ORIENTED_EDGE('',*,*,#5331,.T.);
#7233=ORIENTED_EDGE('',*,*,#5334,.T.);
#7234=ORIENTED_EDGE('',*,*,#5337,.T.);
#7235=ORIENTED_EDGE('',*,*,#5316,.T.);
#7236=ORIENTED_EDGE('',*,*,#5319,.T.);
#7237=ORIENTED_EDGE('',*,*,#5322,.T.);
#7238=ORIENTED_EDGE('',*,*,#5325,.T.);
#7239=ORIENTED_EDGE('',*,*,#5303,.T.);
#7240=ORIENTED_EDGE('',*,*,#5307,.T.);
#7241=ORIENTED_EDGE('',*,*,#5310,.T.);
#7242=ORIENTED_EDGE('',*,*,#5313,.T.);
#7243=ORIENTED_EDGE('',*,*,#5292,.T.);
#7244=ORIENTED_EDGE('',*,*,#5295,.T.);
#7245=ORIENTED_EDGE('',*,*,#5298,.T.);
#7246=ORIENTED_EDGE('',*,*,#5301,.T.);
#7247=ORIENTED_EDGE('',*,*,#5279,.T.);
#7248=ORIENTED_EDGE('',*,*,#5283,.T.);
#7249=ORIENTED_EDGE('',*,*,#5286,.T.);
#7250=ORIENTED_EDGE('',*,*,#5289,.T.);
#7251=ORIENTED_EDGE('',*,*,#5268,.T.);
#7252=ORIENTED_EDGE('',*,*,#5271,.T.);
#7253=ORIENTED_EDGE('',*,*,#5274,.T.);
#7254=ORIENTED_EDGE('',*,*,#5277,.T.);
#7255=ORIENTED_EDGE('',*,*,#5255,.T.);
#7256=ORIENTED_EDGE('',*,*,#5259,.T.);
#7257=ORIENTED_EDGE('',*,*,#5262,.T.);
#7258=ORIENTED_EDGE('',*,*,#5265,.T.);
#7259=ORIENTED_EDGE('',*,*,#5244,.T.);
#7260=ORIENTED_EDGE('',*,*,#5247,.T.);
#7261=ORIENTED_EDGE('',*,*,#5250,.T.);
#7262=ORIENTED_EDGE('',*,*,#5253,.T.);
#7263=ORIENTED_EDGE('',*,*,#5231,.T.);
#7264=ORIENTED_EDGE('',*,*,#5235,.T.);
#7265=ORIENTED_EDGE('',*,*,#5238,.T.);
#7266=ORIENTED_EDGE('',*,*,#5241,.T.);
#7267=ORIENTED_EDGE('',*,*,#5220,.T.);
#7268=ORIENTED_EDGE('',*,*,#5223,.T.);
#7269=ORIENTED_EDGE('',*,*,#5226,.T.);
#7270=ORIENTED_EDGE('',*,*,#5229,.T.);
#7271=ORIENTED_EDGE('',*,*,#5207,.T.);
#7272=ORIENTED_EDGE('',*,*,#5211,.T.);
#7273=ORIENTED_EDGE('',*,*,#5214,.T.);
#7274=ORIENTED_EDGE('',*,*,#5217,.T.);
#7275=ORIENTED_EDGE('',*,*,#5196,.T.);
#7276=ORIENTED_EDGE('',*,*,#5199,.T.);
#7277=ORIENTED_EDGE('',*,*,#5202,.T.);
#7278=ORIENTED_EDGE('',*,*,#5205,.T.);
#7279=ORIENTED_EDGE('',*,*,#5183,.T.);
#7280=ORIENTED_EDGE('',*,*,#5187,.T.);
#7281=ORIENTED_EDGE('',*,*,#5190,.T.);
#7282=ORIENTED_EDGE('',*,*,#5193,.T.);
#7283=ORIENTED_EDGE('',*,*,#5172,.T.);
#7284=ORIENTED_EDGE('',*,*,#5175,.T.);
#7285=ORIENTED_EDGE('',*,*,#5178,.T.);
#7286=ORIENTED_EDGE('',*,*,#5181,.T.);
#7287=ORIENTED_EDGE('',*,*,#5159,.T.);
#7288=ORIENTED_EDGE('',*,*,#5163,.T.);
#7289=ORIENTED_EDGE('',*,*,#5166,.T.);
#7290=ORIENTED_EDGE('',*,*,#5169,.T.);
#7291=ORIENTED_EDGE('',*,*,#5148,.T.);
#7292=ORIENTED_EDGE('',*,*,#5151,.T.);
#7293=ORIENTED_EDGE('',*,*,#5154,.T.);
#7294=ORIENTED_EDGE('',*,*,#5157,.T.);
#7295=ORIENTED_EDGE('',*,*,#5135,.T.);
#7296=ORIENTED_EDGE('',*,*,#5139,.T.);
#7297=ORIENTED_EDGE('',*,*,#5142,.T.);
#7298=ORIENTED_EDGE('',*,*,#5145,.T.);
#7299=ORIENTED_EDGE('',*,*,#5124,.T.);
#7300=ORIENTED_EDGE('',*,*,#5127,.T.);
#7301=ORIENTED_EDGE('',*,*,#5130,.T.);
#7302=ORIENTED_EDGE('',*,*,#5133,.T.);
#7303=ORIENTED_EDGE('',*,*,#5111,.T.);
#7304=ORIENTED_EDGE('',*,*,#5115,.T.);
#7305=ORIENTED_EDGE('',*,*,#5118,.T.);
#7306=ORIENTED_EDGE('',*,*,#5121,.T.);
#7307=ORIENTED_EDGE('',*,*,#5100,.T.);
#7308=ORIENTED_EDGE('',*,*,#5103,.T.);
#7309=ORIENTED_EDGE('',*,*,#5106,.T.);
#7310=ORIENTED_EDGE('',*,*,#5109,.T.);
#7311=ORIENTED_EDGE('',*,*,#5087,.T.);
#7312=ORIENTED_EDGE('',*,*,#5091,.T.);
#7313=ORIENTED_EDGE('',*,*,#5094,.T.);
#7314=ORIENTED_EDGE('',*,*,#5097,.T.);
#7315=ORIENTED_EDGE('',*,*,#5076,.T.);
#7316=ORIENTED_EDGE('',*,*,#5079,.T.);
#7317=ORIENTED_EDGE('',*,*,#5082,.T.);
#7318=ORIENTED_EDGE('',*,*,#5085,.T.);
#7319=ORIENTED_EDGE('',*,*,#5063,.T.);
#7320=ORIENTED_EDGE('',*,*,#5067,.T.);
#7321=ORIENTED_EDGE('',*,*,#5070,.T.);
#7322=ORIENTED_EDGE('',*,*,#5073,.T.);
#7323=ORIENTED_EDGE('',*,*,#5052,.T.);
#7324=ORIENTED_EDGE('',*,*,#5055,.T.);
#7325=ORIENTED_EDGE('',*,*,#5058,.T.);
#7326=ORIENTED_EDGE('',*,*,#5061,.T.);
#7327=ORIENTED_EDGE('',*,*,#5039,.T.);
#7328=ORIENTED_EDGE('',*,*,#5043,.T.);
#7329=ORIENTED_EDGE('',*,*,#5046,.T.);
#7330=ORIENTED_EDGE('',*,*,#5049,.T.);
#7331=ORIENTED_EDGE('',*,*,#5028,.T.);
#7332=ORIENTED_EDGE('',*,*,#5031,.T.);
#7333=ORIENTED_EDGE('',*,*,#5034,.T.);
#7334=ORIENTED_EDGE('',*,*,#5037,.T.);
#7335=ORIENTED_EDGE('',*,*,#5015,.T.);
#7336=ORIENTED_EDGE('',*,*,#5019,.T.);
#7337=ORIENTED_EDGE('',*,*,#5022,.T.);
#7338=ORIENTED_EDGE('',*,*,#5025,.T.);
#7339=ORIENTED_EDGE('',*,*,#5004,.T.);
#7340=ORIENTED_EDGE('',*,*,#5007,.T.);
#7341=ORIENTED_EDGE('',*,*,#5010,.T.);
#7342=ORIENTED_EDGE('',*,*,#5013,.T.);
#7343=ORIENTED_EDGE('',*,*,#4991,.T.);
#7344=ORIENTED_EDGE('',*,*,#4995,.T.);
#7345=ORIENTED_EDGE('',*,*,#4998,.T.);
#7346=ORIENTED_EDGE('',*,*,#5001,.T.);
#7347=ORIENTED_EDGE('',*,*,#4980,.T.);
#7348=ORIENTED_EDGE('',*,*,#4983,.T.);
#7349=ORIENTED_EDGE('',*,*,#4986,.T.);
#7350=ORIENTED_EDGE('',*,*,#4989,.T.);
#7351=ORIENTED_EDGE('',*,*,#4967,.T.);
#7352=ORIENTED_EDGE('',*,*,#4971,.T.);
#7353=ORIENTED_EDGE('',*,*,#4974,.T.);
#7354=ORIENTED_EDGE('',*,*,#4977,.T.);
#7355=ORIENTED_EDGE('',*,*,#4821,.T.);
#7356=ORIENTED_EDGE('',*,*,#4824,.T.);
#7357=ORIENTED_EDGE('',*,*,#4827,.T.);
#7358=ORIENTED_EDGE('',*,*,#4830,.T.);
#7359=ORIENTED_EDGE('',*,*,#4808,.T.);
#7360=ORIENTED_EDGE('',*,*,#4812,.T.);
#7361=ORIENTED_EDGE('',*,*,#4815,.T.);
#7362=ORIENTED_EDGE('',*,*,#4818,.T.);
#7363=ORIENTED_EDGE('',*,*,#4797,.T.);
#7364=ORIENTED_EDGE('',*,*,#4800,.T.);
#7365=ORIENTED_EDGE('',*,*,#4803,.T.);
#7366=ORIENTED_EDGE('',*,*,#4806,.T.);
#7367=ORIENTED_EDGE('',*,*,#4784,.T.);
#7368=ORIENTED_EDGE('',*,*,#4788,.T.);
#7369=ORIENTED_EDGE('',*,*,#4791,.T.);
#7370=ORIENTED_EDGE('',*,*,#4794,.T.);
#7371=ORIENTED_EDGE('',*,*,#4773,.T.);
#7372=ORIENTED_EDGE('',*,*,#4776,.T.);
#7373=ORIENTED_EDGE('',*,*,#4779,.T.);
#7374=ORIENTED_EDGE('',*,*,#4782,.T.);
#7375=ORIENTED_EDGE('',*,*,#4760,.T.);
#7376=ORIENTED_EDGE('',*,*,#4764,.T.);
#7377=ORIENTED_EDGE('',*,*,#4767,.T.);
#7378=ORIENTED_EDGE('',*,*,#4770,.T.);
#7379=ORIENTED_EDGE('',*,*,#4749,.T.);
#7380=ORIENTED_EDGE('',*,*,#4752,.T.);
#7381=ORIENTED_EDGE('',*,*,#4755,.T.);
#7382=ORIENTED_EDGE('',*,*,#4758,.T.);
#7383=ORIENTED_EDGE('',*,*,#4736,.T.);
#7384=ORIENTED_EDGE('',*,*,#4740,.T.);
#7385=ORIENTED_EDGE('',*,*,#4743,.T.);
#7386=ORIENTED_EDGE('',*,*,#4746,.T.);
#7387=ORIENTED_EDGE('',*,*,#4725,.T.);
#7388=ORIENTED_EDGE('',*,*,#4728,.T.);
#7389=ORIENTED_EDGE('',*,*,#4731,.T.);
#7390=ORIENTED_EDGE('',*,*,#4734,.T.);
#7391=ORIENTED_EDGE('',*,*,#4712,.T.);
#7392=ORIENTED_EDGE('',*,*,#4716,.T.);
#7393=ORIENTED_EDGE('',*,*,#4719,.T.);
#7394=ORIENTED_EDGE('',*,*,#4722,.T.);
#7395=ORIENTED_EDGE('',*,*,#4701,.T.);
#7396=ORIENTED_EDGE('',*,*,#4704,.T.);
#7397=ORIENTED_EDGE('',*,*,#4707,.T.);
#7398=ORIENTED_EDGE('',*,*,#4710,.T.);
#7399=ORIENTED_EDGE('',*,*,#4688,.T.);
#7400=ORIENTED_EDGE('',*,*,#4692,.T.);
#7401=ORIENTED_EDGE('',*,*,#4695,.T.);
#7402=ORIENTED_EDGE('',*,*,#4698,.T.);
#7403=ORIENTED_EDGE('',*,*,#4677,.T.);
#7404=ORIENTED_EDGE('',*,*,#4680,.T.);
#7405=ORIENTED_EDGE('',*,*,#4683,.T.);
#7406=ORIENTED_EDGE('',*,*,#4686,.T.);
#7407=ORIENTED_EDGE('',*,*,#4664,.T.);
#7408=ORIENTED_EDGE('',*,*,#4668,.T.);
#7409=ORIENTED_EDGE('',*,*,#4671,.T.);
#7410=ORIENTED_EDGE('',*,*,#4674,.T.);
#7411=ORIENTED_EDGE('',*,*,#4653,.T.);
#7412=ORIENTED_EDGE('',*,*,#4656,.T.);
#7413=ORIENTED_EDGE('',*,*,#4659,.T.);
#7414=ORIENTED_EDGE('',*,*,#4662,.T.);
#7415=ORIENTED_EDGE('',*,*,#4640,.T.);
#7416=ORIENTED_EDGE('',*,*,#4644,.T.);
#7417=ORIENTED_EDGE('',*,*,#4647,.T.);
#7418=ORIENTED_EDGE('',*,*,#4650,.T.);
#7419=ORIENTED_EDGE('',*,*,#4629,.T.);
#7420=ORIENTED_EDGE('',*,*,#4632,.T.);
#7421=ORIENTED_EDGE('',*,*,#4635,.T.);
#7422=ORIENTED_EDGE('',*,*,#4638,.T.);
#7423=ORIENTED_EDGE('',*,*,#4616,.T.);
#7424=ORIENTED_EDGE('',*,*,#4620,.T.);
#7425=ORIENTED_EDGE('',*,*,#4623,.T.);
#7426=ORIENTED_EDGE('',*,*,#4626,.T.);
#7427=ORIENTED_EDGE('',*,*,#4605,.T.);
#7428=ORIENTED_EDGE('',*,*,#4608,.T.);
#7429=ORIENTED_EDGE('',*,*,#4611,.T.);
#7430=ORIENTED_EDGE('',*,*,#4614,.T.);
#7431=ORIENTED_EDGE('',*,*,#4592,.T.);
#7432=ORIENTED_EDGE('',*,*,#4596,.T.);
#7433=ORIENTED_EDGE('',*,*,#4599,.T.);
#7434=ORIENTED_EDGE('',*,*,#4602,.T.);
#7435=ORIENTED_EDGE('',*,*,#4581,.T.);
#7436=ORIENTED_EDGE('',*,*,#4584,.T.);
#7437=ORIENTED_EDGE('',*,*,#4587,.T.);
#7438=ORIENTED_EDGE('',*,*,#4590,.T.);
#7439=ORIENTED_EDGE('',*,*,#4568,.T.);
#7440=ORIENTED_EDGE('',*,*,#4572,.T.);
#7441=ORIENTED_EDGE('',*,*,#4575,.T.);
#7442=ORIENTED_EDGE('',*,*,#4578,.T.);
#7443=ORIENTED_EDGE('',*,*,#4557,.T.);
#7444=ORIENTED_EDGE('',*,*,#4560,.T.);
#7445=ORIENTED_EDGE('',*,*,#4563,.T.);
#7446=ORIENTED_EDGE('',*,*,#4566,.T.);
#7447=ORIENTED_EDGE('',*,*,#4544,.T.);
#7448=ORIENTED_EDGE('',*,*,#4548,.T.);
#7449=ORIENTED_EDGE('',*,*,#4551,.T.);
#7450=ORIENTED_EDGE('',*,*,#4554,.T.);
#7451=ORIENTED_EDGE('',*,*,#4533,.T.);
#7452=ORIENTED_EDGE('',*,*,#4536,.T.);
#7453=ORIENTED_EDGE('',*,*,#4539,.T.);
#7454=ORIENTED_EDGE('',*,*,#4542,.T.);
#7455=ORIENTED_EDGE('',*,*,#4520,.T.);
#7456=ORIENTED_EDGE('',*,*,#4524,.T.);
#7457=ORIENTED_EDGE('',*,*,#4527,.T.);
#7458=ORIENTED_EDGE('',*,*,#4530,.T.);
#7459=ORIENTED_EDGE('',*,*,#4509,.T.);
#7460=ORIENTED_EDGE('',*,*,#4512,.T.);
#7461=ORIENTED_EDGE('',*,*,#4515,.T.);
#7462=ORIENTED_EDGE('',*,*,#4518,.T.);
#7463=ORIENTED_EDGE('',*,*,#4496,.T.);
#7464=ORIENTED_EDGE('',*,*,#4500,.T.);
#7465=ORIENTED_EDGE('',*,*,#4503,.T.);
#7466=ORIENTED_EDGE('',*,*,#4506,.T.);
#7467=ORIENTED_EDGE('',*,*,#4485,.T.);
#7468=ORIENTED_EDGE('',*,*,#4488,.T.);
#7469=ORIENTED_EDGE('',*,*,#4491,.T.);
#7470=ORIENTED_EDGE('',*,*,#4494,.T.);
#7471=ORIENTED_EDGE('',*,*,#4472,.T.);
#7472=ORIENTED_EDGE('',*,*,#4476,.T.);
#7473=ORIENTED_EDGE('',*,*,#4479,.T.);
#7474=ORIENTED_EDGE('',*,*,#4482,.T.);
#7475=ORIENTED_EDGE('',*,*,#4461,.T.);
#7476=ORIENTED_EDGE('',*,*,#4464,.T.);
#7477=ORIENTED_EDGE('',*,*,#4467,.T.);
#7478=ORIENTED_EDGE('',*,*,#4470,.T.);
#7479=ORIENTED_EDGE('',*,*,#4448,.T.);
#7480=ORIENTED_EDGE('',*,*,#4452,.T.);
#7481=ORIENTED_EDGE('',*,*,#4455,.T.);
#7482=ORIENTED_EDGE('',*,*,#4458,.T.);
#7483=ORIENTED_EDGE('',*,*,#4437,.T.);
#7484=ORIENTED_EDGE('',*,*,#4440,.T.);
#7485=ORIENTED_EDGE('',*,*,#4443,.T.);
#7486=ORIENTED_EDGE('',*,*,#4446,.T.);
#7487=ORIENTED_EDGE('',*,*,#4424,.T.);
#7488=ORIENTED_EDGE('',*,*,#4428,.T.);
#7489=ORIENTED_EDGE('',*,*,#4431,.T.);
#7490=ORIENTED_EDGE('',*,*,#4434,.T.);
#7491=ORIENTED_EDGE('',*,*,#4413,.T.);
#7492=ORIENTED_EDGE('',*,*,#4416,.T.);
#7493=ORIENTED_EDGE('',*,*,#4419,.T.);
#7494=ORIENTED_EDGE('',*,*,#4422,.T.);
#7495=ORIENTED_EDGE('',*,*,#4400,.T.);
#7496=ORIENTED_EDGE('',*,*,#4404,.T.);
#7497=ORIENTED_EDGE('',*,*,#4407,.T.);
#7498=ORIENTED_EDGE('',*,*,#4410,.T.);
#7499=ORIENTED_EDGE('',*,*,#5472,.T.);
#7500=ORIENTED_EDGE('',*,*,#5456,.F.);
#7501=ORIENTED_EDGE('',*,*,#5473,.F.);
#7502=ORIENTED_EDGE('',*,*,#5474,.F.);
#7503=ORIENTED_EDGE('',*,*,#5475,.T.);
#7504=ORIENTED_EDGE('',*,*,#5476,.F.);
#7505=ORIENTED_EDGE('',*,*,#5466,.F.);
#7506=ORIENTED_EDGE('',*,*,#4394,.T.);
#7507=ORIENTED_EDGE('',*,*,#5471,.T.);
#7508=ORIENTED_EDGE('',*,*,#4922,.T.);
#7509=ORIENTED_EDGE('',*,*,#4934,.T.);
#7510=ORIENTED_EDGE('',*,*,#4937,.T.);
#7511=ORIENTED_EDGE('',*,*,#4927,.T.);
#7512=ORIENTED_EDGE('',*,*,#4932,.T.);
#7513=ORIENTED_EDGE('',*,*,#5470,.T.);
#7514=ORIENTED_EDGE('',*,*,#5477,.F.);
#7515=ORIENTED_EDGE('',*,*,#5478,.T.);
#7516=ORIENTED_EDGE('',*,*,#5473,.T.);
#7517=ORIENTED_EDGE('',*,*,#5455,.T.);
#7518=ORIENTED_EDGE('',*,*,#4951,.T.);
#7519=ORIENTED_EDGE('',*,*,#4963,.T.);
#7520=ORIENTED_EDGE('',*,*,#4966,.T.);
#7521=ORIENTED_EDGE('',*,*,#4956,.T.);
#7522=ORIENTED_EDGE('',*,*,#4961,.T.);
#7523=ORIENTED_EDGE('',*,*,#5454,.T.);
#7524=ORIENTED_EDGE('',*,*,#5388,.T.);
#7525=ORIENTED_EDGE('',*,*,#5400,.T.);
#7526=ORIENTED_EDGE('',*,*,#5403,.T.);
#7527=ORIENTED_EDGE('',*,*,#5393,.T.);
#7528=ORIENTED_EDGE('',*,*,#5398,.T.);
#7529=ORIENTED_EDGE('',*,*,#5453,.T.);
#7530=ORIENTED_EDGE('',*,*,#4845,.T.);
#7531=ORIENTED_EDGE('',*,*,#4857,.T.);
#7532=ORIENTED_EDGE('',*,*,#4860,.T.);
#7533=ORIENTED_EDGE('',*,*,#4850,.T.);
#7534=ORIENTED_EDGE('',*,*,#4855,.T.);
#7535=ORIENTED_EDGE('',*,*,#5452,.T.);
#7536=ORIENTED_EDGE('',*,*,#4384,.T.);
#7537=ORIENTED_EDGE('',*,*,#4396,.T.);
#7538=ORIENTED_EDGE('',*,*,#4399,.T.);
#7539=ORIENTED_EDGE('',*,*,#4389,.T.);
#7540=ORIENTED_EDGE('',*,*,#5476,.T.);
#7541=ORIENTED_EDGE('',*,*,#5479,.F.);
#7542=ORIENTED_EDGE('',*,*,#5480,.F.);
#7543=ORIENTED_EDGE('',*,*,#5467,.F.);
#7544=ORIENTED_EDGE('',*,*,#5481,.T.);
#7545=ORIENTED_EDGE('',*,*,#5482,.F.);
#7546=ORIENTED_EDGE('',*,*,#5483,.F.);
#7547=ORIENTED_EDGE('',*,*,#5484,.F.);
#7548=ORIENTED_EDGE('',*,*,#5485,.T.);
#7549=ORIENTED_EDGE('',*,*,#5486,.T.);
#7550=ORIENTED_EDGE('',*,*,#5474,.T.);
#7551=ORIENTED_EDGE('',*,*,#5478,.F.);
#7552=ORIENTED_EDGE('',*,*,#5487,.T.);
#7553=ORIENTED_EDGE('',*,*,#5488,.T.);
#7554=ORIENTED_EDGE('',*,*,#5489,.T.);
#7555=ORIENTED_EDGE('',*,*,#5490,.T.);
#7556=ORIENTED_EDGE('',*,*,#5491,.T.);
#7557=ORIENTED_EDGE('',*,*,#5482,.T.);
#7558=ORIENTED_EDGE('',*,*,#5492,.F.);
#7559=ORIENTED_EDGE('',*,*,#5493,.T.);
#7560=ORIENTED_EDGE('',*,*,#5494,.F.);
#7561=ORIENTED_EDGE('',*,*,#5495,.F.);
#7562=ORIENTED_EDGE('',*,*,#5496,.F.);
#7563=ORIENTED_EDGE('',*,*,#5497,.T.);
#7564=ORIENTED_EDGE('',*,*,#5498,.F.);
#7565=ORIENTED_EDGE('',*,*,#5493,.F.);
#7566=ORIENTED_EDGE('',*,*,#5499,.F.);
#7567=ORIENTED_EDGE('',*,*,#5500,.T.);
#7568=ORIENTED_EDGE('',*,*,#5501,.F.);
#7569=ORIENTED_EDGE('',*,*,#5497,.F.);
#7570=ORIENTED_EDGE('',*,*,#5502,.F.);
#7571=ORIENTED_EDGE('',*,*,#5503,.T.);
#7572=ORIENTED_EDGE('',*,*,#5504,.F.);
#7573=ORIENTED_EDGE('',*,*,#5500,.F.);
#7574=ORIENTED_EDGE('',*,*,#5505,.F.);
#7575=ORIENTED_EDGE('',*,*,#5506,.T.);
#7576=ORIENTED_EDGE('',*,*,#5507,.F.);
#7577=ORIENTED_EDGE('',*,*,#5503,.F.);
#7578=ORIENTED_EDGE('',*,*,#5508,.F.);
#7579=ORIENTED_EDGE('',*,*,#5509,.T.);
#7580=ORIENTED_EDGE('',*,*,#5510,.F.);
#7581=ORIENTED_EDGE('',*,*,#5506,.F.);
#7582=ORIENTED_EDGE('',*,*,#5511,.F.);
#7583=ORIENTED_EDGE('',*,*,#5512,.T.);
#7584=ORIENTED_EDGE('',*,*,#5513,.F.);
#7585=ORIENTED_EDGE('',*,*,#5509,.F.);
#7586=ORIENTED_EDGE('',*,*,#5514,.F.);
#7587=ORIENTED_EDGE('',*,*,#5495,.T.);
#7588=ORIENTED_EDGE('',*,*,#5515,.F.);
#7589=ORIENTED_EDGE('',*,*,#5512,.F.);
#7590=ORIENTED_EDGE('',*,*,#5516,.F.);
#7591=ORIENTED_EDGE('',*,*,#5517,.T.);
#7592=ORIENTED_EDGE('',*,*,#5518,.F.);
#7593=ORIENTED_EDGE('',*,*,#5519,.F.);
#7594=ORIENTED_EDGE('',*,*,#5494,.T.);
#7595=ORIENTED_EDGE('',*,*,#5498,.T.);
#7596=ORIENTED_EDGE('',*,*,#5501,.T.);
#7597=ORIENTED_EDGE('',*,*,#5504,.T.);
#7598=ORIENTED_EDGE('',*,*,#5507,.T.);
#7599=ORIENTED_EDGE('',*,*,#5510,.T.);
#7600=ORIENTED_EDGE('',*,*,#5513,.T.);
#7601=ORIENTED_EDGE('',*,*,#5515,.T.);
#7602=ORIENTED_EDGE('',*,*,#5520,.F.);
#7603=ORIENTED_EDGE('',*,*,#5519,.T.);
#7604=ORIENTED_EDGE('',*,*,#5521,.F.);
#7605=ORIENTED_EDGE('',*,*,#5522,.F.);
#7606=ORIENTED_EDGE('',*,*,#5523,.F.);
#7607=ORIENTED_EDGE('',*,*,#5522,.T.);
#7608=ORIENTED_EDGE('',*,*,#5524,.F.);
#7609=ORIENTED_EDGE('',*,*,#5525,.F.);
#7610=ORIENTED_EDGE('',*,*,#5526,.F.);
#7611=ORIENTED_EDGE('',*,*,#5525,.T.);
#7612=ORIENTED_EDGE('',*,*,#5527,.F.);
#7613=ORIENTED_EDGE('',*,*,#5528,.F.);
#7614=ORIENTED_EDGE('',*,*,#5529,.F.);
#7615=ORIENTED_EDGE('',*,*,#5528,.T.);
#7616=ORIENTED_EDGE('',*,*,#5530,.F.);
#7617=ORIENTED_EDGE('',*,*,#5531,.F.);
#7618=ORIENTED_EDGE('',*,*,#5492,.T.);
#7619=ORIENTED_EDGE('',*,*,#5514,.T.);
#7620=ORIENTED_EDGE('',*,*,#5511,.T.);
#7621=ORIENTED_EDGE('',*,*,#5508,.T.);
#7622=ORIENTED_EDGE('',*,*,#5505,.T.);
#7623=ORIENTED_EDGE('',*,*,#5502,.T.);
#7624=ORIENTED_EDGE('',*,*,#5499,.T.);
#7625=ORIENTED_EDGE('',*,*,#5496,.T.);
#7626=ORIENTED_EDGE('',*,*,#5532,.F.);
#7627=ORIENTED_EDGE('',*,*,#5531,.T.);
#7628=ORIENTED_EDGE('',*,*,#5533,.F.);
#7629=ORIENTED_EDGE('',*,*,#5534,.F.);
#7630=ORIENTED_EDGE('',*,*,#5535,.F.);
#7631=ORIENTED_EDGE('',*,*,#5534,.T.);
#7632=ORIENTED_EDGE('',*,*,#5536,.F.);
#7633=ORIENTED_EDGE('',*,*,#5537,.F.);
#7634=ORIENTED_EDGE('',*,*,#5538,.F.);
#7635=ORIENTED_EDGE('',*,*,#5537,.T.);
#7636=ORIENTED_EDGE('',*,*,#5539,.F.);
#7637=ORIENTED_EDGE('',*,*,#5517,.F.);
#7638=ORIENTED_EDGE('',*,*,#5539,.T.);
#7639=ORIENTED_EDGE('',*,*,#5536,.T.);
#7640=ORIENTED_EDGE('',*,*,#5533,.T.);
#7641=ORIENTED_EDGE('',*,*,#5530,.T.);
#7642=ORIENTED_EDGE('',*,*,#5527,.T.);
#7643=ORIENTED_EDGE('',*,*,#5524,.T.);
#7644=ORIENTED_EDGE('',*,*,#5521,.T.);
#7645=ORIENTED_EDGE('',*,*,#5518,.T.);
#7646=ORIENTED_EDGE('',*,*,#5540,.T.);
#7647=ORIENTED_EDGE('',*,*,#5541,.F.);
#7648=ORIENTED_EDGE('',*,*,#5542,.F.);
#7649=ORIENTED_EDGE('',*,*,#5543,.T.);
#7650=ORIENTED_EDGE('',*,*,#5541,.T.);
#7651=ORIENTED_EDGE('',*,*,#5543,.F.);
#7652=ORIENTED_EDGE('',*,*,#5484,.T.);
#7653=ORIENTED_EDGE('',*,*,#5544,.T.);
#7654=ORIENTED_EDGE('',*,*,#5545,.T.);
#7655=ORIENTED_EDGE('',*,*,#5546,.T.);
#7656=ORIENTED_EDGE('',*,*,#5547,.T.);
#7657=ORIENTED_EDGE('',*,*,#5548,.T.);
#7658=ORIENTED_EDGE('',*,*,#5549,.T.);
#7659=ORIENTED_EDGE('',*,*,#5479,.T.);
#7660=ORIENTED_EDGE('',*,*,#5475,.F.);
#7661=ORIENTED_EDGE('',*,*,#5465,.F.);
#7662=ORIENTED_EDGE('',*,*,#5550,.F.);
#7663=ORIENTED_EDGE('',*,*,#5516,.T.);
#7664=ORIENTED_EDGE('',*,*,#5520,.T.);
#7665=ORIENTED_EDGE('',*,*,#5523,.T.);
#7666=ORIENTED_EDGE('',*,*,#5526,.T.);
#7667=ORIENTED_EDGE('',*,*,#5529,.T.);
#7668=ORIENTED_EDGE('',*,*,#5532,.T.);
#7669=ORIENTED_EDGE('',*,*,#5535,.T.);
#7670=ORIENTED_EDGE('',*,*,#5538,.T.);
#7671=ORIENTED_EDGE('',*,*,#5542,.T.);
#7672=ORIENTED_EDGE('',*,*,#5540,.F.);
#7673=ORIENTED_EDGE('',*,*,#5551,.T.);
#7674=ORIENTED_EDGE('',*,*,#5552,.T.);
#7675=ORIENTED_EDGE('',*,*,#5551,.F.);
#7676=ORIENTED_EDGE('',*,*,#5552,.F.);
#7677=ORIENTED_EDGE('',*,*,#5553,.T.);
#7678=ORIENTED_EDGE('',*,*,#5554,.T.);
#7679=ORIENTED_EDGE('',*,*,#5555,.F.);
#7680=ORIENTED_EDGE('',*,*,#5556,.F.);
#7681=ORIENTED_EDGE('',*,*,#5557,.T.);
#7682=ORIENTED_EDGE('',*,*,#5556,.T.);
#7683=ORIENTED_EDGE('',*,*,#5558,.F.);
#7684=ORIENTED_EDGE('',*,*,#5559,.F.);
#7685=ORIENTED_EDGE('',*,*,#5560,.T.);
#7686=ORIENTED_EDGE('',*,*,#5559,.T.);
#7687=ORIENTED_EDGE('',*,*,#5561,.F.);
#7688=ORIENTED_EDGE('',*,*,#5562,.F.);
#7689=ORIENTED_EDGE('',*,*,#5563,.T.);
#7690=ORIENTED_EDGE('',*,*,#5562,.T.);
#7691=ORIENTED_EDGE('',*,*,#5564,.F.);
#7692=ORIENTED_EDGE('',*,*,#5554,.F.);
#7693=ORIENTED_EDGE('',*,*,#5565,.T.);
#7694=ORIENTED_EDGE('',*,*,#5566,.T.);
#7695=ORIENTED_EDGE('',*,*,#5567,.T.);
#7696=ORIENTED_EDGE('',*,*,#5568,.T.);
#7697=ORIENTED_EDGE('',*,*,#5569,.T.);
#7698=ORIENTED_EDGE('',*,*,#5570,.T.);
#7699=ORIENTED_EDGE('',*,*,#5571,.T.);
#7700=ORIENTED_EDGE('',*,*,#5572,.T.);
#7701=ORIENTED_EDGE('',*,*,#5564,.T.);
#7702=ORIENTED_EDGE('',*,*,#5561,.T.);
#7703=ORIENTED_EDGE('',*,*,#5558,.T.);
#7704=ORIENTED_EDGE('',*,*,#5555,.T.);
#7705=ORIENTED_EDGE('',*,*,#5428,.T.);
#7706=ORIENTED_EDGE('',*,*,#5450,.T.);
#7707=ORIENTED_EDGE('',*,*,#5447,.T.);
#7708=ORIENTED_EDGE('',*,*,#5444,.T.);
#7709=ORIENTED_EDGE('',*,*,#5441,.T.);
#7710=ORIENTED_EDGE('',*,*,#5438,.T.);
#7711=ORIENTED_EDGE('',*,*,#5435,.T.);
#7712=ORIENTED_EDGE('',*,*,#5432,.T.);
#7713=ORIENTED_EDGE('',*,*,#5404,.T.);
#7714=ORIENTED_EDGE('',*,*,#5426,.T.);
#7715=ORIENTED_EDGE('',*,*,#5423,.T.);
#7716=ORIENTED_EDGE('',*,*,#5420,.T.);
#7717=ORIENTED_EDGE('',*,*,#5417,.T.);
#7718=ORIENTED_EDGE('',*,*,#5414,.T.);
#7719=ORIENTED_EDGE('',*,*,#5411,.T.);
#7720=ORIENTED_EDGE('',*,*,#5408,.T.);
#7721=ORIENTED_EDGE('',*,*,#5389,.T.);
#7722=ORIENTED_EDGE('',*,*,#5401,.T.);
#7723=ORIENTED_EDGE('',*,*,#5386,.T.);
#7724=ORIENTED_EDGE('',*,*,#5383,.T.);
#7725=ORIENTED_EDGE('',*,*,#5380,.T.);
#7726=ORIENTED_EDGE('',*,*,#5377,.T.);
#7727=ORIENTED_EDGE('',*,*,#5399,.T.);
#7728=ORIENTED_EDGE('',*,*,#5395,.T.);
#7729=ORIENTED_EDGE('',*,*,#5365,.T.);
#7730=ORIENTED_EDGE('',*,*,#5362,.T.);
#7731=ORIENTED_EDGE('',*,*,#5359,.T.);
#7732=ORIENTED_EDGE('',*,*,#5356,.T.);
#7733=ORIENTED_EDGE('',*,*,#5353,.T.);
#7734=ORIENTED_EDGE('',*,*,#5374,.T.);
#7735=ORIENTED_EDGE('',*,*,#5371,.T.);
#7736=ORIENTED_EDGE('',*,*,#5368,.T.);
#7737=ORIENTED_EDGE('',*,*,#5341,.T.);
#7738=ORIENTED_EDGE('',*,*,#5338,.T.);
#7739=ORIENTED_EDGE('',*,*,#5335,.T.);
#7740=ORIENTED_EDGE('',*,*,#5332,.T.);
#7741=ORIENTED_EDGE('',*,*,#5329,.T.);
#7742=ORIENTED_EDGE('',*,*,#5350,.T.);
#7743=ORIENTED_EDGE('',*,*,#5347,.T.);
#7744=ORIENTED_EDGE('',*,*,#5344,.T.);
#7745=ORIENTED_EDGE('',*,*,#5317,.T.);
#7746=ORIENTED_EDGE('',*,*,#5314,.T.);
#7747=ORIENTED_EDGE('',*,*,#5311,.T.);
#7748=ORIENTED_EDGE('',*,*,#5308,.T.);
#7749=ORIENTED_EDGE('',*,*,#5305,.T.);
#7750=ORIENTED_EDGE('',*,*,#5326,.T.);
#7751=ORIENTED_EDGE('',*,*,#5323,.T.);
#7752=ORIENTED_EDGE('',*,*,#5320,.T.);
#7753=ORIENTED_EDGE('',*,*,#5293,.T.);
#7754=ORIENTED_EDGE('',*,*,#5290,.T.);
#7755=ORIENTED_EDGE('',*,*,#5287,.T.);
#7756=ORIENTED_EDGE('',*,*,#5284,.T.);
#7757=ORIENTED_EDGE('',*,*,#5281,.T.);
#7758=ORIENTED_EDGE('',*,*,#5302,.T.);
#7759=ORIENTED_EDGE('',*,*,#5299,.T.);
#7760=ORIENTED_EDGE('',*,*,#5296,.T.);
#7761=ORIENTED_EDGE('',*,*,#5269,.T.);
#7762=ORIENTED_EDGE('',*,*,#5266,.T.);
#7763=ORIENTED_EDGE('',*,*,#5263,.T.);
#7764=ORIENTED_EDGE('',*,*,#5260,.T.);
#7765=ORIENTED_EDGE('',*,*,#5257,.T.);
#7766=ORIENTED_EDGE('',*,*,#5278,.T.);
#7767=ORIENTED_EDGE('',*,*,#5275,.T.);
#7768=ORIENTED_EDGE('',*,*,#5272,.T.);
#7769=ORIENTED_EDGE('',*,*,#5245,.T.);
#7770=ORIENTED_EDGE('',*,*,#5242,.T.);
#7771=ORIENTED_EDGE('',*,*,#5239,.T.);
#7772=ORIENTED_EDGE('',*,*,#5236,.T.);
#7773=ORIENTED_EDGE('',*,*,#5233,.T.);
#7774=ORIENTED_EDGE('',*,*,#5254,.T.);
#7775=ORIENTED_EDGE('',*,*,#5251,.T.);
#7776=ORIENTED_EDGE('',*,*,#5248,.T.);
#7777=ORIENTED_EDGE('',*,*,#5221,.T.);
#7778=ORIENTED_EDGE('',*,*,#5218,.T.);
#7779=ORIENTED_EDGE('',*,*,#5215,.T.);
#7780=ORIENTED_EDGE('',*,*,#5212,.T.);
#7781=ORIENTED_EDGE('',*,*,#5209,.T.);
#7782=ORIENTED_EDGE('',*,*,#5230,.T.);
#7783=ORIENTED_EDGE('',*,*,#5227,.T.);
#7784=ORIENTED_EDGE('',*,*,#5224,.T.);
#7785=ORIENTED_EDGE('',*,*,#5197,.T.);
#7786=ORIENTED_EDGE('',*,*,#5194,.T.);
#7787=ORIENTED_EDGE('',*,*,#5191,.T.);
#7788=ORIENTED_EDGE('',*,*,#5188,.T.);
#7789=ORIENTED_EDGE('',*,*,#5185,.T.);
#7790=ORIENTED_EDGE('',*,*,#5206,.T.);
#7791=ORIENTED_EDGE('',*,*,#5203,.T.);
#7792=ORIENTED_EDGE('',*,*,#5200,.T.);
#7793=ORIENTED_EDGE('',*,*,#5173,.T.);
#7794=ORIENTED_EDGE('',*,*,#5170,.T.);
#7795=ORIENTED_EDGE('',*,*,#5167,.T.);
#7796=ORIENTED_EDGE('',*,*,#5164,.T.);
#7797=ORIENTED_EDGE('',*,*,#5161,.T.);
#7798=ORIENTED_EDGE('',*,*,#5182,.T.);
#7799=ORIENTED_EDGE('',*,*,#5179,.T.);
#7800=ORIENTED_EDGE('',*,*,#5176,.T.);
#7801=ORIENTED_EDGE('',*,*,#5149,.T.);
#7802=ORIENTED_EDGE('',*,*,#5146,.T.);
#7803=ORIENTED_EDGE('',*,*,#5143,.T.);
#7804=ORIENTED_EDGE('',*,*,#5140,.T.);
#7805=ORIENTED_EDGE('',*,*,#5137,.T.);
#7806=ORIENTED_EDGE('',*,*,#5158,.T.);
#7807=ORIENTED_EDGE('',*,*,#5155,.T.);
#7808=ORIENTED_EDGE('',*,*,#5152,.T.);
#7809=ORIENTED_EDGE('',*,*,#5125,.T.);
#7810=ORIENTED_EDGE('',*,*,#5122,.T.);
#7811=ORIENTED_EDGE('',*,*,#5119,.T.);
#7812=ORIENTED_EDGE('',*,*,#5116,.T.);
#7813=ORIENTED_EDGE('',*,*,#5113,.T.);
#7814=ORIENTED_EDGE('',*,*,#5134,.T.);
#7815=ORIENTED_EDGE('',*,*,#5131,.T.);
#7816=ORIENTED_EDGE('',*,*,#5128,.T.);
#7817=ORIENTED_EDGE('',*,*,#5101,.T.);
#7818=ORIENTED_EDGE('',*,*,#5098,.T.);
#7819=ORIENTED_EDGE('',*,*,#5095,.T.);
#7820=ORIENTED_EDGE('',*,*,#5092,.T.);
#7821=ORIENTED_EDGE('',*,*,#5089,.T.);
#7822=ORIENTED_EDGE('',*,*,#5110,.T.);
#7823=ORIENTED_EDGE('',*,*,#5107,.T.);
#7824=ORIENTED_EDGE('',*,*,#5104,.T.);
#7825=ORIENTED_EDGE('',*,*,#5077,.T.);
#7826=ORIENTED_EDGE('',*,*,#5074,.T.);
#7827=ORIENTED_EDGE('',*,*,#5071,.T.);
#7828=ORIENTED_EDGE('',*,*,#5068,.T.);
#7829=ORIENTED_EDGE('',*,*,#5065,.T.);
#7830=ORIENTED_EDGE('',*,*,#5086,.T.);
#7831=ORIENTED_EDGE('',*,*,#5083,.T.);
#7832=ORIENTED_EDGE('',*,*,#5080,.T.);
#7833=ORIENTED_EDGE('',*,*,#5053,.T.);
#7834=ORIENTED_EDGE('',*,*,#5050,.T.);
#7835=ORIENTED_EDGE('',*,*,#5047,.T.);
#7836=ORIENTED_EDGE('',*,*,#5044,.T.);
#7837=ORIENTED_EDGE('',*,*,#5041,.T.);
#7838=ORIENTED_EDGE('',*,*,#5062,.T.);
#7839=ORIENTED_EDGE('',*,*,#5059,.T.);
#7840=ORIENTED_EDGE('',*,*,#5056,.T.);
#7841=ORIENTED_EDGE('',*,*,#5029,.T.);
#7842=ORIENTED_EDGE('',*,*,#5026,.T.);
#7843=ORIENTED_EDGE('',*,*,#5023,.T.);
#7844=ORIENTED_EDGE('',*,*,#5020,.T.);
#7845=ORIENTED_EDGE('',*,*,#5017,.T.);
#7846=ORIENTED_EDGE('',*,*,#5038,.T.);
#7847=ORIENTED_EDGE('',*,*,#5035,.T.);
#7848=ORIENTED_EDGE('',*,*,#5032,.T.);
#7849=ORIENTED_EDGE('',*,*,#5005,.T.);
#7850=ORIENTED_EDGE('',*,*,#5002,.T.);
#7851=ORIENTED_EDGE('',*,*,#4999,.T.);
#7852=ORIENTED_EDGE('',*,*,#4996,.T.);
#7853=ORIENTED_EDGE('',*,*,#4993,.T.);
#7854=ORIENTED_EDGE('',*,*,#5014,.T.);
#7855=ORIENTED_EDGE('',*,*,#5011,.T.);
#7856=ORIENTED_EDGE('',*,*,#5008,.T.);
#7857=ORIENTED_EDGE('',*,*,#4981,.T.);
#7858=ORIENTED_EDGE('',*,*,#4978,.T.);
#7859=ORIENTED_EDGE('',*,*,#4975,.T.);
#7860=ORIENTED_EDGE('',*,*,#4972,.T.);
#7861=ORIENTED_EDGE('',*,*,#4969,.T.);
#7862=ORIENTED_EDGE('',*,*,#4990,.T.);
#7863=ORIENTED_EDGE('',*,*,#4987,.T.);
#7864=ORIENTED_EDGE('',*,*,#4984,.T.);
#7865=ORIENTED_EDGE('',*,*,#4952,.T.);
#7866=ORIENTED_EDGE('',*,*,#4964,.T.);
#7867=ORIENTED_EDGE('',*,*,#4949,.T.);
#7868=ORIENTED_EDGE('',*,*,#4946,.T.);
#7869=ORIENTED_EDGE('',*,*,#4943,.T.);
#7870=ORIENTED_EDGE('',*,*,#4940,.T.);
#7871=ORIENTED_EDGE('',*,*,#4962,.T.);
#7872=ORIENTED_EDGE('',*,*,#4958,.T.);
#7873=ORIENTED_EDGE('',*,*,#4923,.T.);
#7874=ORIENTED_EDGE('',*,*,#4935,.T.);
#7875=ORIENTED_EDGE('',*,*,#4920,.T.);
#7876=ORIENTED_EDGE('',*,*,#4917,.T.);
#7877=ORIENTED_EDGE('',*,*,#4914,.T.);
#7878=ORIENTED_EDGE('',*,*,#4911,.T.);
#7879=ORIENTED_EDGE('',*,*,#4933,.T.);
#7880=ORIENTED_EDGE('',*,*,#4929,.T.);
#7881=ORIENTED_EDGE('',*,*,#4885,.T.);
#7882=ORIENTED_EDGE('',*,*,#4907,.T.);
#7883=ORIENTED_EDGE('',*,*,#4904,.T.);
#7884=ORIENTED_EDGE('',*,*,#4901,.T.);
#7885=ORIENTED_EDGE('',*,*,#4898,.T.);
#7886=ORIENTED_EDGE('',*,*,#4895,.T.);
#7887=ORIENTED_EDGE('',*,*,#4892,.T.);
#7888=ORIENTED_EDGE('',*,*,#4889,.T.);
#7889=ORIENTED_EDGE('',*,*,#4861,.T.);
#7890=ORIENTED_EDGE('',*,*,#4883,.T.);
#7891=ORIENTED_EDGE('',*,*,#4880,.T.);
#7892=ORIENTED_EDGE('',*,*,#4877,.T.);
#7893=ORIENTED_EDGE('',*,*,#4874,.T.);
#7894=ORIENTED_EDGE('',*,*,#4871,.T.);
#7895=ORIENTED_EDGE('',*,*,#4868,.T.);
#7896=ORIENTED_EDGE('',*,*,#4865,.T.);
#7897=ORIENTED_EDGE('',*,*,#4846,.T.);
#7898=ORIENTED_EDGE('',*,*,#4858,.T.);
#7899=ORIENTED_EDGE('',*,*,#4843,.T.);
#7900=ORIENTED_EDGE('',*,*,#4840,.T.);
#7901=ORIENTED_EDGE('',*,*,#4837,.T.);
#7902=ORIENTED_EDGE('',*,*,#4834,.T.);
#7903=ORIENTED_EDGE('',*,*,#4856,.T.);
#7904=ORIENTED_EDGE('',*,*,#4852,.T.);
#7905=ORIENTED_EDGE('',*,*,#4822,.T.);
#7906=ORIENTED_EDGE('',*,*,#4819,.T.);
#7907=ORIENTED_EDGE('',*,*,#4816,.T.);
#7908=ORIENTED_EDGE('',*,*,#4813,.T.);
#7909=ORIENTED_EDGE('',*,*,#4810,.T.);
#7910=ORIENTED_EDGE('',*,*,#4831,.T.);
#7911=ORIENTED_EDGE('',*,*,#4828,.T.);
#7912=ORIENTED_EDGE('',*,*,#4825,.T.);
#7913=ORIENTED_EDGE('',*,*,#4798,.T.);
#7914=ORIENTED_EDGE('',*,*,#4795,.T.);
#7915=ORIENTED_EDGE('',*,*,#4792,.T.);
#7916=ORIENTED_EDGE('',*,*,#4789,.T.);
#7917=ORIENTED_EDGE('',*,*,#4786,.T.);
#7918=ORIENTED_EDGE('',*,*,#4807,.T.);
#7919=ORIENTED_EDGE('',*,*,#4804,.T.);
#7920=ORIENTED_EDGE('',*,*,#4801,.T.);
#7921=ORIENTED_EDGE('',*,*,#4774,.T.);
#7922=ORIENTED_EDGE('',*,*,#4771,.T.);
#7923=ORIENTED_EDGE('',*,*,#4768,.T.);
#7924=ORIENTED_EDGE('',*,*,#4765,.T.);
#7925=ORIENTED_EDGE('',*,*,#4762,.T.);
#7926=ORIENTED_EDGE('',*,*,#4783,.T.);
#7927=ORIENTED_EDGE('',*,*,#4780,.T.);
#7928=ORIENTED_EDGE('',*,*,#4777,.T.);
#7929=ORIENTED_EDGE('',*,*,#4750,.T.);
#7930=ORIENTED_EDGE('',*,*,#4747,.T.);
#7931=ORIENTED_EDGE('',*,*,#4744,.T.);
#7932=ORIENTED_EDGE('',*,*,#4741,.T.);
#7933=ORIENTED_EDGE('',*,*,#4738,.T.);
#7934=ORIENTED_EDGE('',*,*,#4759,.T.);
#7935=ORIENTED_EDGE('',*,*,#4756,.T.);
#7936=ORIENTED_EDGE('',*,*,#4753,.T.);
#7937=ORIENTED_EDGE('',*,*,#4726,.T.);
#7938=ORIENTED_EDGE('',*,*,#4723,.T.);
#7939=ORIENTED_EDGE('',*,*,#4720,.T.);
#7940=ORIENTED_EDGE('',*,*,#4717,.T.);
#7941=ORIENTED_EDGE('',*,*,#4714,.T.);
#7942=ORIENTED_EDGE('',*,*,#4735,.T.);
#7943=ORIENTED_EDGE('',*,*,#4732,.T.);
#7944=ORIENTED_EDGE('',*,*,#4729,.T.);
#7945=ORIENTED_EDGE('',*,*,#4702,.T.);
#7946=ORIENTED_EDGE('',*,*,#4699,.T.);
#7947=ORIENTED_EDGE('',*,*,#4696,.T.);
#7948=ORIENTED_EDGE('',*,*,#4693,.T.);
#7949=ORIENTED_EDGE('',*,*,#4690,.T.);
#7950=ORIENTED_EDGE('',*,*,#4711,.T.);
#7951=ORIENTED_EDGE('',*,*,#4708,.T.);
#7952=ORIENTED_EDGE('',*,*,#4705,.T.);
#7953=ORIENTED_EDGE('',*,*,#4678,.T.);
#7954=ORIENTED_EDGE('',*,*,#4675,.T.);
#7955=ORIENTED_EDGE('',*,*,#4672,.T.);
#7956=ORIENTED_EDGE('',*,*,#4669,.T.);
#7957=ORIENTED_EDGE('',*,*,#4666,.T.);
#7958=ORIENTED_EDGE('',*,*,#4687,.T.);
#7959=ORIENTED_EDGE('',*,*,#4684,.T.);
#7960=ORIENTED_EDGE('',*,*,#4681,.T.);
#7961=ORIENTED_EDGE('',*,*,#4654,.T.);
#7962=ORIENTED_EDGE('',*,*,#4651,.T.);
#7963=ORIENTED_EDGE('',*,*,#4648,.T.);
#7964=ORIENTED_EDGE('',*,*,#4645,.T.);
#7965=ORIENTED_EDGE('',*,*,#4642,.T.);
#7966=ORIENTED_EDGE('',*,*,#4663,.T.);
#7967=ORIENTED_EDGE('',*,*,#4660,.T.);
#7968=ORIENTED_EDGE('',*,*,#4657,.T.);
#7969=ORIENTED_EDGE('',*,*,#4630,.T.);
#7970=ORIENTED_EDGE('',*,*,#4627,.T.);
#7971=ORIENTED_EDGE('',*,*,#4624,.T.);
#7972=ORIENTED_EDGE('',*,*,#4621,.T.);
#7973=ORIENTED_EDGE('',*,*,#4618,.T.);
#7974=ORIENTED_EDGE('',*,*,#4639,.T.);
#7975=ORIENTED_EDGE('',*,*,#4636,.T.);
#7976=ORIENTED_EDGE('',*,*,#4633,.T.);
#7977=ORIENTED_EDGE('',*,*,#4606,.T.);
#7978=ORIENTED_EDGE('',*,*,#4603,.T.);
#7979=ORIENTED_EDGE('',*,*,#4600,.T.);
#7980=ORIENTED_EDGE('',*,*,#4597,.T.);
#7981=ORIENTED_EDGE('',*,*,#4594,.T.);
#7982=ORIENTED_EDGE('',*,*,#4615,.T.);
#7983=ORIENTED_EDGE('',*,*,#4612,.T.);
#7984=ORIENTED_EDGE('',*,*,#4609,.T.);
#7985=ORIENTED_EDGE('',*,*,#4582,.T.);
#7986=ORIENTED_EDGE('',*,*,#4579,.T.);
#7987=ORIENTED_EDGE('',*,*,#4576,.T.);
#7988=ORIENTED_EDGE('',*,*,#4573,.T.);
#7989=ORIENTED_EDGE('',*,*,#4570,.T.);
#7990=ORIENTED_EDGE('',*,*,#4591,.T.);
#7991=ORIENTED_EDGE('',*,*,#4588,.T.);
#7992=ORIENTED_EDGE('',*,*,#4585,.T.);
#7993=ORIENTED_EDGE('',*,*,#4558,.T.);
#7994=ORIENTED_EDGE('',*,*,#4555,.T.);
#7995=ORIENTED_EDGE('',*,*,#4552,.T.);
#7996=ORIENTED_EDGE('',*,*,#4549,.T.);
#7997=ORIENTED_EDGE('',*,*,#4546,.T.);
#7998=ORIENTED_EDGE('',*,*,#4567,.T.);
#7999=ORIENTED_EDGE('',*,*,#4564,.T.);
#8000=ORIENTED_EDGE('',*,*,#4561,.T.);
#8001=ORIENTED_EDGE('',*,*,#4534,.T.);
#8002=ORIENTED_EDGE('',*,*,#4531,.T.);
#8003=ORIENTED_EDGE('',*,*,#4528,.T.);
#8004=ORIENTED_EDGE('',*,*,#4525,.T.);
#8005=ORIENTED_EDGE('',*,*,#4522,.T.);
#8006=ORIENTED_EDGE('',*,*,#4543,.T.);
#8007=ORIENTED_EDGE('',*,*,#4540,.T.);
#8008=ORIENTED_EDGE('',*,*,#4537,.T.);
#8009=ORIENTED_EDGE('',*,*,#4510,.T.);
#8010=ORIENTED_EDGE('',*,*,#4507,.T.);
#8011=ORIENTED_EDGE('',*,*,#4504,.T.);
#8012=ORIENTED_EDGE('',*,*,#4501,.T.);
#8013=ORIENTED_EDGE('',*,*,#4498,.T.);
#8014=ORIENTED_EDGE('',*,*,#4519,.T.);
#8015=ORIENTED_EDGE('',*,*,#4516,.T.);
#8016=ORIENTED_EDGE('',*,*,#4513,.T.);
#8017=ORIENTED_EDGE('',*,*,#4486,.T.);
#8018=ORIENTED_EDGE('',*,*,#4483,.T.);
#8019=ORIENTED_EDGE('',*,*,#4480,.T.);
#8020=ORIENTED_EDGE('',*,*,#4477,.T.);
#8021=ORIENTED_EDGE('',*,*,#4474,.T.);
#8022=ORIENTED_EDGE('',*,*,#4495,.T.);
#8023=ORIENTED_EDGE('',*,*,#4492,.T.);
#8024=ORIENTED_EDGE('',*,*,#4489,.T.);
#8025=ORIENTED_EDGE('',*,*,#4462,.T.);
#8026=ORIENTED_EDGE('',*,*,#4459,.T.);
#8027=ORIENTED_EDGE('',*,*,#4456,.T.);
#8028=ORIENTED_EDGE('',*,*,#4453,.T.);
#8029=ORIENTED_EDGE('',*,*,#4450,.T.);
#8030=ORIENTED_EDGE('',*,*,#4471,.T.);
#8031=ORIENTED_EDGE('',*,*,#4468,.T.);
#8032=ORIENTED_EDGE('',*,*,#4465,.T.);
#8033=ORIENTED_EDGE('',*,*,#4438,.T.);
#8034=ORIENTED_EDGE('',*,*,#4435,.T.);
#8035=ORIENTED_EDGE('',*,*,#4432,.T.);
#8036=ORIENTED_EDGE('',*,*,#4429,.T.);
#8037=ORIENTED_EDGE('',*,*,#4426,.T.);
#8038=ORIENTED_EDGE('',*,*,#4447,.T.);
#8039=ORIENTED_EDGE('',*,*,#4444,.T.);
#8040=ORIENTED_EDGE('',*,*,#4441,.T.);
#8041=ORIENTED_EDGE('',*,*,#4414,.T.);
#8042=ORIENTED_EDGE('',*,*,#4411,.T.);
#8043=ORIENTED_EDGE('',*,*,#4408,.T.);
#8044=ORIENTED_EDGE('',*,*,#4405,.T.);
#8045=ORIENTED_EDGE('',*,*,#4402,.T.);
#8046=ORIENTED_EDGE('',*,*,#4423,.T.);
#8047=ORIENTED_EDGE('',*,*,#4420,.T.);
#8048=ORIENTED_EDGE('',*,*,#4417,.T.);
#8049=ORIENTED_EDGE('',*,*,#4385,.T.);
#8050=ORIENTED_EDGE('',*,*,#4397,.T.);
#8051=ORIENTED_EDGE('',*,*,#4382,.T.);
#8052=ORIENTED_EDGE('',*,*,#4379,.T.);
#8053=ORIENTED_EDGE('',*,*,#4376,.T.);
#8054=ORIENTED_EDGE('',*,*,#4373,.T.);
#8055=ORIENTED_EDGE('',*,*,#4395,.T.);
#8056=ORIENTED_EDGE('',*,*,#4391,.T.);
#8057=ORIENTED_EDGE('',*,*,#4347,.T.);
#8058=ORIENTED_EDGE('',*,*,#4369,.T.);
#8059=ORIENTED_EDGE('',*,*,#4366,.T.);
#8060=ORIENTED_EDGE('',*,*,#4363,.T.);
#8061=ORIENTED_EDGE('',*,*,#4360,.T.);
#8062=ORIENTED_EDGE('',*,*,#4357,.T.);
#8063=ORIENTED_EDGE('',*,*,#4354,.T.);
#8064=ORIENTED_EDGE('',*,*,#4351,.T.);
#8065=ORIENTED_EDGE('',*,*,#5573,.T.);
#8066=ORIENTED_EDGE('',*,*,#5468,.F.);
#8067=ORIENTED_EDGE('',*,*,#5480,.T.);
#8068=ORIENTED_EDGE('',*,*,#5549,.F.);
#8069=ORIENTED_EDGE('',*,*,#5574,.T.);
#8070=ORIENTED_EDGE('',*,*,#5487,.F.);
#8071=ORIENTED_EDGE('',*,*,#5477,.T.);
#8072=ORIENTED_EDGE('',*,*,#5469,.F.);
#8073=ORIENTED_EDGE('',*,*,#5573,.F.);
#8074=ORIENTED_EDGE('',*,*,#5548,.F.);
#8075=ORIENTED_EDGE('',*,*,#5575,.T.);
#8076=ORIENTED_EDGE('',*,*,#5488,.F.);
#8077=ORIENTED_EDGE('',*,*,#5574,.F.);
#8078=ORIENTED_EDGE('',*,*,#5547,.F.);
#8079=ORIENTED_EDGE('',*,*,#5557,.F.);
#8080=ORIENTED_EDGE('',*,*,#5576,.T.);
#8081=ORIENTED_EDGE('',*,*,#5577,.F.);
#8082=ORIENTED_EDGE('',*,*,#5560,.F.);
#8083=ORIENTED_EDGE('',*,*,#5578,.T.);
#8084=ORIENTED_EDGE('',*,*,#5579,.F.);
#8085=ORIENTED_EDGE('',*,*,#5576,.F.);
#8086=ORIENTED_EDGE('',*,*,#5553,.F.);
#8087=ORIENTED_EDGE('',*,*,#5577,.T.);
#8088=ORIENTED_EDGE('',*,*,#5579,.T.);
#8089=ORIENTED_EDGE('',*,*,#5580,.T.);
#8090=ORIENTED_EDGE('',*,*,#5563,.F.);
#8091=ORIENTED_EDGE('',*,*,#5580,.F.);
#8092=ORIENTED_EDGE('',*,*,#5578,.F.);
#8093=ORIENTED_EDGE('',*,*,#5483,.T.);
#8094=ORIENTED_EDGE('',*,*,#5491,.F.);
#8095=ORIENTED_EDGE('',*,*,#5581,.F.);
#8096=ORIENTED_EDGE('',*,*,#5544,.F.);
#8097=ORIENTED_EDGE('',*,*,#5581,.T.);
#8098=ORIENTED_EDGE('',*,*,#5490,.F.);
#8099=ORIENTED_EDGE('',*,*,#5582,.F.);
#8100=ORIENTED_EDGE('',*,*,#5545,.F.);
#8101=ORIENTED_EDGE('',*,*,#5582,.T.);
#8102=ORIENTED_EDGE('',*,*,#5489,.F.);
#8103=ORIENTED_EDGE('',*,*,#5575,.F.);
#8104=ORIENTED_EDGE('',*,*,#5546,.F.);
#8105=ORIENTED_EDGE('',*,*,#5583,.F.);
#8106=ORIENTED_EDGE('',*,*,#5459,.F.);
#8107=ORIENTED_EDGE('',*,*,#5584,.F.);
#8108=ORIENTED_EDGE('',*,*,#5566,.F.);
#8109=ORIENTED_EDGE('',*,*,#5584,.T.);
#8110=ORIENTED_EDGE('',*,*,#5458,.F.);
#8111=ORIENTED_EDGE('',*,*,#5585,.F.);
#8112=ORIENTED_EDGE('',*,*,#5567,.F.);
#8113=ORIENTED_EDGE('',*,*,#5585,.T.);
#8114=ORIENTED_EDGE('',*,*,#5457,.F.);
#8115=ORIENTED_EDGE('',*,*,#5472,.F.);
#8116=ORIENTED_EDGE('',*,*,#5486,.F.);
#8117=ORIENTED_EDGE('',*,*,#5586,.F.);
#8118=ORIENTED_EDGE('',*,*,#5568,.F.);
#8119=ORIENTED_EDGE('',*,*,#5586,.T.);
#8120=ORIENTED_EDGE('',*,*,#5485,.F.);
#8121=ORIENTED_EDGE('',*,*,#5481,.F.);
#8122=ORIENTED_EDGE('',*,*,#5550,.T.);
#8123=ORIENTED_EDGE('',*,*,#5464,.F.);
#8124=ORIENTED_EDGE('',*,*,#5587,.F.);
#8125=ORIENTED_EDGE('',*,*,#5569,.F.);
#8126=ORIENTED_EDGE('',*,*,#5587,.T.);
#8127=ORIENTED_EDGE('',*,*,#5463,.F.);
#8128=ORIENTED_EDGE('',*,*,#5588,.F.);
#8129=ORIENTED_EDGE('',*,*,#5570,.F.);
#8130=ORIENTED_EDGE('',*,*,#5588,.T.);
#8131=ORIENTED_EDGE('',*,*,#5462,.F.);
#8132=ORIENTED_EDGE('',*,*,#5589,.F.);
#8133=ORIENTED_EDGE('',*,*,#5571,.F.);
#8134=ORIENTED_EDGE('',*,*,#5589,.T.);
#8135=ORIENTED_EDGE('',*,*,#5461,.F.);
#8136=ORIENTED_EDGE('',*,*,#5590,.F.);
#8137=ORIENTED_EDGE('',*,*,#5572,.F.);
#8138=ORIENTED_EDGE('',*,*,#5590,.T.);
#8139=ORIENTED_EDGE('',*,*,#5460,.F.);
#8140=ORIENTED_EDGE('',*,*,#5583,.T.);
#8141=ORIENTED_EDGE('',*,*,#5565,.F.);
#8142=ORIENTED_EDGE('',*,*,#5591,.F.);
#8143=ORIENTED_EDGE('',*,*,#5592,.T.);
#8144=ORIENTED_EDGE('',*,*,#5593,.T.);
#8145=ORIENTED_EDGE('',*,*,#5594,.T.);
#8146=ORIENTED_EDGE('',*,*,#5595,.F.);
#8147=ORIENTED_EDGE('',*,*,#5596,.T.);
#8148=ORIENTED_EDGE('',*,*,#5597,.T.);
#8149=ORIENTED_EDGE('',*,*,#5598,.T.);
#8150=ORIENTED_EDGE('',*,*,#5595,.T.);
#8151=ORIENTED_EDGE('',*,*,#5599,.T.);
#8152=ORIENTED_EDGE('',*,*,#5600,.T.);
#8153=ORIENTED_EDGE('',*,*,#5597,.F.);
#8154=ORIENTED_EDGE('',*,*,#5601,.T.);
#8155=ORIENTED_EDGE('',*,*,#5602,.T.);
#8156=ORIENTED_EDGE('',*,*,#5599,.F.);
#8157=ORIENTED_EDGE('',*,*,#5603,.T.);
#8158=ORIENTED_EDGE('',*,*,#5593,.F.);
#8159=ORIENTED_EDGE('',*,*,#5596,.F.);
#8160=ORIENTED_EDGE('',*,*,#5604,.F.);
#8161=ORIENTED_EDGE('',*,*,#5605,.F.);
#8162=ORIENTED_EDGE('',*,*,#5606,.T.);
#8163=ORIENTED_EDGE('',*,*,#5607,.T.);
#8164=ORIENTED_EDGE('',*,*,#5594,.F.);
#8165=ORIENTED_EDGE('',*,*,#5608,.F.);
#8166=ORIENTED_EDGE('',*,*,#5609,.F.);
#8167=ORIENTED_EDGE('',*,*,#5610,.T.);
#8168=ORIENTED_EDGE('',*,*,#5611,.F.);
#8169=ORIENTED_EDGE('',*,*,#5612,.T.);
#8170=ORIENTED_EDGE('',*,*,#5613,.F.);
#8171=ORIENTED_EDGE('',*,*,#5604,.T.);
#8172=ORIENTED_EDGE('',*,*,#5592,.F.);
#8173=ORIENTED_EDGE('',*,*,#5598,.F.);
#8174=ORIENTED_EDGE('',*,*,#5600,.F.);
#8175=ORIENTED_EDGE('',*,*,#5602,.F.);
#8176=ORIENTED_EDGE('',*,*,#5614,.T.);
#8177=ORIENTED_EDGE('',*,*,#5615,.T.);
#8178=ORIENTED_EDGE('',*,*,#5616,.T.);
#8179=ORIENTED_EDGE('',*,*,#5617,.F.);
#8180=ORIENTED_EDGE('',*,*,#5618,.T.);
#8181=ORIENTED_EDGE('',*,*,#5619,.T.);
#8182=ORIENTED_EDGE('',*,*,#5620,.T.);
#8183=ORIENTED_EDGE('',*,*,#5617,.T.);
#8184=ORIENTED_EDGE('',*,*,#5621,.T.);
#8185=ORIENTED_EDGE('',*,*,#5622,.T.);
#8186=ORIENTED_EDGE('',*,*,#5619,.F.);
#8187=ORIENTED_EDGE('',*,*,#5623,.T.);
#8188=ORIENTED_EDGE('',*,*,#5624,.T.);
#8189=ORIENTED_EDGE('',*,*,#5621,.F.);
#8190=ORIENTED_EDGE('',*,*,#5625,.T.);
#8191=ORIENTED_EDGE('',*,*,#5615,.F.);
#8192=ORIENTED_EDGE('',*,*,#5618,.F.);
#8193=ORIENTED_EDGE('',*,*,#5626,.F.);
#8194=ORIENTED_EDGE('',*,*,#5627,.F.);
#8195=ORIENTED_EDGE('',*,*,#5628,.T.);
#8196=ORIENTED_EDGE('',*,*,#5629,.T.);
#8197=ORIENTED_EDGE('',*,*,#5616,.F.);
#8198=ORIENTED_EDGE('',*,*,#5630,.F.);
#8199=ORIENTED_EDGE('',*,*,#5631,.F.);
#8200=ORIENTED_EDGE('',*,*,#5632,.T.);
#8201=ORIENTED_EDGE('',*,*,#5633,.F.);
#8202=ORIENTED_EDGE('',*,*,#5634,.T.);
#8203=ORIENTED_EDGE('',*,*,#5635,.F.);
#8204=ORIENTED_EDGE('',*,*,#5626,.T.);
#8205=ORIENTED_EDGE('',*,*,#5614,.F.);
#8206=ORIENTED_EDGE('',*,*,#5620,.F.);
#8207=ORIENTED_EDGE('',*,*,#5622,.F.);
#8208=ORIENTED_EDGE('',*,*,#5624,.F.);
#8209=ORIENTED_EDGE('',*,*,#5601,.F.);
#8210=ORIENTED_EDGE('',*,*,#5607,.F.);
#8211=ORIENTED_EDGE('',*,*,#5636,.F.);
#8212=ORIENTED_EDGE('',*,*,#5637,.T.);
#8213=ORIENTED_EDGE('',*,*,#5603,.F.);
#8214=ORIENTED_EDGE('',*,*,#5637,.F.);
#8215=ORIENTED_EDGE('',*,*,#5638,.T.);
#8216=ORIENTED_EDGE('',*,*,#5639,.F.);
#8217=ORIENTED_EDGE('',*,*,#5608,.T.);
#8218=ORIENTED_EDGE('',*,*,#5640,.T.);
#8219=ORIENTED_EDGE('',*,*,#5638,.F.);
#8220=ORIENTED_EDGE('',*,*,#5636,.T.);
#8221=ORIENTED_EDGE('',*,*,#5606,.F.);
#8222=ORIENTED_EDGE('',*,*,#5605,.T.);
#8223=ORIENTED_EDGE('',*,*,#5613,.T.);
#8224=ORIENTED_EDGE('',*,*,#5641,.T.);
#8225=ORIENTED_EDGE('',*,*,#5639,.T.);
#8226=ORIENTED_EDGE('',*,*,#5642,.T.);
#8227=ORIENTED_EDGE('',*,*,#5609,.T.);
#8228=ORIENTED_EDGE('',*,*,#5623,.F.);
#8229=ORIENTED_EDGE('',*,*,#5629,.F.);
#8230=ORIENTED_EDGE('',*,*,#5643,.T.);
#8231=ORIENTED_EDGE('',*,*,#5644,.T.);
#8232=ORIENTED_EDGE('',*,*,#5625,.F.);
#8233=ORIENTED_EDGE('',*,*,#5644,.F.);
#8234=ORIENTED_EDGE('',*,*,#5645,.T.);
#8235=ORIENTED_EDGE('',*,*,#5646,.F.);
#8236=ORIENTED_EDGE('',*,*,#5630,.T.);
#8237=ORIENTED_EDGE('',*,*,#5647,.T.);
#8238=ORIENTED_EDGE('',*,*,#5645,.F.);
#8239=ORIENTED_EDGE('',*,*,#5643,.F.);
#8240=ORIENTED_EDGE('',*,*,#5628,.F.);
#8241=ORIENTED_EDGE('',*,*,#5627,.T.);
#8242=ORIENTED_EDGE('',*,*,#5635,.T.);
#8243=ORIENTED_EDGE('',*,*,#5648,.T.);
#8244=ORIENTED_EDGE('',*,*,#5646,.T.);
#8245=ORIENTED_EDGE('',*,*,#5649,.T.);
#8246=ORIENTED_EDGE('',*,*,#5631,.T.);
#8247=ORIENTED_EDGE('',*,*,#5610,.F.);
#8248=ORIENTED_EDGE('',*,*,#5642,.F.);
#8249=ORIENTED_EDGE('',*,*,#5640,.F.);
#8250=ORIENTED_EDGE('',*,*,#5641,.F.);
#8251=ORIENTED_EDGE('',*,*,#5612,.F.);
#8252=ORIENTED_EDGE('',*,*,#5650,.F.);
#8253=ORIENTED_EDGE('',*,*,#5632,.F.);
#8254=ORIENTED_EDGE('',*,*,#5649,.F.);
#8255=ORIENTED_EDGE('',*,*,#5647,.F.);
#8256=ORIENTED_EDGE('',*,*,#5648,.F.);
#8257=ORIENTED_EDGE('',*,*,#5634,.F.);
#8258=ORIENTED_EDGE('',*,*,#5651,.F.);
#8259=ORIENTED_EDGE('',*,*,#5652,.F.);
#8260=ORIENTED_EDGE('',*,*,#5653,.T.);
#8261=ORIENTED_EDGE('',*,*,#5591,.T.);
#8262=ORIENTED_EDGE('',*,*,#5653,.F.);
#8263=ORIENTED_EDGE('',*,*,#5652,.T.);
#8264=ORIENTED_EDGE('',*,*,#5650,.T.);
#8265=ORIENTED_EDGE('',*,*,#5611,.T.);
#8266=ORIENTED_EDGE('',*,*,#5651,.T.);
#8267=ORIENTED_EDGE('',*,*,#5633,.T.);
#8268=PLANE('',#8966);
#8269=PLANE('',#8970);
#8270=PLANE('',#8974);
#8271=PLANE('',#8978);
#8272=PLANE('',#8982);
#8273=PLANE('',#8986);
#8274=PLANE('',#8990);
#8275=PLANE('',#8991);
#8276=PLANE('',#8996);
#8277=PLANE('',#9001);
#8278=PLANE('',#9002);
#8279=PLANE('',#9006);
#8280=PLANE('',#9010);
#8281=PLANE('',#9014);
#8282=PLANE('',#9018);
#8283=PLANE('',#9022);
#8284=PLANE('',#9026);
#8285=PLANE('',#9030);
#8286=PLANE('',#9034);
#8287=PLANE('',#9038);
#8288=PLANE('',#9042);
#8289=PLANE('',#9046);
#8290=PLANE('',#9050);
#8291=PLANE('',#9054);
#8292=PLANE('',#9058);
#8293=PLANE('',#9062);
#8294=PLANE('',#9066);
#8295=PLANE('',#9070);
#8296=PLANE('',#9074);
#8297=PLANE('',#9078);
#8298=PLANE('',#9082);
#8299=PLANE('',#9086);
#8300=PLANE('',#9090);
#8301=PLANE('',#9094);
#8302=PLANE('',#9098);
#8303=PLANE('',#9102);
#8304=PLANE('',#9106);
#8305=PLANE('',#9110);
#8306=PLANE('',#9114);
#8307=PLANE('',#9118);
#8308=PLANE('',#9122);
#8309=PLANE('',#9126);
#8310=PLANE('',#9130);
#8311=PLANE('',#9134);
#8312=PLANE('',#9138);
#8313=PLANE('',#9142);
#8314=PLANE('',#9146);
#8315=PLANE('',#9150);
#8316=PLANE('',#9154);
#8317=PLANE('',#9158);
#8318=PLANE('',#9162);
#8319=PLANE('',#9166);
#8320=PLANE('',#9170);
#8321=PLANE('',#9174);
#8322=PLANE('',#9178);
#8323=PLANE('',#9182);
#8324=PLANE('',#9186);
#8325=PLANE('',#9190);
#8326=PLANE('',#9194);
#8327=PLANE('',#9198);
#8328=PLANE('',#9202);
#8329=PLANE('',#9206);
#8330=PLANE('',#9210);
#8331=PLANE('',#9214);
#8332=PLANE('',#9218);
#8333=PLANE('',#9222);
#8334=PLANE('',#9226);
#8335=PLANE('',#9230);
#8336=PLANE('',#9234);
#8337=PLANE('',#9238);
#8338=PLANE('',#9242);
#8339=PLANE('',#9246);
#8340=PLANE('',#9250);
#8341=PLANE('',#9254);
#8342=PLANE('',#9258);
#8343=PLANE('',#9262);
#8344=PLANE('',#9266);
#8345=PLANE('',#9270);
#8346=PLANE('',#9274);
#8347=PLANE('',#9278);
#8348=PLANE('',#9282);
#8349=PLANE('',#9286);
#8350=PLANE('',#9293);
#8351=PLANE('',#9297);
#8352=PLANE('',#9298);
#8353=PLANE('',#9303);
#8354=PLANE('',#9308);
#8355=PLANE('',#9309);
#8356=PLANE('',#9313);
#8357=PLANE('',#9317);
#8358=PLANE('',#9321);
#8359=PLANE('',#9325);
#8360=PLANE('',#9326);
#8361=PLANE('',#9330);
#8362=PLANE('',#9334);
#8363=PLANE('',#9338);
#8364=PLANE('',#9342);
#8365=PLANE('',#9346);
#8366=PLANE('',#9350);
#8367=PLANE('',#9351);
#8368=PLANE('',#9356);
#8369=PLANE('',#9361);
#8370=PLANE('',#9365);
#8371=PLANE('',#9369);
#8372=PLANE('',#9370);
#8373=PLANE('',#9375);
#8374=PLANE('',#9380);
#8375=PLANE('',#9381);
#8376=PLANE('',#9385);
#8377=PLANE('',#9389);
#8378=PLANE('',#9393);
#8379=PLANE('',#9397);
#8380=PLANE('',#9401);
#8381=PLANE('',#9405);
#8382=PLANE('',#9409);
#8383=PLANE('',#9413);
#8384=PLANE('',#9417);
#8385=PLANE('',#9421);
#8386=PLANE('',#9425);
#8387=PLANE('',#9429);
#8388=PLANE('',#9433);
#8389=PLANE('',#9437);
#8390=PLANE('',#9441);
#8391=PLANE('',#9445);
#8392=PLANE('',#9449);
#8393=PLANE('',#9453);
#8394=PLANE('',#9457);
#8395=PLANE('',#9461);
#8396=PLANE('',#9465);
#8397=PLANE('',#9469);
#8398=PLANE('',#9473);
#8399=PLANE('',#9477);
#8400=PLANE('',#9481);
#8401=PLANE('',#9485);
#8402=PLANE('',#9489);
#8403=PLANE('',#9493);
#8404=PLANE('',#9497);
#8405=PLANE('',#9501);
#8406=PLANE('',#9505);
#8407=PLANE('',#9509);
#8408=PLANE('',#9513);
#8409=PLANE('',#9517);
#8410=PLANE('',#9521);
#8411=PLANE('',#9525);
#8412=PLANE('',#9529);
#8413=PLANE('',#9533);
#8414=PLANE('',#9537);
#8415=PLANE('',#9541);
#8416=PLANE('',#9545);
#8417=PLANE('',#9549);
#8418=PLANE('',#9553);
#8419=PLANE('',#9557);
#8420=PLANE('',#9561);
#8421=PLANE('',#9565);
#8422=PLANE('',#9569);
#8423=PLANE('',#9573);
#8424=PLANE('',#9577);
#8425=PLANE('',#9581);
#8426=PLANE('',#9585);
#8427=PLANE('',#9589);
#8428=PLANE('',#9593);
#8429=PLANE('',#9597);
#8430=PLANE('',#9601);
#8431=PLANE('',#9605);
#8432=PLANE('',#9609);
#8433=PLANE('',#9613);
#8434=PLANE('',#9617);
#8435=PLANE('',#9621);
#8436=PLANE('',#9625);
#8437=PLANE('',#9629);
#8438=PLANE('',#9633);
#8439=PLANE('',#9637);
#8440=PLANE('',#9641);
#8441=PLANE('',#9645);
#8442=PLANE('',#9649);
#8443=PLANE('',#9656);
#8444=PLANE('',#9660);
#8445=PLANE('',#9661);
#8446=PLANE('',#9666);
#8447=PLANE('',#9671);
#8448=PLANE('',#9672);
#8449=PLANE('',#9676);
#8450=PLANE('',#9680);
#8451=PLANE('',#9684);
#8452=PLANE('',#9688);
#8453=PLANE('',#9689);
#8454=PLANE('',#9693);
#8455=PLANE('',#9697);
#8456=PLANE('',#9701);
#8457=PLANE('',#9705);
#8458=PLANE('',#9706);
#8459=PLANE('',#9720);
#8460=PLANE('',#9721);
#8461=PLANE('',#9725);
#8462=PLANE('',#9729);
#8463=PLANE('',#9733);
#8464=PLANE('',#9737);
#8465=PLANE('',#9741);
#8466=PLANE('',#9745);
#8467=PLANE('',#9749);
#8468=PLANE('',#9753);
#8469=PLANE('',#9757);
#8470=PLANE('',#9761);
#8471=PLANE('',#9762);
#8472=PLANE('',#9767);
#8473=PLANE('',#9774);
#8474=PLANE('',#9775);
#8475=PLANE('',#9778);
#8476=PLANE('',#9781);
#8477=PLANE('',#9787);
#8478=PLANE('',#9791);
#8479=PLANE('',#9792);
#8480=PLANE('',#9795);
#8481=PLANE('',#9797);
#8482=PLANE('',#9798);
#8483=PLANE('',#9800);
#8484=PLANE('',#9802);
#8485=PLANE('',#9804);
#8486=PLANE('',#9806);
#8487=PLANE('',#9825);
#8488=PLANE('',#9843);
#8489=PLANE('',#9844);
#8490=PLANE('',#9848);
#8491=PLANE('',#9849);
#8492=PLANE('',#9850);
#8493=PLANE('',#9851);
#8494=PLANE('',#9855);
#8495=PLANE('',#9856);
#8496=PLANE('',#9857);
#8497=PLANE('',#9858);
#8498=PLANE('',#9859);
#8499=PLANE('',#9862);
#8500=ADVANCED_FACE('',(#791),#8268,.F.);
#8501=ADVANCED_FACE('',(#792),#580,.F.);
#8502=ADVANCED_FACE('',(#793),#8269,.F.);
#8503=ADVANCED_FACE('',(#794),#581,.F.);
#8504=ADVANCED_FACE('',(#795),#8270,.F.);
#8505=ADVANCED_FACE('',(#796),#582,.F.);
#8506=ADVANCED_FACE('',(#797),#8271,.F.);
#8507=ADVANCED_FACE('',(#798),#583,.F.);
#8508=ADVANCED_FACE('',(#799),#8272,.T.);
#8509=ADVANCED_FACE('',(#800),#584,.F.);
#8510=ADVANCED_FACE('',(#801),#8273,.F.);
#8511=ADVANCED_FACE('',(#802),#585,.F.);
#8512=ADVANCED_FACE('',(#803),#8274,.F.);
#8513=ADVANCED_FACE('',(#804),#8275,.F.);
#8514=ADVANCED_FACE('',(#805),#586,.F.);
#8515=ADVANCED_FACE('',(#806),#8276,.F.);
#8516=ADVANCED_FACE('',(#807),#587,.F.);
#8517=ADVANCED_FACE('',(#808),#8277,.T.);
#8518=ADVANCED_FACE('',(#809),#8278,.F.);
#8519=ADVANCED_FACE('',(#810),#588,.F.);
#8520=ADVANCED_FACE('',(#811),#8279,.F.);
#8521=ADVANCED_FACE('',(#812),#589,.F.);
#8522=ADVANCED_FACE('',(#813),#8280,.F.);
#8523=ADVANCED_FACE('',(#814),#590,.F.);
#8524=ADVANCED_FACE('',(#815),#8281,.F.);
#8525=ADVANCED_FACE('',(#816),#591,.F.);
#8526=ADVANCED_FACE('',(#817),#8282,.F.);
#8527=ADVANCED_FACE('',(#818),#592,.F.);
#8528=ADVANCED_FACE('',(#819),#8283,.F.);
#8529=ADVANCED_FACE('',(#820),#593,.F.);
#8530=ADVANCED_FACE('',(#821),#8284,.F.);
#8531=ADVANCED_FACE('',(#822),#594,.F.);
#8532=ADVANCED_FACE('',(#823),#8285,.F.);
#8533=ADVANCED_FACE('',(#824),#595,.F.);
#8534=ADVANCED_FACE('',(#825),#8286,.F.);
#8535=ADVANCED_FACE('',(#826),#596,.F.);
#8536=ADVANCED_FACE('',(#827),#8287,.F.);
#8537=ADVANCED_FACE('',(#828),#597,.F.);
#8538=ADVANCED_FACE('',(#829),#8288,.F.);
#8539=ADVANCED_FACE('',(#830),#598,.F.);
#8540=ADVANCED_FACE('',(#831),#8289,.F.);
#8541=ADVANCED_FACE('',(#832),#599,.F.);
#8542=ADVANCED_FACE('',(#833),#8290,.F.);
#8543=ADVANCED_FACE('',(#834),#600,.F.);
#8544=ADVANCED_FACE('',(#835),#8291,.F.);
#8545=ADVANCED_FACE('',(#836),#601,.F.);
#8546=ADVANCED_FACE('',(#837),#8292,.F.);
#8547=ADVANCED_FACE('',(#838),#602,.F.);
#8548=ADVANCED_FACE('',(#839),#8293,.F.);
#8549=ADVANCED_FACE('',(#840),#603,.F.);
#8550=ADVANCED_FACE('',(#841),#8294,.F.);
#8551=ADVANCED_FACE('',(#842),#604,.F.);
#8552=ADVANCED_FACE('',(#843),#8295,.F.);
#8553=ADVANCED_FACE('',(#844),#605,.F.);
#8554=ADVANCED_FACE('',(#845),#8296,.F.);
#8555=ADVANCED_FACE('',(#846),#606,.F.);
#8556=ADVANCED_FACE('',(#847),#8297,.F.);
#8557=ADVANCED_FACE('',(#848),#607,.F.);
#8558=ADVANCED_FACE('',(#849),#8298,.F.);
#8559=ADVANCED_FACE('',(#850),#608,.F.);
#8560=ADVANCED_FACE('',(#851),#8299,.F.);
#8561=ADVANCED_FACE('',(#852),#609,.F.);
#8562=ADVANCED_FACE('',(#853),#8300,.F.);
#8563=ADVANCED_FACE('',(#854),#610,.F.);
#8564=ADVANCED_FACE('',(#855),#8301,.F.);
#8565=ADVANCED_FACE('',(#856),#611,.F.);
#8566=ADVANCED_FACE('',(#857),#8302,.F.);
#8567=ADVANCED_FACE('',(#858),#612,.F.);
#8568=ADVANCED_FACE('',(#859),#8303,.F.);
#8569=ADVANCED_FACE('',(#860),#613,.F.);
#8570=ADVANCED_FACE('',(#861),#8304,.F.);
#8571=ADVANCED_FACE('',(#862),#614,.F.);
#8572=ADVANCED_FACE('',(#863),#8305,.F.);
#8573=ADVANCED_FACE('',(#864),#615,.F.);
#8574=ADVANCED_FACE('',(#865),#8306,.F.);
#8575=ADVANCED_FACE('',(#866),#616,.F.);
#8576=ADVANCED_FACE('',(#867),#8307,.F.);
#8577=ADVANCED_FACE('',(#868),#617,.F.);
#8578=ADVANCED_FACE('',(#869),#8308,.F.);
#8579=ADVANCED_FACE('',(#870),#618,.F.);
#8580=ADVANCED_FACE('',(#871),#8309,.F.);
#8581=ADVANCED_FACE('',(#872),#619,.F.);
#8582=ADVANCED_FACE('',(#873),#8310,.F.);
#8583=ADVANCED_FACE('',(#874),#620,.F.);
#8584=ADVANCED_FACE('',(#875),#8311,.F.);
#8585=ADVANCED_FACE('',(#876),#621,.F.);
#8586=ADVANCED_FACE('',(#877),#8312,.F.);
#8587=ADVANCED_FACE('',(#878),#622,.F.);
#8588=ADVANCED_FACE('',(#879),#8313,.F.);
#8589=ADVANCED_FACE('',(#880),#623,.F.);
#8590=ADVANCED_FACE('',(#881),#8314,.F.);
#8591=ADVANCED_FACE('',(#882),#624,.F.);
#8592=ADVANCED_FACE('',(#883),#8315,.F.);
#8593=ADVANCED_FACE('',(#884),#625,.F.);
#8594=ADVANCED_FACE('',(#885),#8316,.F.);
#8595=ADVANCED_FACE('',(#886),#626,.F.);
#8596=ADVANCED_FACE('',(#887),#8317,.F.);
#8597=ADVANCED_FACE('',(#888),#627,.F.);
#8598=ADVANCED_FACE('',(#889),#8318,.F.);
#8599=ADVANCED_FACE('',(#890),#628,.F.);
#8600=ADVANCED_FACE('',(#891),#8319,.F.);
#8601=ADVANCED_FACE('',(#892),#629,.F.);
#8602=ADVANCED_FACE('',(#893),#8320,.F.);
#8603=ADVANCED_FACE('',(#894),#630,.F.);
#8604=ADVANCED_FACE('',(#895),#8321,.F.);
#8605=ADVANCED_FACE('',(#896),#631,.F.);
#8606=ADVANCED_FACE('',(#897),#8322,.F.);
#8607=ADVANCED_FACE('',(#898),#632,.F.);
#8608=ADVANCED_FACE('',(#899),#8323,.F.);
#8609=ADVANCED_FACE('',(#900),#633,.F.);
#8610=ADVANCED_FACE('',(#901),#8324,.F.);
#8611=ADVANCED_FACE('',(#902),#634,.F.);
#8612=ADVANCED_FACE('',(#903),#8325,.F.);
#8613=ADVANCED_FACE('',(#904),#635,.F.);
#8614=ADVANCED_FACE('',(#905),#8326,.F.);
#8615=ADVANCED_FACE('',(#906),#636,.F.);
#8616=ADVANCED_FACE('',(#907),#8327,.F.);
#8617=ADVANCED_FACE('',(#908),#637,.F.);
#8618=ADVANCED_FACE('',(#909),#8328,.F.);
#8619=ADVANCED_FACE('',(#910),#638,.F.);
#8620=ADVANCED_FACE('',(#911),#8329,.F.);
#8621=ADVANCED_FACE('',(#912),#639,.F.);
#8622=ADVANCED_FACE('',(#913),#8330,.F.);
#8623=ADVANCED_FACE('',(#914),#640,.F.);
#8624=ADVANCED_FACE('',(#915),#8331,.F.);
#8625=ADVANCED_FACE('',(#916),#641,.F.);
#8626=ADVANCED_FACE('',(#917),#8332,.F.);
#8627=ADVANCED_FACE('',(#918),#642,.F.);
#8628=ADVANCED_FACE('',(#919),#8333,.F.);
#8629=ADVANCED_FACE('',(#920),#643,.F.);
#8630=ADVANCED_FACE('',(#921),#8334,.F.);
#8631=ADVANCED_FACE('',(#922),#644,.F.);
#8632=ADVANCED_FACE('',(#923),#8335,.F.);
#8633=ADVANCED_FACE('',(#924),#645,.F.);
#8634=ADVANCED_FACE('',(#925),#8336,.F.);
#8635=ADVANCED_FACE('',(#926),#646,.F.);
#8636=ADVANCED_FACE('',(#927),#8337,.F.);
#8637=ADVANCED_FACE('',(#928),#647,.F.);
#8638=ADVANCED_FACE('',(#929),#8338,.F.);
#8639=ADVANCED_FACE('',(#930),#648,.F.);
#8640=ADVANCED_FACE('',(#931),#8339,.F.);
#8641=ADVANCED_FACE('',(#932),#649,.F.);
#8642=ADVANCED_FACE('',(#933),#8340,.F.);
#8643=ADVANCED_FACE('',(#934),#650,.F.);
#8644=ADVANCED_FACE('',(#935),#8341,.F.);
#8645=ADVANCED_FACE('',(#936),#651,.F.);
#8646=ADVANCED_FACE('',(#937),#8342,.F.);
#8647=ADVANCED_FACE('',(#938),#652,.F.);
#8648=ADVANCED_FACE('',(#939),#8343,.F.);
#8649=ADVANCED_FACE('',(#940),#653,.F.);
#8650=ADVANCED_FACE('',(#941),#8344,.F.);
#8651=ADVANCED_FACE('',(#942),#654,.F.);
#8652=ADVANCED_FACE('',(#943),#8345,.F.);
#8653=ADVANCED_FACE('',(#944),#655,.F.);
#8654=ADVANCED_FACE('',(#945),#8346,.F.);
#8655=ADVANCED_FACE('',(#946),#656,.F.);
#8656=ADVANCED_FACE('',(#947),#8347,.F.);
#8657=ADVANCED_FACE('',(#948),#657,.F.);
#8658=ADVANCED_FACE('',(#949),#8348,.F.);
#8659=ADVANCED_FACE('',(#950),#658,.F.);
#8660=ADVANCED_FACE('',(#951),#8349,.F.);
#8661=ADVANCED_FACE('',(#952),#659,.F.);
#8662=ADVANCED_FACE('',(#953),#660,.F.);
#8663=ADVANCED_FACE('',(#954),#8350,.F.);
#8664=ADVANCED_FACE('',(#955),#661,.F.);
#8665=ADVANCED_FACE('',(#956),#8351,.F.);
#8666=ADVANCED_FACE('',(#957),#8352,.F.);
#8667=ADVANCED_FACE('',(#958),#662,.F.);
#8668=ADVANCED_FACE('',(#959),#8353,.F.);
#8669=ADVANCED_FACE('',(#960),#663,.F.);
#8670=ADVANCED_FACE('',(#961),#8354,.T.);
#8671=ADVANCED_FACE('',(#962),#8355,.F.);
#8672=ADVANCED_FACE('',(#963),#664,.F.);
#8673=ADVANCED_FACE('',(#964),#8356,.F.);
#8674=ADVANCED_FACE('',(#965),#665,.F.);
#8675=ADVANCED_FACE('',(#966),#8357,.F.);
#8676=ADVANCED_FACE('',(#967),#666,.F.);
#8677=ADVANCED_FACE('',(#968),#8358,.F.);
#8678=ADVANCED_FACE('',(#969),#667,.F.);
#8679=ADVANCED_FACE('',(#970),#8359,.T.);
#8680=ADVANCED_FACE('',(#971),#8360,.F.);
#8681=ADVANCED_FACE('',(#972),#668,.F.);
#8682=ADVANCED_FACE('',(#973),#8361,.F.);
#8683=ADVANCED_FACE('',(#974),#669,.F.);
#8684=ADVANCED_FACE('',(#975),#8362,.F.);
#8685=ADVANCED_FACE('',(#976),#670,.F.);
#8686=ADVANCED_FACE('',(#977),#8363,.F.);
#8687=ADVANCED_FACE('',(#978),#671,.F.);
#8688=ADVANCED_FACE('',(#979),#8364,.T.);
#8689=ADVANCED_FACE('',(#980),#672,.F.);
#8690=ADVANCED_FACE('',(#981),#8365,.F.);
#8691=ADVANCED_FACE('',(#982),#673,.F.);
#8692=ADVANCED_FACE('',(#983),#8366,.F.);
#8693=ADVANCED_FACE('',(#984),#8367,.F.);
#8694=ADVANCED_FACE('',(#985),#674,.F.);
#8695=ADVANCED_FACE('',(#986),#8368,.F.);
#8696=ADVANCED_FACE('',(#987),#675,.F.);
#8697=ADVANCED_FACE('',(#988),#8369,.T.);
#8698=ADVANCED_FACE('',(#989),#676,.F.);
#8699=ADVANCED_FACE('',(#990),#8370,.F.);
#8700=ADVANCED_FACE('',(#991),#677,.F.);
#8701=ADVANCED_FACE('',(#992),#8371,.F.);
#8702=ADVANCED_FACE('',(#993),#8372,.F.);
#8703=ADVANCED_FACE('',(#994),#678,.F.);
#8704=ADVANCED_FACE('',(#995),#8373,.F.);
#8705=ADVANCED_FACE('',(#996),#679,.F.);
#8706=ADVANCED_FACE('',(#997),#8374,.T.);
#8707=ADVANCED_FACE('',(#998),#8375,.F.);
#8708=ADVANCED_FACE('',(#999),#680,.F.);
#8709=ADVANCED_FACE('',(#1000),#8376,.F.);
#8710=ADVANCED_FACE('',(#1001),#681,.F.);
#8711=ADVANCED_FACE('',(#1002),#8377,.F.);
#8712=ADVANCED_FACE('',(#1003),#682,.F.);
#8713=ADVANCED_FACE('',(#1004),#8378,.F.);
#8714=ADVANCED_FACE('',(#1005),#683,.F.);
#8715=ADVANCED_FACE('',(#1006),#8379,.F.);
#8716=ADVANCED_FACE('',(#1007),#684,.F.);
#8717=ADVANCED_FACE('',(#1008),#8380,.F.);
#8718=ADVANCED_FACE('',(#1009),#685,.F.);
#8719=ADVANCED_FACE('',(#1010),#8381,.F.);
#8720=ADVANCED_FACE('',(#1011),#686,.F.);
#8721=ADVANCED_FACE('',(#1012),#8382,.F.);
#8722=ADVANCED_FACE('',(#1013),#687,.F.);
#8723=ADVANCED_FACE('',(#1014),#8383,.F.);
#8724=ADVANCED_FACE('',(#1015),#688,.F.);
#8725=ADVANCED_FACE('',(#1016),#8384,.F.);
#8726=ADVANCED_FACE('',(#1017),#689,.F.);
#8727=ADVANCED_FACE('',(#1018),#8385,.F.);
#8728=ADVANCED_FACE('',(#1019),#690,.F.);
#8729=ADVANCED_FACE('',(#1020),#8386,.F.);
#8730=ADVANCED_FACE('',(#1021),#691,.F.);
#8731=ADVANCED_FACE('',(#1022),#8387,.F.);
#8732=ADVANCED_FACE('',(#1023),#692,.F.);
#8733=ADVANCED_FACE('',(#1024),#8388,.F.);
#8734=ADVANCED_FACE('',(#1025),#693,.F.);
#8735=ADVANCED_FACE('',(#1026),#8389,.F.);
#8736=ADVANCED_FACE('',(#1027),#694,.F.);
#8737=ADVANCED_FACE('',(#1028),#8390,.F.);
#8738=ADVANCED_FACE('',(#1029),#695,.F.);
#8739=ADVANCED_FACE('',(#1030),#8391,.F.);
#8740=ADVANCED_FACE('',(#1031),#696,.F.);
#8741=ADVANCED_FACE('',(#1032),#8392,.F.);
#8742=ADVANCED_FACE('',(#1033),#697,.F.);
#8743=ADVANCED_FACE('',(#1034),#8393,.F.);
#8744=ADVANCED_FACE('',(#1035),#698,.F.);
#8745=ADVANCED_FACE('',(#1036),#8394,.F.);
#8746=ADVANCED_FACE('',(#1037),#699,.F.);
#8747=ADVANCED_FACE('',(#1038),#8395,.F.);
#8748=ADVANCED_FACE('',(#1039),#700,.F.);
#8749=ADVANCED_FACE('',(#1040),#8396,.F.);
#8750=ADVANCED_FACE('',(#1041),#701,.F.);
#8751=ADVANCED_FACE('',(#1042),#8397,.F.);
#8752=ADVANCED_FACE('',(#1043),#702,.F.);
#8753=ADVANCED_FACE('',(#1044),#8398,.F.);
#8754=ADVANCED_FACE('',(#1045),#703,.F.);
#8755=ADVANCED_FACE('',(#1046),#8399,.F.);
#8756=ADVANCED_FACE('',(#1047),#704,.F.);
#8757=ADVANCED_FACE('',(#1048),#8400,.F.);
#8758=ADVANCED_FACE('',(#1049),#705,.F.);
#8759=ADVANCED_FACE('',(#1050),#8401,.F.);
#8760=ADVANCED_FACE('',(#1051),#706,.F.);
#8761=ADVANCED_FACE('',(#1052),#8402,.F.);
#8762=ADVANCED_FACE('',(#1053),#707,.F.);
#8763=ADVANCED_FACE('',(#1054),#8403,.F.);
#8764=ADVANCED_FACE('',(#1055),#708,.F.);
#8765=ADVANCED_FACE('',(#1056),#8404,.F.);
#8766=ADVANCED_FACE('',(#1057),#709,.F.);
#8767=ADVANCED_FACE('',(#1058),#8405,.F.);
#8768=ADVANCED_FACE('',(#1059),#710,.F.);
#8769=ADVANCED_FACE('',(#1060),#8406,.F.);
#8770=ADVANCED_FACE('',(#1061),#711,.F.);
#8771=ADVANCED_FACE('',(#1062),#8407,.F.);
#8772=ADVANCED_FACE('',(#1063),#712,.F.);
#8773=ADVANCED_FACE('',(#1064),#8408,.F.);
#8774=ADVANCED_FACE('',(#1065),#713,.F.);
#8775=ADVANCED_FACE('',(#1066),#8409,.F.);
#8776=ADVANCED_FACE('',(#1067),#714,.F.);
#8777=ADVANCED_FACE('',(#1068),#8410,.F.);
#8778=ADVANCED_FACE('',(#1069),#715,.F.);
#8779=ADVANCED_FACE('',(#1070),#8411,.F.);
#8780=ADVANCED_FACE('',(#1071),#716,.F.);
#8781=ADVANCED_FACE('',(#1072),#8412,.F.);
#8782=ADVANCED_FACE('',(#1073),#717,.F.);
#8783=ADVANCED_FACE('',(#1074),#8413,.F.);
#8784=ADVANCED_FACE('',(#1075),#718,.F.);
#8785=ADVANCED_FACE('',(#1076),#8414,.F.);
#8786=ADVANCED_FACE('',(#1077),#719,.F.);
#8787=ADVANCED_FACE('',(#1078),#8415,.F.);
#8788=ADVANCED_FACE('',(#1079),#720,.F.);
#8789=ADVANCED_FACE('',(#1080),#8416,.F.);
#8790=ADVANCED_FACE('',(#1081),#721,.F.);
#8791=ADVANCED_FACE('',(#1082),#8417,.F.);
#8792=ADVANCED_FACE('',(#1083),#722,.F.);
#8793=ADVANCED_FACE('',(#1084),#8418,.F.);
#8794=ADVANCED_FACE('',(#1085),#723,.F.);
#8795=ADVANCED_FACE('',(#1086),#8419,.F.);
#8796=ADVANCED_FACE('',(#1087),#724,.F.);
#8797=ADVANCED_FACE('',(#1088),#8420,.F.);
#8798=ADVANCED_FACE('',(#1089),#725,.F.);
#8799=ADVANCED_FACE('',(#1090),#8421,.F.);
#8800=ADVANCED_FACE('',(#1091),#726,.F.);
#8801=ADVANCED_FACE('',(#1092),#8422,.F.);
#8802=ADVANCED_FACE('',(#1093),#727,.F.);
#8803=ADVANCED_FACE('',(#1094),#8423,.F.);
#8804=ADVANCED_FACE('',(#1095),#728,.F.);
#8805=ADVANCED_FACE('',(#1096),#8424,.F.);
#8806=ADVANCED_FACE('',(#1097),#729,.F.);
#8807=ADVANCED_FACE('',(#1098),#8425,.F.);
#8808=ADVANCED_FACE('',(#1099),#730,.F.);
#8809=ADVANCED_FACE('',(#1100),#8426,.F.);
#8810=ADVANCED_FACE('',(#1101),#731,.F.);
#8811=ADVANCED_FACE('',(#1102),#8427,.F.);
#8812=ADVANCED_FACE('',(#1103),#732,.F.);
#8813=ADVANCED_FACE('',(#1104),#8428,.F.);
#8814=ADVANCED_FACE('',(#1105),#733,.F.);
#8815=ADVANCED_FACE('',(#1106),#8429,.F.);
#8816=ADVANCED_FACE('',(#1107),#734,.F.);
#8817=ADVANCED_FACE('',(#1108),#8430,.F.);
#8818=ADVANCED_FACE('',(#1109),#735,.F.);
#8819=ADVANCED_FACE('',(#1110),#8431,.F.);
#8820=ADVANCED_FACE('',(#1111),#736,.F.);
#8821=ADVANCED_FACE('',(#1112),#8432,.F.);
#8822=ADVANCED_FACE('',(#1113),#737,.F.);
#8823=ADVANCED_FACE('',(#1114),#8433,.F.);
#8824=ADVANCED_FACE('',(#1115),#738,.F.);
#8825=ADVANCED_FACE('',(#1116),#8434,.F.);
#8826=ADVANCED_FACE('',(#1117),#739,.F.);
#8827=ADVANCED_FACE('',(#1118),#8435,.F.);
#8828=ADVANCED_FACE('',(#1119),#740,.F.);
#8829=ADVANCED_FACE('',(#1120),#8436,.F.);
#8830=ADVANCED_FACE('',(#1121),#741,.F.);
#8831=ADVANCED_FACE('',(#1122),#8437,.F.);
#8832=ADVANCED_FACE('',(#1123),#742,.F.);
#8833=ADVANCED_FACE('',(#1124),#8438,.F.);
#8834=ADVANCED_FACE('',(#1125),#743,.F.);
#8835=ADVANCED_FACE('',(#1126),#8439,.F.);
#8836=ADVANCED_FACE('',(#1127),#744,.F.);
#8837=ADVANCED_FACE('',(#1128),#8440,.F.);
#8838=ADVANCED_FACE('',(#1129),#745,.F.);
#8839=ADVANCED_FACE('',(#1130),#8441,.F.);
#8840=ADVANCED_FACE('',(#1131),#746,.F.);
#8841=ADVANCED_FACE('',(#1132),#8442,.F.);
#8842=ADVANCED_FACE('',(#1133),#747,.F.);
#8843=ADVANCED_FACE('',(#1134),#748,.F.);
#8844=ADVANCED_FACE('',(#1135),#8443,.F.);
#8845=ADVANCED_FACE('',(#1136),#749,.F.);
#8846=ADVANCED_FACE('',(#1137),#8444,.F.);
#8847=ADVANCED_FACE('',(#1138),#8445,.F.);
#8848=ADVANCED_FACE('',(#1139),#750,.F.);
#8849=ADVANCED_FACE('',(#1140),#8446,.F.);
#8850=ADVANCED_FACE('',(#1141),#751,.F.);
#8851=ADVANCED_FACE('',(#1142),#8447,.T.);
#8852=ADVANCED_FACE('',(#1143),#8448,.F.);
#8853=ADVANCED_FACE('',(#1144),#752,.F.);
#8854=ADVANCED_FACE('',(#1145),#8449,.F.);
#8855=ADVANCED_FACE('',(#1146),#753,.F.);
#8856=ADVANCED_FACE('',(#1147),#8450,.F.);
#8857=ADVANCED_FACE('',(#1148),#754,.F.);
#8858=ADVANCED_FACE('',(#1149),#8451,.F.);
#8859=ADVANCED_FACE('',(#1150),#755,.F.);
#8860=ADVANCED_FACE('',(#1151),#8452,.T.);
#8861=ADVANCED_FACE('',(#1152),#8453,.F.);
#8862=ADVANCED_FACE('',(#1153),#756,.F.);
#8863=ADVANCED_FACE('',(#1154),#8454,.F.);
#8864=ADVANCED_FACE('',(#1155),#757,.F.);
#8865=ADVANCED_FACE('',(#1156),#8455,.F.);
#8866=ADVANCED_FACE('',(#1157),#758,.F.);
#8867=ADVANCED_FACE('',(#1158),#8456,.F.);
#8868=ADVANCED_FACE('',(#1159),#759,.F.);
#8869=ADVANCED_FACE('',(#1160),#8457,.T.);
#8870=ADVANCED_FACE('',(#1161,#40,#41,#42,#43,#44,#45,#46,#47,#48,#49,#50,
#51,#52,#53,#54,#55,#56,#57,#58,#59,#60,#61,#62,#63,#64,#65,#66,#67,#68,
#69,#70,#71,#72,#73,#74),#8458,.T.);
#8871=ADVANCED_FACE('',(#1162),#760,.T.);
#8872=ADVANCED_FACE('',(#1163),#761,.T.);
#8873=ADVANCED_FACE('',(#1164),#8459,.T.);
#8874=ADVANCED_FACE('',(#1165),#8460,.T.);
#8875=ADVANCED_FACE('',(#1166),#762,.T.);
#8876=ADVANCED_FACE('',(#1167),#8461,.F.);
#8877=ADVANCED_FACE('',(#1168),#8462,.F.);
#8878=ADVANCED_FACE('',(#1169),#763,.F.);
#8879=ADVANCED_FACE('',(#1170),#8463,.F.);
#8880=ADVANCED_FACE('',(#1171),#764,.F.);
#8881=ADVANCED_FACE('',(#1172),#8464,.F.);
#8882=ADVANCED_FACE('',(#1173),#765,.F.);
#8883=ADVANCED_FACE('',(#1174),#8465,.F.);
#8884=ADVANCED_FACE('',(#1175),#766,.F.);
#8885=ADVANCED_FACE('',(#1176,#75),#8466,.T.);
#8886=ADVANCED_FACE('',(#1177),#767,.T.);
#8887=ADVANCED_FACE('',(#1178),#8467,.T.);
#8888=ADVANCED_FACE('',(#1179),#768,.T.);
#8889=ADVANCED_FACE('',(#1180,#76),#8468,.T.);
#8890=ADVANCED_FACE('',(#1181),#769,.T.);
#8891=ADVANCED_FACE('',(#1182),#8469,.T.);
#8892=ADVANCED_FACE('',(#1183),#770,.T.);
#8893=ADVANCED_FACE('',(#1184),#8470,.T.);
#8894=ADVANCED_FACE('',(#1185,#77),#8471,.F.);
#8895=ADVANCED_FACE('',(#1186),#771,.F.);
#8896=ADVANCED_FACE('',(#1187,#78,#79),#8472,.T.);
#8897=ADVANCED_FACE('',(#1188),#772,.F.);
#8898=ADVANCED_FACE('',(#1189),#8473,.T.);
#8899=ADVANCED_FACE('',(#1190),#8474,.T.);
#8900=ADVANCED_FACE('',(#1191),#29,.T.);
#8901=ADVANCED_FACE('',(#1192),#8475,.T.);
#8902=ADVANCED_FACE('',(#1193),#30,.T.);
#8903=ADVANCED_FACE('',(#1194,#80,#81,#82,#83,#84,#85,#86,#87,#88,#89,#90,
#91,#92,#93,#94,#95,#96,#97,#98,#99,#100,#101,#102,#103,#104,#105,#106,
#107,#108,#109,#110,#111,#112,#113,#114,#115,#116,#117,#118,#119,#120,#121,
#122,#123,#124,#125),#8476,.F.);
#8904=ADVANCED_FACE('',(#1195),#773,.T.);
#8905=ADVANCED_FACE('',(#1196),#8477,.T.);
#8906=ADVANCED_FACE('',(#1197),#774,.T.);
#8907=ADVANCED_FACE('',(#1198),#775,.T.);
#8908=ADVANCED_FACE('',(#1199),#8478,.T.);
#8909=ADVANCED_FACE('',(#1200),#8479,.F.);
#8910=ADVANCED_FACE('',(#1201),#776,.T.);
#8911=ADVANCED_FACE('',(#1202),#8480,.T.);
#8912=ADVANCED_FACE('',(#1203),#777,.T.);
#8913=ADVANCED_FACE('',(#1204),#8481,.T.);
#8914=ADVANCED_FACE('',(#1205),#8482,.T.);
#8915=ADVANCED_FACE('',(#1206),#778,.T.);
#8916=ADVANCED_FACE('',(#1207),#8483,.T.);
#8917=ADVANCED_FACE('',(#1208),#779,.T.);
#8918=ADVANCED_FACE('',(#1209),#8484,.T.);
#8919=ADVANCED_FACE('',(#1210),#780,.T.);
#8920=ADVANCED_FACE('',(#1211),#8485,.T.);
#8921=ADVANCED_FACE('',(#1212),#781,.T.);
#8922=ADVANCED_FACE('',(#1213),#8486,.F.);
#8923=ADVANCED_FACE('',(#1214),#13,.T.);
#8924=ADVANCED_FACE('',(#1215),#31,.F.);
#8925=ADVANCED_FACE('',(#1216),#782,.T.);
#8926=ADVANCED_FACE('',(#1217),#32,.F.);
#8927=ADVANCED_FACE('',(#1218),#783,.T.);
#8928=ADVANCED_FACE('',(#1219),#784,.T.);
#8929=ADVANCED_FACE('',(#1220),#8487,.T.);
#8930=ADVANCED_FACE('',(#1221),#14,.T.);
#8931=ADVANCED_FACE('',(#1222),#33,.F.);
#8932=ADVANCED_FACE('',(#1223),#785,.T.);
#8933=ADVANCED_FACE('',(#1224),#34,.F.);
#8934=ADVANCED_FACE('',(#1225),#786,.T.);
#8935=ADVANCED_FACE('',(#1226),#787,.T.);
#8936=ADVANCED_FACE('',(#1227),#8488,.T.);
#8937=ADVANCED_FACE('',(#1228),#8489,.T.);
#8938=ADVANCED_FACE('',(#1229),#788,.T.);
#8939=ADVANCED_FACE('',(#1230),#8490,.F.);
#8940=ADVANCED_FACE('',(#1231),#8491,.T.);
#8941=ADVANCED_FACE('',(#1232),#8492,.T.);
#8942=ADVANCED_FACE('',(#1233),#8493,.T.);
#8943=ADVANCED_FACE('',(#1234),#789,.T.);
#8944=ADVANCED_FACE('',(#1235),#8494,.F.);
#8945=ADVANCED_FACE('',(#1236),#8495,.T.);
#8946=ADVANCED_FACE('',(#1237),#8496,.T.);
#8947=ADVANCED_FACE('',(#1238),#8497,.T.);
#8948=ADVANCED_FACE('',(#1239),#8498,.T.);
#8949=ADVANCED_FACE('',(#1240),#790,.T.);
#8950=ADVANCED_FACE('',(#1241,#126,#127),#8499,.T.);
#8951=CLOSED_SHELL('',(#8500,#8501,#8502,#8503,#8504,#8505,#8506,#8507,
#8508,#8509,#8510,#8511,#8512,#8513,#8514,#8515,#8516,#8517,#8518,#8519,
#8520,#8521,#8522,#8523,#8524,#8525,#8526,#8527,#8528,#8529,#8530,#8531,
#8532,#8533,#8534,#8535,#8536,#8537,#8538,#8539,#8540,#8541,#8542,#8543,
#8544,#8545,#8546,#8547,#8548,#8549,#8550,#8551,#8552,#8553,#8554,#8555,
#8556,#8557,#8558,#8559,#8560,#8561,#8562,#8563,#8564,#8565,#8566,#8567,
#8568,#8569,#8570,#8571,#8572,#8573,#8574,#8575,#8576,#8577,#8578,#8579,
#8580,#8581,#8582,#8583,#8584,#8585,#8586,#8587,#8588,#8589,#8590,#8591,
#8592,#8593,#8594,#8595,#8596,#8597,#8598,#8599,#8600,#8601,#8602,#8603,
#8604,#8605,#8606,#8607,#8608,#8609,#8610,#8611,#8612,#8613,#8614,#8615,
#8616,#8617,#8618,#8619,#8620,#8621,#8622,#8623,#8624,#8625,#8626,#8627,
#8628,#8629,#8630,#8631,#8632,#8633,#8634,#8635,#8636,#8637,#8638,#8639,
#8640,#8641,#8642,#8643,#8644,#8645,#8646,#8647,#8648,#8649,#8650,#8651,
#8652,#8653,#8654,#8655,#8656,#8657,#8658,#8659,#8660,#8661,#8662,#8663,
#8664,#8665,#8666,#8667,#8668,#8669,#8670,#8671,#8672,#8673,#8674,#8675,
#8676,#8677,#8678,#8679,#8680,#8681,#8682,#8683,#8684,#8685,#8686,#8687,
#8688,#8689,#8690,#8691,#8692,#8693,#8694,#8695,#8696,#8697,#8698,#8699,
#8700,#8701,#8702,#8703,#8704,#8705,#8706,#8707,#8708,#8709,#8710,#8711,
#8712,#8713,#8714,#8715,#8716,#8717,#8718,#8719,#8720,#8721,#8722,#8723,
#8724,#8725,#8726,#8727,#8728,#8729,#8730,#8731,#8732,#8733,#8734,#8735,
#8736,#8737,#8738,#8739,#8740,#8741,#8742,#8743,#8744,#8745,#8746,#8747,
#8748,#8749,#8750,#8751,#8752,#8753,#8754,#8755,#8756,#8757,#8758,#8759,
#8760,#8761,#8762,#8763,#8764,#8765,#8766,#8767,#8768,#8769,#8770,#8771,
#8772,#8773,#8774,#8775,#8776,#8777,#8778,#8779,#8780,#8781,#8782,#8783,
#8784,#8785,#8786,#8787,#8788,#8789,#8790,#8791,#8792,#8793,#8794,#8795,
#8796,#8797,#8798,#8799,#8800,#8801,#8802,#8803,#8804,#8805,#8806,#8807,
#8808,#8809,#8810,#8811,#8812,#8813,#8814,#8815,#8816,#8817,#8818,#8819,
#8820,#8821,#8822,#8823,#8824,#8825,#8826,#8827,#8828,#8829,#8830,#8831,
#8832,#8833,#8834,#8835,#8836,#8837,#8838,#8839,#8840,#8841,#8842,#8843,
#8844,#8845,#8846,#8847,#8848,#8849,#8850,#8851,#8852,#8853,#8854,#8855,
#8856,#8857,#8858,#8859,#8860,#8861,#8862,#8863,#8864,#8865,#8866,#8867,
#8868,#8869,#8870,#8871,#8872,#8873,#8874,#8875,#8876,#8877,#8878,#8879,
#8880,#8881,#8882,#8883,#8884,#8885,#8886,#8887,#8888,#8889,#8890,#8891,
#8892,#8893,#8894,#8895,#8896,#8897,#8898,#8899,#8900,#8901,#8902,#8903,
#8904,#8905,#8906,#8907,#8908,#8909,#8910,#8911,#8912,#8913,#8914,#8915,
#8916,#8917,#8918,#8919,#8920,#8921));
#8952=CLOSED_SHELL('',(#8922,#8923,#8924,#8925,#8926,#8927,#8928,#8929,
#8930,#8931,#8932,#8933,#8934,#8935,#8936,#8937,#8938,#8939,#8940,#8941,
#8942,#8943,#8944,#8945,#8946,#8947,#8948,#8949,#8950));
#8953=DERIVED_UNIT_ELEMENT(#8955,1.);
#8954=DERIVED_UNIT_ELEMENT(#15248,-3.);
#8955=(
MASS_UNIT()
NAMED_UNIT(*)
SI_UNIT(.KILO.,.GRAM.)
);
#8956=DERIVED_UNIT((#8953,#8954));
#8957=MEASURE_REPRESENTATION_ITEM('density measure',
POSITIVE_RATIO_MEASURE(7850.),#8956);
#8958=PROPERTY_DEFINITION_REPRESENTATION(#8963,#8960);
#8959=PROPERTY_DEFINITION_REPRESENTATION(#8964,#8961);
#8960=REPRESENTATION('material name',(#8962),#15245);
#8961=REPRESENTATION('density',(#8957),#15245);
#8962=DESCRIPTIVE_REPRESENTATION_ITEM('Steel','Steel');
#8963=PROPERTY_DEFINITION('material property','material name',#15255);
#8964=PROPERTY_DEFINITION('material property','density of part',#15255);
#8965=AXIS2_PLACEMENT_3D('',#12509,#9863,#9864);
#8966=AXIS2_PLACEMENT_3D('',#12510,#9865,#9866);
#8967=AXIS2_PLACEMENT_3D('',#12519,#9871,#9872);
#8968=AXIS2_PLACEMENT_3D('',#12521,#9873,#9874);
#8969=AXIS2_PLACEMENT_3D('',#12524,#9876,#9877);
#8970=AXIS2_PLACEMENT_3D('',#12525,#9878,#9879);
#8971=AXIS2_PLACEMENT_3D('',#12531,#9883,#9884);
#8972=AXIS2_PLACEMENT_3D('',#12533,#9885,#9886);
#8973=AXIS2_PLACEMENT_3D('',#12536,#9888,#9889);
#8974=AXIS2_PLACEMENT_3D('',#12537,#9890,#9891);
#8975=AXIS2_PLACEMENT_3D('',#12543,#9895,#9896);
#8976=AXIS2_PLACEMENT_3D('',#12545,#9897,#9898);
#8977=AXIS2_PLACEMENT_3D('',#12548,#9900,#9901);
#8978=AXIS2_PLACEMENT_3D('',#12549,#9902,#9903);
#8979=AXIS2_PLACEMENT_3D('',#12555,#9907,#9908);
#8980=AXIS2_PLACEMENT_3D('',#12556,#9909,#9910);
#8981=AXIS2_PLACEMENT_3D('',#12557,#9911,#9912);
#8982=AXIS2_PLACEMENT_3D('',#12558,#9913,#9914);
#8983=AXIS2_PLACEMENT_3D('',#12559,#9915,#9916);
#8984=AXIS2_PLACEMENT_3D('',#12562,#9917,#9918);
#8985=AXIS2_PLACEMENT_3D('',#12566,#9920,#9921);
#8986=AXIS2_PLACEMENT_3D('',#12568,#9923,#9924);
#8987=AXIS2_PLACEMENT_3D('',#12574,#9928,#9929);
#8988=AXIS2_PLACEMENT_3D('',#12576,#9930,#9931);
#8989=AXIS2_PLACEMENT_3D('',#12578,#9932,#9933);
#8990=AXIS2_PLACEMENT_3D('',#12580,#9935,#9936);
#8991=AXIS2_PLACEMENT_3D('',#12588,#9941,#9942);
#8992=AXIS2_PLACEMENT_3D('',#12597,#9947,#9948);
#8993=AXIS2_PLACEMENT_3D('',#12600,#9949,#9950);
#8994=AXIS2_PLACEMENT_3D('',#12601,#9951,#9952);
#8995=AXIS2_PLACEMENT_3D('',#12603,#9953,#9954);
#8996=AXIS2_PLACEMENT_3D('',#12605,#9956,#9957);
#8997=AXIS2_PLACEMENT_3D('',#12610,#9961,#9962);
#8998=AXIS2_PLACEMENT_3D('',#12612,#9963,#9964);
#8999=AXIS2_PLACEMENT_3D('',#12613,#9965,#9966);
#9000=AXIS2_PLACEMENT_3D('',#12614,#9967,#9968);
#9001=AXIS2_PLACEMENT_3D('',#12615,#9969,#9970);
#9002=AXIS2_PLACEMENT_3D('',#12617,#9972,#9973);
#9003=AXIS2_PLACEMENT_3D('',#12626,#9978,#9979);
#9004=AXIS2_PLACEMENT_3D('',#12628,#9980,#9981);
#9005=AXIS2_PLACEMENT_3D('',#12630,#9982,#9983);
#9006=AXIS2_PLACEMENT_3D('',#12632,#9985,#9986);
#9007=AXIS2_PLACEMENT_3D('',#12638,#9990,#9991);
#9008=AXIS2_PLACEMENT_3D('',#12640,#9992,#9993);
#9009=AXIS2_PLACEMENT_3D('',#12642,#9994,#9995);
#9010=AXIS2_PLACEMENT_3D('',#12644,#9997,#9998);
#9011=AXIS2_PLACEMENT_3D('',#12650,#10002,#10003);
#9012=AXIS2_PLACEMENT_3D('',#12652,#10004,#10005);
#9013=AXIS2_PLACEMENT_3D('',#12654,#10006,#10007);
#9014=AXIS2_PLACEMENT_3D('',#12656,#10009,#10010);
#9015=AXIS2_PLACEMENT_3D('',#12662,#10014,#10015);
#9016=AXIS2_PLACEMENT_3D('',#12663,#10016,#10017);
#9017=AXIS2_PLACEMENT_3D('',#12664,#10018,#10019);
#9018=AXIS2_PLACEMENT_3D('',#12665,#10020,#10021);
#9019=AXIS2_PLACEMENT_3D('',#12674,#10026,#10027);
#9020=AXIS2_PLACEMENT_3D('',#12676,#10028,#10029);
#9021=AXIS2_PLACEMENT_3D('',#12678,#10030,#10031);
#9022=AXIS2_PLACEMENT_3D('',#12680,#10033,#10034);
#9023=AXIS2_PLACEMENT_3D('',#12686,#10038,#10039);
#9024=AXIS2_PLACEMENT_3D('',#12688,#10040,#10041);
#9025=AXIS2_PLACEMENT_3D('',#12690,#10042,#10043);
#9026=AXIS2_PLACEMENT_3D('',#12692,#10045,#10046);
#9027=AXIS2_PLACEMENT_3D('',#12698,#10050,#10051);
#9028=AXIS2_PLACEMENT_3D('',#12700,#10052,#10053);
#9029=AXIS2_PLACEMENT_3D('',#12702,#10054,#10055);
#9030=AXIS2_PLACEMENT_3D('',#12704,#10057,#10058);
#9031=AXIS2_PLACEMENT_3D('',#12710,#10062,#10063);
#9032=AXIS2_PLACEMENT_3D('',#12711,#10064,#10065);
#9033=AXIS2_PLACEMENT_3D('',#12712,#10066,#10067);
#9034=AXIS2_PLACEMENT_3D('',#12713,#10068,#10069);
#9035=AXIS2_PLACEMENT_3D('',#12722,#10074,#10075);
#9036=AXIS2_PLACEMENT_3D('',#12724,#10076,#10077);
#9037=AXIS2_PLACEMENT_3D('',#12726,#10078,#10079);
#9038=AXIS2_PLACEMENT_3D('',#12728,#10081,#10082);
#9039=AXIS2_PLACEMENT_3D('',#12734,#10086,#10087);
#9040=AXIS2_PLACEMENT_3D('',#12736,#10088,#10089);
#9041=AXIS2_PLACEMENT_3D('',#12738,#10090,#10091);
#9042=AXIS2_PLACEMENT_3D('',#12740,#10093,#10094);
#9043=AXIS2_PLACEMENT_3D('',#12746,#10098,#10099);
#9044=AXIS2_PLACEMENT_3D('',#12748,#10100,#10101);
#9045=AXIS2_PLACEMENT_3D('',#12750,#10102,#10103);
#9046=AXIS2_PLACEMENT_3D('',#12752,#10105,#10106);
#9047=AXIS2_PLACEMENT_3D('',#12758,#10110,#10111);
#9048=AXIS2_PLACEMENT_3D('',#12759,#10112,#10113);
#9049=AXIS2_PLACEMENT_3D('',#12760,#10114,#10115);
#9050=AXIS2_PLACEMENT_3D('',#12761,#10116,#10117);
#9051=AXIS2_PLACEMENT_3D('',#12770,#10122,#10123);
#9052=AXIS2_PLACEMENT_3D('',#12772,#10124,#10125);
#9053=AXIS2_PLACEMENT_3D('',#12774,#10126,#10127);
#9054=AXIS2_PLACEMENT_3D('',#12776,#10129,#10130);
#9055=AXIS2_PLACEMENT_3D('',#12782,#10134,#10135);
#9056=AXIS2_PLACEMENT_3D('',#12784,#10136,#10137);
#9057=AXIS2_PLACEMENT_3D('',#12786,#10138,#10139);
#9058=AXIS2_PLACEMENT_3D('',#12788,#10141,#10142);
#9059=AXIS2_PLACEMENT_3D('',#12794,#10146,#10147);
#9060=AXIS2_PLACEMENT_3D('',#12796,#10148,#10149);
#9061=AXIS2_PLACEMENT_3D('',#12798,#10150,#10151);
#9062=AXIS2_PLACEMENT_3D('',#12800,#10153,#10154);
#9063=AXIS2_PLACEMENT_3D('',#12806,#10158,#10159);
#9064=AXIS2_PLACEMENT_3D('',#12807,#10160,#10161);
#9065=AXIS2_PLACEMENT_3D('',#12808,#10162,#10163);
#9066=AXIS2_PLACEMENT_3D('',#12809,#10164,#10165);
#9067=AXIS2_PLACEMENT_3D('',#12818,#10170,#10171);
#9068=AXIS2_PLACEMENT_3D('',#12820,#10172,#10173);
#9069=AXIS2_PLACEMENT_3D('',#12822,#10174,#10175);
#9070=AXIS2_PLACEMENT_3D('',#12824,#10177,#10178);
#9071=AXIS2_PLACEMENT_3D('',#12830,#10182,#10183);
#9072=AXIS2_PLACEMENT_3D('',#12832,#10184,#10185);
#9073=AXIS2_PLACEMENT_3D('',#12834,#10186,#10187);
#9074=AXIS2_PLACEMENT_3D('',#12836,#10189,#10190);
#9075=AXIS2_PLACEMENT_3D('',#12842,#10194,#10195);
#9076=AXIS2_PLACEMENT_3D('',#12844,#10196,#10197);
#9077=AXIS2_PLACEMENT_3D('',#12846,#10198,#10199);
#9078=AXIS2_PLACEMENT_3D('',#12848,#10201,#10202);
#9079=AXIS2_PLACEMENT_3D('',#12854,#10206,#10207);
#9080=AXIS2_PLACEMENT_3D('',#12855,#10208,#10209);
#9081=AXIS2_PLACEMENT_3D('',#12856,#10210,#10211);
#9082=AXIS2_PLACEMENT_3D('',#12857,#10212,#10213);
#9083=AXIS2_PLACEMENT_3D('',#12866,#10218,#10219);
#9084=AXIS2_PLACEMENT_3D('',#12868,#10220,#10221);
#9085=AXIS2_PLACEMENT_3D('',#12870,#10222,#10223);
#9086=AXIS2_PLACEMENT_3D('',#12872,#10225,#10226);
#9087=AXIS2_PLACEMENT_3D('',#12878,#10230,#10231);
#9088=AXIS2_PLACEMENT_3D('',#12880,#10232,#10233);
#9089=AXIS2_PLACEMENT_3D('',#12882,#10234,#10235);
#9090=AXIS2_PLACEMENT_3D('',#12884,#10237,#10238);
#9091=AXIS2_PLACEMENT_3D('',#12890,#10242,#10243);
#9092=AXIS2_PLACEMENT_3D('',#12892,#10244,#10245);
#9093=AXIS2_PLACEMENT_3D('',#12894,#10246,#10247);
#9094=AXIS2_PLACEMENT_3D('',#12896,#10249,#10250);
#9095=AXIS2_PLACEMENT_3D('',#12902,#10254,#10255);
#9096=AXIS2_PLACEMENT_3D('',#12903,#10256,#10257);
#9097=AXIS2_PLACEMENT_3D('',#12904,#10258,#10259);
#9098=AXIS2_PLACEMENT_3D('',#12905,#10260,#10261);
#9099=AXIS2_PLACEMENT_3D('',#12914,#10266,#10267);
#9100=AXIS2_PLACEMENT_3D('',#12916,#10268,#10269);
#9101=AXIS2_PLACEMENT_3D('',#12918,#10270,#10271);
#9102=AXIS2_PLACEMENT_3D('',#12920,#10273,#10274);
#9103=AXIS2_PLACEMENT_3D('',#12926,#10278,#10279);
#9104=AXIS2_PLACEMENT_3D('',#12928,#10280,#10281);
#9105=AXIS2_PLACEMENT_3D('',#12930,#10282,#10283);
#9106=AXIS2_PLACEMENT_3D('',#12932,#10285,#10286);
#9107=AXIS2_PLACEMENT_3D('',#12938,#10290,#10291);
#9108=AXIS2_PLACEMENT_3D('',#12940,#10292,#10293);
#9109=AXIS2_PLACEMENT_3D('',#12942,#10294,#10295);
#9110=AXIS2_PLACEMENT_3D('',#12944,#10297,#10298);
#9111=AXIS2_PLACEMENT_3D('',#12950,#10302,#10303);
#9112=AXIS2_PLACEMENT_3D('',#12951,#10304,#10305);
#9113=AXIS2_PLACEMENT_3D('',#12952,#10306,#10307);
#9114=AXIS2_PLACEMENT_3D('',#12953,#10308,#10309);
#9115=AXIS2_PLACEMENT_3D('',#12962,#10314,#10315);
#9116=AXIS2_PLACEMENT_3D('',#12964,#10316,#10317);
#9117=AXIS2_PLACEMENT_3D('',#12966,#10318,#10319);
#9118=AXIS2_PLACEMENT_3D('',#12968,#10321,#10322);
#9119=AXIS2_PLACEMENT_3D('',#12974,#10326,#10327);
#9120=AXIS2_PLACEMENT_3D('',#12976,#10328,#10329);
#9121=AXIS2_PLACEMENT_3D('',#12978,#10330,#10331);
#9122=AXIS2_PLACEMENT_3D('',#12980,#10333,#10334);
#9123=AXIS2_PLACEMENT_3D('',#12986,#10338,#10339);
#9124=AXIS2_PLACEMENT_3D('',#12988,#10340,#10341);
#9125=AXIS2_PLACEMENT_3D('',#12990,#10342,#10343);
#9126=AXIS2_PLACEMENT_3D('',#12992,#10345,#10346);
#9127=AXIS2_PLACEMENT_3D('',#12998,#10350,#10351);
#9128=AXIS2_PLACEMENT_3D('',#12999,#10352,#10353);
#9129=AXIS2_PLACEMENT_3D('',#13000,#10354,#10355);
#9130=AXIS2_PLACEMENT_3D('',#13001,#10356,#10357);
#9131=AXIS2_PLACEMENT_3D('',#13010,#10362,#10363);
#9132=AXIS2_PLACEMENT_3D('',#13012,#10364,#10365);
#9133=AXIS2_PLACEMENT_3D('',#13014,#10366,#10367);
#9134=AXIS2_PLACEMENT_3D('',#13016,#10369,#10370);
#9135=AXIS2_PLACEMENT_3D('',#13022,#10374,#10375);
#9136=AXIS2_PLACEMENT_3D('',#13024,#10376,#10377);
#9137=AXIS2_PLACEMENT_3D('',#13026,#10378,#10379);
#9138=AXIS2_PLACEMENT_3D('',#13028,#10381,#10382);
#9139=AXIS2_PLACEMENT_3D('',#13034,#10386,#10387);
#9140=AXIS2_PLACEMENT_3D('',#13036,#10388,#10389);
#9141=AXIS2_PLACEMENT_3D('',#13038,#10390,#10391);
#9142=AXIS2_PLACEMENT_3D('',#13040,#10393,#10394);
#9143=AXIS2_PLACEMENT_3D('',#13046,#10398,#10399);
#9144=AXIS2_PLACEMENT_3D('',#13047,#10400,#10401);
#9145=AXIS2_PLACEMENT_3D('',#13048,#10402,#10403);
#9146=AXIS2_PLACEMENT_3D('',#13049,#10404,#10405);
#9147=AXIS2_PLACEMENT_3D('',#13058,#10410,#10411);
#9148=AXIS2_PLACEMENT_3D('',#13060,#10412,#10413);
#9149=AXIS2_PLACEMENT_3D('',#13062,#10414,#10415);
#9150=AXIS2_PLACEMENT_3D('',#13064,#10417,#10418);
#9151=AXIS2_PLACEMENT_3D('',#13070,#10422,#10423);
#9152=AXIS2_PLACEMENT_3D('',#13072,#10424,#10425);
#9153=AXIS2_PLACEMENT_3D('',#13074,#10426,#10427);
#9154=AXIS2_PLACEMENT_3D('',#13076,#10429,#10430);
#9155=AXIS2_PLACEMENT_3D('',#13082,#10434,#10435);
#9156=AXIS2_PLACEMENT_3D('',#13084,#10436,#10437);
#9157=AXIS2_PLACEMENT_3D('',#13086,#10438,#10439);
#9158=AXIS2_PLACEMENT_3D('',#13088,#10441,#10442);
#9159=AXIS2_PLACEMENT_3D('',#13094,#10446,#10447);
#9160=AXIS2_PLACEMENT_3D('',#13095,#10448,#10449);
#9161=AXIS2_PLACEMENT_3D('',#13096,#10450,#10451);
#9162=AXIS2_PLACEMENT_3D('',#13097,#10452,#10453);
#9163=AXIS2_PLACEMENT_3D('',#13106,#10458,#10459);
#9164=AXIS2_PLACEMENT_3D('',#13108,#10460,#10461);
#9165=AXIS2_PLACEMENT_3D('',#13110,#10462,#10463);
#9166=AXIS2_PLACEMENT_3D('',#13112,#10465,#10466);
#9167=AXIS2_PLACEMENT_3D('',#13118,#10470,#10471);
#9168=AXIS2_PLACEMENT_3D('',#13120,#10472,#10473);
#9169=AXIS2_PLACEMENT_3D('',#13122,#10474,#10475);
#9170=AXIS2_PLACEMENT_3D('',#13124,#10477,#10478);
#9171=AXIS2_PLACEMENT_3D('',#13130,#10482,#10483);
#9172=AXIS2_PLACEMENT_3D('',#13132,#10484,#10485);
#9173=AXIS2_PLACEMENT_3D('',#13134,#10486,#10487);
#9174=AXIS2_PLACEMENT_3D('',#13136,#10489,#10490);
#9175=AXIS2_PLACEMENT_3D('',#13142,#10494,#10495);
#9176=AXIS2_PLACEMENT_3D('',#13143,#10496,#10497);
#9177=AXIS2_PLACEMENT_3D('',#13144,#10498,#10499);
#9178=AXIS2_PLACEMENT_3D('',#13145,#10500,#10501);
#9179=AXIS2_PLACEMENT_3D('',#13154,#10506,#10507);
#9180=AXIS2_PLACEMENT_3D('',#13156,#10508,#10509);
#9181=AXIS2_PLACEMENT_3D('',#13158,#10510,#10511);
#9182=AXIS2_PLACEMENT_3D('',#13160,#10513,#10514);
#9183=AXIS2_PLACEMENT_3D('',#13166,#10518,#10519);
#9184=AXIS2_PLACEMENT_3D('',#13168,#10520,#10521);
#9185=AXIS2_PLACEMENT_3D('',#13170,#10522,#10523);
#9186=AXIS2_PLACEMENT_3D('',#13172,#10525,#10526);
#9187=AXIS2_PLACEMENT_3D('',#13178,#10530,#10531);
#9188=AXIS2_PLACEMENT_3D('',#13180,#10532,#10533);
#9189=AXIS2_PLACEMENT_3D('',#13182,#10534,#10535);
#9190=AXIS2_PLACEMENT_3D('',#13184,#10537,#10538);
#9191=AXIS2_PLACEMENT_3D('',#13190,#10542,#10543);
#9192=AXIS2_PLACEMENT_3D('',#13191,#10544,#10545);
#9193=AXIS2_PLACEMENT_3D('',#13192,#10546,#10547);
#9194=AXIS2_PLACEMENT_3D('',#13193,#10548,#10549);
#9195=AXIS2_PLACEMENT_3D('',#13202,#10554,#10555);
#9196=AXIS2_PLACEMENT_3D('',#13204,#10556,#10557);
#9197=AXIS2_PLACEMENT_3D('',#13206,#10558,#10559);
#9198=AXIS2_PLACEMENT_3D('',#13208,#10561,#10562);
#9199=AXIS2_PLACEMENT_3D('',#13214,#10566,#10567);
#9200=AXIS2_PLACEMENT_3D('',#13216,#10568,#10569);
#9201=AXIS2_PLACEMENT_3D('',#13218,#10570,#10571);
#9202=AXIS2_PLACEMENT_3D('',#13220,#10573,#10574);
#9203=AXIS2_PLACEMENT_3D('',#13226,#10578,#10579);
#9204=AXIS2_PLACEMENT_3D('',#13228,#10580,#10581);
#9205=AXIS2_PLACEMENT_3D('',#13230,#10582,#10583);
#9206=AXIS2_PLACEMENT_3D('',#13232,#10585,#10586);
#9207=AXIS2_PLACEMENT_3D('',#13238,#10590,#10591);
#9208=AXIS2_PLACEMENT_3D('',#13239,#10592,#10593);
#9209=AXIS2_PLACEMENT_3D('',#13240,#10594,#10595);
#9210=AXIS2_PLACEMENT_3D('',#13241,#10596,#10597);
#9211=AXIS2_PLACEMENT_3D('',#13250,#10602,#10603);
#9212=AXIS2_PLACEMENT_3D('',#13252,#10604,#10605);
#9213=AXIS2_PLACEMENT_3D('',#13254,#10606,#10607);
#9214=AXIS2_PLACEMENT_3D('',#13256,#10609,#10610);
#9215=AXIS2_PLACEMENT_3D('',#13262,#10614,#10615);
#9216=AXIS2_PLACEMENT_3D('',#13264,#10616,#10617);
#9217=AXIS2_PLACEMENT_3D('',#13266,#10618,#10619);
#9218=AXIS2_PLACEMENT_3D('',#13268,#10621,#10622);
#9219=AXIS2_PLACEMENT_3D('',#13274,#10626,#10627);
#9220=AXIS2_PLACEMENT_3D('',#13276,#10628,#10629);
#9221=AXIS2_PLACEMENT_3D('',#13278,#10630,#10631);
#9222=AXIS2_PLACEMENT_3D('',#13280,#10633,#10634);
#9223=AXIS2_PLACEMENT_3D('',#13286,#10638,#10639);
#9224=AXIS2_PLACEMENT_3D('',#13287,#10640,#10641);
#9225=AXIS2_PLACEMENT_3D('',#13288,#10642,#10643);
#9226=AXIS2_PLACEMENT_3D('',#13289,#10644,#10645);
#9227=AXIS2_PLACEMENT_3D('',#13298,#10650,#10651);
#9228=AXIS2_PLACEMENT_3D('',#13300,#10652,#10653);
#9229=AXIS2_PLACEMENT_3D('',#13302,#10654,#10655);
#9230=AXIS2_PLACEMENT_3D('',#13304,#10657,#10658);
#9231=AXIS2_PLACEMENT_3D('',#13310,#10662,#10663);
#9232=AXIS2_PLACEMENT_3D('',#13312,#10664,#10665);
#9233=AXIS2_PLACEMENT_3D('',#13314,#10666,#10667);
#9234=AXIS2_PLACEMENT_3D('',#13316,#10669,#10670);
#9235=AXIS2_PLACEMENT_3D('',#13322,#10674,#10675);
#9236=AXIS2_PLACEMENT_3D('',#13324,#10676,#10677);
#9237=AXIS2_PLACEMENT_3D('',#13326,#10678,#10679);
#9238=AXIS2_PLACEMENT_3D('',#13328,#10681,#10682);
#9239=AXIS2_PLACEMENT_3D('',#13334,#10686,#10687);
#9240=AXIS2_PLACEMENT_3D('',#13335,#10688,#10689);
#9241=AXIS2_PLACEMENT_3D('',#13336,#10690,#10691);
#9242=AXIS2_PLACEMENT_3D('',#13337,#10692,#10693);
#9243=AXIS2_PLACEMENT_3D('',#13346,#10698,#10699);
#9244=AXIS2_PLACEMENT_3D('',#13348,#10700,#10701);
#9245=AXIS2_PLACEMENT_3D('',#13350,#10702,#10703);
#9246=AXIS2_PLACEMENT_3D('',#13352,#10705,#10706);
#9247=AXIS2_PLACEMENT_3D('',#13358,#10710,#10711);
#9248=AXIS2_PLACEMENT_3D('',#13360,#10712,#10713);
#9249=AXIS2_PLACEMENT_3D('',#13362,#10714,#10715);
#9250=AXIS2_PLACEMENT_3D('',#13364,#10717,#10718);
#9251=AXIS2_PLACEMENT_3D('',#13370,#10722,#10723);
#9252=AXIS2_PLACEMENT_3D('',#13372,#10724,#10725);
#9253=AXIS2_PLACEMENT_3D('',#13374,#10726,#10727);
#9254=AXIS2_PLACEMENT_3D('',#13376,#10729,#10730);
#9255=AXIS2_PLACEMENT_3D('',#13382,#10734,#10735);
#9256=AXIS2_PLACEMENT_3D('',#13383,#10736,#10737);
#9257=AXIS2_PLACEMENT_3D('',#13384,#10738,#10739);
#9258=AXIS2_PLACEMENT_3D('',#13385,#10740,#10741);
#9259=AXIS2_PLACEMENT_3D('',#13394,#10746,#10747);
#9260=AXIS2_PLACEMENT_3D('',#13396,#10748,#10749);
#9261=AXIS2_PLACEMENT_3D('',#13398,#10750,#10751);
#9262=AXIS2_PLACEMENT_3D('',#13400,#10753,#10754);
#9263=AXIS2_PLACEMENT_3D('',#13406,#10758,#10759);
#9264=AXIS2_PLACEMENT_3D('',#13408,#10760,#10761);
#9265=AXIS2_PLACEMENT_3D('',#13410,#10762,#10763);
#9266=AXIS2_PLACEMENT_3D('',#13412,#10765,#10766);
#9267=AXIS2_PLACEMENT_3D('',#13418,#10770,#10771);
#9268=AXIS2_PLACEMENT_3D('',#13420,#10772,#10773);
#9269=AXIS2_PLACEMENT_3D('',#13422,#10774,#10775);
#9270=AXIS2_PLACEMENT_3D('',#13424,#10777,#10778);
#9271=AXIS2_PLACEMENT_3D('',#13430,#10782,#10783);
#9272=AXIS2_PLACEMENT_3D('',#13431,#10784,#10785);
#9273=AXIS2_PLACEMENT_3D('',#13432,#10786,#10787);
#9274=AXIS2_PLACEMENT_3D('',#13433,#10788,#10789);
#9275=AXIS2_PLACEMENT_3D('',#13442,#10794,#10795);
#9276=AXIS2_PLACEMENT_3D('',#13444,#10796,#10797);
#9277=AXIS2_PLACEMENT_3D('',#13446,#10798,#10799);
#9278=AXIS2_PLACEMENT_3D('',#13448,#10801,#10802);
#9279=AXIS2_PLACEMENT_3D('',#13454,#10806,#10807);
#9280=AXIS2_PLACEMENT_3D('',#13456,#10808,#10809);
#9281=AXIS2_PLACEMENT_3D('',#13458,#10810,#10811);
#9282=AXIS2_PLACEMENT_3D('',#13460,#10813,#10814);
#9283=AXIS2_PLACEMENT_3D('',#13466,#10818,#10819);
#9284=AXIS2_PLACEMENT_3D('',#13468,#10820,#10821);
#9285=AXIS2_PLACEMENT_3D('',#13470,#10822,#10823);
#9286=AXIS2_PLACEMENT_3D('',#13472,#10825,#10826);
#9287=AXIS2_PLACEMENT_3D('',#13478,#10830,#10831);
#9288=AXIS2_PLACEMENT_3D('',#13479,#10832,#10833);
#9289=AXIS2_PLACEMENT_3D('',#13480,#10834,#10835);
#9290=AXIS2_PLACEMENT_3D('',#13481,#10836,#10837);
#9291=AXIS2_PLACEMENT_3D('',#13484,#10838,#10839);
#9292=AXIS2_PLACEMENT_3D('',#13488,#10841,#10842);
#9293=AXIS2_PLACEMENT_3D('',#13490,#10844,#10845);
#9294=AXIS2_PLACEMENT_3D('',#13496,#10849,#10850);
#9295=AXIS2_PLACEMENT_3D('',#13498,#10851,#10852);
#9296=AXIS2_PLACEMENT_3D('',#13500,#10853,#10854);
#9297=AXIS2_PLACEMENT_3D('',#13502,#10856,#10857);
#9298=AXIS2_PLACEMENT_3D('',#13510,#10862,#10863);
#9299=AXIS2_PLACEMENT_3D('',#13519,#10868,#10869);
#9300=AXIS2_PLACEMENT_3D('',#13522,#10870,#10871);
#9301=AXIS2_PLACEMENT_3D('',#13523,#10872,#10873);
#9302=AXIS2_PLACEMENT_3D('',#13525,#10874,#10875);
#9303=AXIS2_PLACEMENT_3D('',#13527,#10877,#10878);
#9304=AXIS2_PLACEMENT_3D('',#13532,#10882,#10883);
#9305=AXIS2_PLACEMENT_3D('',#13534,#10884,#10885);
#9306=AXIS2_PLACEMENT_3D('',#13535,#10886,#10887);
#9307=AXIS2_PLACEMENT_3D('',#13536,#10888,#10889);
#9308=AXIS2_PLACEMENT_3D('',#13537,#10890,#10891);
#9309=AXIS2_PLACEMENT_3D('',#13539,#10893,#10894);
#9310=AXIS2_PLACEMENT_3D('',#13548,#10899,#10900);
#9311=AXIS2_PLACEMENT_3D('',#13550,#10901,#10902);
#9312=AXIS2_PLACEMENT_3D('',#13553,#10904,#10905);
#9313=AXIS2_PLACEMENT_3D('',#13554,#10906,#10907);
#9314=AXIS2_PLACEMENT_3D('',#13560,#10911,#10912);
#9315=AXIS2_PLACEMENT_3D('',#13562,#10913,#10914);
#9316=AXIS2_PLACEMENT_3D('',#13565,#10916,#10917);
#9317=AXIS2_PLACEMENT_3D('',#13566,#10918,#10919);
#9318=AXIS2_PLACEMENT_3D('',#13572,#10923,#10924);
#9319=AXIS2_PLACEMENT_3D('',#13574,#10925,#10926);
#9320=AXIS2_PLACEMENT_3D('',#13577,#10928,#10929);
#9321=AXIS2_PLACEMENT_3D('',#13578,#10930,#10931);
#9322=AXIS2_PLACEMENT_3D('',#13584,#10935,#10936);
#9323=AXIS2_PLACEMENT_3D('',#13585,#10937,#10938);
#9324=AXIS2_PLACEMENT_3D('',#13586,#10939,#10940);
#9325=AXIS2_PLACEMENT_3D('',#13587,#10941,#10942);
#9326=AXIS2_PLACEMENT_3D('',#13588,#10943,#10944);
#9327=AXIS2_PLACEMENT_3D('',#13597,#10949,#10950);
#9328=AXIS2_PLACEMENT_3D('',#13599,#10951,#10952);
#9329=AXIS2_PLACEMENT_3D('',#13602,#10954,#10955);
#9330=AXIS2_PLACEMENT_3D('',#13603,#10956,#10957);
#9331=AXIS2_PLACEMENT_3D('',#13609,#10961,#10962);
#9332=AXIS2_PLACEMENT_3D('',#13611,#10963,#10964);
#9333=AXIS2_PLACEMENT_3D('',#13614,#10966,#10967);
#9334=AXIS2_PLACEMENT_3D('',#13615,#10968,#10969);
#9335=AXIS2_PLACEMENT_3D('',#13621,#10973,#10974);
#9336=AXIS2_PLACEMENT_3D('',#13623,#10975,#10976);
#9337=AXIS2_PLACEMENT_3D('',#13626,#10978,#10979);
#9338=AXIS2_PLACEMENT_3D('',#13627,#10980,#10981);
#9339=AXIS2_PLACEMENT_3D('',#13633,#10985,#10986);
#9340=AXIS2_PLACEMENT_3D('',#13634,#10987,#10988);
#9341=AXIS2_PLACEMENT_3D('',#13635,#10989,#10990);
#9342=AXIS2_PLACEMENT_3D('',#13636,#10991,#10992);
#9343=AXIS2_PLACEMENT_3D('',#13637,#10993,#10994);
#9344=AXIS2_PLACEMENT_3D('',#13640,#10995,#10996);
#9345=AXIS2_PLACEMENT_3D('',#13644,#10998,#10999);
#9346=AXIS2_PLACEMENT_3D('',#13646,#11001,#11002);
#9347=AXIS2_PLACEMENT_3D('',#13652,#11006,#11007);
#9348=AXIS2_PLACEMENT_3D('',#13654,#11008,#11009);
#9349=AXIS2_PLACEMENT_3D('',#13656,#11010,#11011);
#9350=AXIS2_PLACEMENT_3D('',#13658,#11013,#11014);
#9351=AXIS2_PLACEMENT_3D('',#13666,#11019,#11020);
#9352=AXIS2_PLACEMENT_3D('',#13675,#11025,#11026);
#9353=AXIS2_PLACEMENT_3D('',#13678,#11027,#11028);
#9354=AXIS2_PLACEMENT_3D('',#13679,#11029,#11030);
#9355=AXIS2_PLACEMENT_3D('',#13681,#11031,#11032);
#9356=AXIS2_PLACEMENT_3D('',#13683,#11034,#11035);
#9357=AXIS2_PLACEMENT_3D('',#13688,#11039,#11040);
#9358=AXIS2_PLACEMENT_3D('',#13690,#11041,#11042);
#9359=AXIS2_PLACEMENT_3D('',#13691,#11043,#11044);
#9360=AXIS2_PLACEMENT_3D('',#13692,#11045,#11046);
#9361=AXIS2_PLACEMENT_3D('',#13693,#11047,#11048);
#9362=AXIS2_PLACEMENT_3D('',#13695,#11050,#11051);
#9363=AXIS2_PLACEMENT_3D('',#13698,#11052,#11053);
#9364=AXIS2_PLACEMENT_3D('',#13702,#11055,#11056);
#9365=AXIS2_PLACEMENT_3D('',#13704,#11058,#11059);
#9366=AXIS2_PLACEMENT_3D('',#13710,#11063,#11064);
#9367=AXIS2_PLACEMENT_3D('',#13712,#11065,#11066);
#9368=AXIS2_PLACEMENT_3D('',#13714,#11067,#11068);
#9369=AXIS2_PLACEMENT_3D('',#13716,#11070,#11071);
#9370=AXIS2_PLACEMENT_3D('',#13724,#11076,#11077);
#9371=AXIS2_PLACEMENT_3D('',#13733,#11082,#11083);
#9372=AXIS2_PLACEMENT_3D('',#13736,#11084,#11085);
#9373=AXIS2_PLACEMENT_3D('',#13737,#11086,#11087);
#9374=AXIS2_PLACEMENT_3D('',#13739,#11088,#11089);
#9375=AXIS2_PLACEMENT_3D('',#13741,#11091,#11092);
#9376=AXIS2_PLACEMENT_3D('',#13746,#11096,#11097);
#9377=AXIS2_PLACEMENT_3D('',#13748,#11098,#11099);
#9378=AXIS2_PLACEMENT_3D('',#13749,#11100,#11101);
#9379=AXIS2_PLACEMENT_3D('',#13750,#11102,#11103);
#9380=AXIS2_PLACEMENT_3D('',#13751,#11104,#11105);
#9381=AXIS2_PLACEMENT_3D('',#13753,#11107,#11108);
#9382=AXIS2_PLACEMENT_3D('',#13762,#11113,#11114);
#9383=AXIS2_PLACEMENT_3D('',#13764,#11115,#11116);
#9384=AXIS2_PLACEMENT_3D('',#13766,#11117,#11118);
#9385=AXIS2_PLACEMENT_3D('',#13768,#11120,#11121);
#9386=AXIS2_PLACEMENT_3D('',#13774,#11125,#11126);
#9387=AXIS2_PLACEMENT_3D('',#13776,#11127,#11128);
#9388=AXIS2_PLACEMENT_3D('',#13778,#11129,#11130);
#9389=AXIS2_PLACEMENT_3D('',#13780,#11132,#11133);
#9390=AXIS2_PLACEMENT_3D('',#13786,#11137,#11138);
#9391=AXIS2_PLACEMENT_3D('',#13788,#11139,#11140);
#9392=AXIS2_PLACEMENT_3D('',#13790,#11141,#11142);
#9393=AXIS2_PLACEMENT_3D('',#13792,#11144,#11145);
#9394=AXIS2_PLACEMENT_3D('',#13798,#11149,#11150);
#9395=AXIS2_PLACEMENT_3D('',#13799,#11151,#11152);
#9396=AXIS2_PLACEMENT_3D('',#13800,#11153,#11154);
#9397=AXIS2_PLACEMENT_3D('',#13801,#11155,#11156);
#9398=AXIS2_PLACEMENT_3D('',#13810,#11161,#11162);
#9399=AXIS2_PLACEMENT_3D('',#13812,#11163,#11164);
#9400=AXIS2_PLACEMENT_3D('',#13814,#11165,#11166);
#9401=AXIS2_PLACEMENT_3D('',#13816,#11168,#11169);
#9402=AXIS2_PLACEMENT_3D('',#13822,#11173,#11174);
#9403=AXIS2_PLACEMENT_3D('',#13824,#11175,#11176);
#9404=AXIS2_PLACEMENT_3D('',#13826,#11177,#11178);
#9405=AXIS2_PLACEMENT_3D('',#13828,#11180,#11181);
#9406=AXIS2_PLACEMENT_3D('',#13834,#11185,#11186);
#9407=AXIS2_PLACEMENT_3D('',#13836,#11187,#11188);
#9408=AXIS2_PLACEMENT_3D('',#13838,#11189,#11190);
#9409=AXIS2_PLACEMENT_3D('',#13840,#11192,#11193);
#9410=AXIS2_PLACEMENT_3D('',#13846,#11197,#11198);
#9411=AXIS2_PLACEMENT_3D('',#13847,#11199,#11200);
#9412=AXIS2_PLACEMENT_3D('',#13848,#11201,#11202);
#9413=AXIS2_PLACEMENT_3D('',#13849,#11203,#11204);
#9414=AXIS2_PLACEMENT_3D('',#13858,#11209,#11210);
#9415=AXIS2_PLACEMENT_3D('',#13860,#11211,#11212);
#9416=AXIS2_PLACEMENT_3D('',#13862,#11213,#11214);
#9417=AXIS2_PLACEMENT_3D('',#13864,#11216,#11217);
#9418=AXIS2_PLACEMENT_3D('',#13870,#11221,#11222);
#9419=AXIS2_PLACEMENT_3D('',#13872,#11223,#11224);
#9420=AXIS2_PLACEMENT_3D('',#13874,#11225,#11226);
#9421=AXIS2_PLACEMENT_3D('',#13876,#11228,#11229);
#9422=AXIS2_PLACEMENT_3D('',#13882,#11233,#11234);
#9423=AXIS2_PLACEMENT_3D('',#13884,#11235,#11236);
#9424=AXIS2_PLACEMENT_3D('',#13886,#11237,#11238);
#9425=AXIS2_PLACEMENT_3D('',#13888,#11240,#11241);
#9426=AXIS2_PLACEMENT_3D('',#13894,#11245,#11246);
#9427=AXIS2_PLACEMENT_3D('',#13895,#11247,#11248);
#9428=AXIS2_PLACEMENT_3D('',#13896,#11249,#11250);
#9429=AXIS2_PLACEMENT_3D('',#13897,#11251,#11252);
#9430=AXIS2_PLACEMENT_3D('',#13906,#11257,#11258);
#9431=AXIS2_PLACEMENT_3D('',#13908,#11259,#11260);
#9432=AXIS2_PLACEMENT_3D('',#13910,#11261,#11262);
#9433=AXIS2_PLACEMENT_3D('',#13912,#11264,#11265);
#9434=AXIS2_PLACEMENT_3D('',#13918,#11269,#11270);
#9435=AXIS2_PLACEMENT_3D('',#13920,#11271,#11272);
#9436=AXIS2_PLACEMENT_3D('',#13922,#11273,#11274);
#9437=AXIS2_PLACEMENT_3D('',#13924,#11276,#11277);
#9438=AXIS2_PLACEMENT_3D('',#13930,#11281,#11282);
#9439=AXIS2_PLACEMENT_3D('',#13932,#11283,#11284);
#9440=AXIS2_PLACEMENT_3D('',#13934,#11285,#11286);
#9441=AXIS2_PLACEMENT_3D('',#13936,#11288,#11289);
#9442=AXIS2_PLACEMENT_3D('',#13942,#11293,#11294);
#9443=AXIS2_PLACEMENT_3D('',#13943,#11295,#11296);
#9444=AXIS2_PLACEMENT_3D('',#13944,#11297,#11298);
#9445=AXIS2_PLACEMENT_3D('',#13945,#11299,#11300);
#9446=AXIS2_PLACEMENT_3D('',#13954,#11305,#11306);
#9447=AXIS2_PLACEMENT_3D('',#13956,#11307,#11308);
#9448=AXIS2_PLACEMENT_3D('',#13958,#11309,#11310);
#9449=AXIS2_PLACEMENT_3D('',#13960,#11312,#11313);
#9450=AXIS2_PLACEMENT_3D('',#13966,#11317,#11318);
#9451=AXIS2_PLACEMENT_3D('',#13968,#11319,#11320);
#9452=AXIS2_PLACEMENT_3D('',#13970,#11321,#11322);
#9453=AXIS2_PLACEMENT_3D('',#13972,#11324,#11325);
#9454=AXIS2_PLACEMENT_3D('',#13978,#11329,#11330);
#9455=AXIS2_PLACEMENT_3D('',#13980,#11331,#11332);
#9456=AXIS2_PLACEMENT_3D('',#13982,#11333,#11334);
#9457=AXIS2_PLACEMENT_3D('',#13984,#11336,#11337);
#9458=AXIS2_PLACEMENT_3D('',#13990,#11341,#11342);
#9459=AXIS2_PLACEMENT_3D('',#13991,#11343,#11344);
#9460=AXIS2_PLACEMENT_3D('',#13992,#11345,#11346);
#9461=AXIS2_PLACEMENT_3D('',#13993,#11347,#11348);
#9462=AXIS2_PLACEMENT_3D('',#14002,#11353,#11354);
#9463=AXIS2_PLACEMENT_3D('',#14004,#11355,#11356);
#9464=AXIS2_PLACEMENT_3D('',#14006,#11357,#11358);
#9465=AXIS2_PLACEMENT_3D('',#14008,#11360,#11361);
#9466=AXIS2_PLACEMENT_3D('',#14014,#11365,#11366);
#9467=AXIS2_PLACEMENT_3D('',#14016,#11367,#11368);
#9468=AXIS2_PLACEMENT_3D('',#14018,#11369,#11370);
#9469=AXIS2_PLACEMENT_3D('',#14020,#11372,#11373);
#9470=AXIS2_PLACEMENT_3D('',#14026,#11377,#11378);
#9471=AXIS2_PLACEMENT_3D('',#14028,#11379,#11380);
#9472=AXIS2_PLACEMENT_3D('',#14030,#11381,#11382);
#9473=AXIS2_PLACEMENT_3D('',#14032,#11384,#11385);
#9474=AXIS2_PLACEMENT_3D('',#14038,#11389,#11390);
#9475=AXIS2_PLACEMENT_3D('',#14039,#11391,#11392);
#9476=AXIS2_PLACEMENT_3D('',#14040,#11393,#11394);
#9477=AXIS2_PLACEMENT_3D('',#14041,#11395,#11396);
#9478=AXIS2_PLACEMENT_3D('',#14050,#11401,#11402);
#9479=AXIS2_PLACEMENT_3D('',#14052,#11403,#11404);
#9480=AXIS2_PLACEMENT_3D('',#14054,#11405,#11406);
#9481=AXIS2_PLACEMENT_3D('',#14056,#11408,#11409);
#9482=AXIS2_PLACEMENT_3D('',#14062,#11413,#11414);
#9483=AXIS2_PLACEMENT_3D('',#14064,#11415,#11416);
#9484=AXIS2_PLACEMENT_3D('',#14066,#11417,#11418);
#9485=AXIS2_PLACEMENT_3D('',#14068,#11420,#11421);
#9486=AXIS2_PLACEMENT_3D('',#14074,#11425,#11426);
#9487=AXIS2_PLACEMENT_3D('',#14076,#11427,#11428);
#9488=AXIS2_PLACEMENT_3D('',#14078,#11429,#11430);
#9489=AXIS2_PLACEMENT_3D('',#14080,#11432,#11433);
#9490=AXIS2_PLACEMENT_3D('',#14086,#11437,#11438);
#9491=AXIS2_PLACEMENT_3D('',#14087,#11439,#11440);
#9492=AXIS2_PLACEMENT_3D('',#14088,#11441,#11442);
#9493=AXIS2_PLACEMENT_3D('',#14089,#11443,#11444);
#9494=AXIS2_PLACEMENT_3D('',#14098,#11449,#11450);
#9495=AXIS2_PLACEMENT_3D('',#14100,#11451,#11452);
#9496=AXIS2_PLACEMENT_3D('',#14102,#11453,#11454);
#9497=AXIS2_PLACEMENT_3D('',#14104,#11456,#11457);
#9498=AXIS2_PLACEMENT_3D('',#14110,#11461,#11462);
#9499=AXIS2_PLACEMENT_3D('',#14112,#11463,#11464);
#9500=AXIS2_PLACEMENT_3D('',#14114,#11465,#11466);
#9501=AXIS2_PLACEMENT_3D('',#14116,#11468,#11469);
#9502=AXIS2_PLACEMENT_3D('',#14122,#11473,#11474);
#9503=AXIS2_PLACEMENT_3D('',#14124,#11475,#11476);
#9504=AXIS2_PLACEMENT_3D('',#14126,#11477,#11478);
#9505=AXIS2_PLACEMENT_3D('',#14128,#11480,#11481);
#9506=AXIS2_PLACEMENT_3D('',#14134,#11485,#11486);
#9507=AXIS2_PLACEMENT_3D('',#14135,#11487,#11488);
#9508=AXIS2_PLACEMENT_3D('',#14136,#11489,#11490);
#9509=AXIS2_PLACEMENT_3D('',#14137,#11491,#11492);
#9510=AXIS2_PLACEMENT_3D('',#14146,#11497,#11498);
#9511=AXIS2_PLACEMENT_3D('',#14148,#11499,#11500);
#9512=AXIS2_PLACEMENT_3D('',#14150,#11501,#11502);
#9513=AXIS2_PLACEMENT_3D('',#14152,#11504,#11505);
#9514=AXIS2_PLACEMENT_3D('',#14158,#11509,#11510);
#9515=AXIS2_PLACEMENT_3D('',#14160,#11511,#11512);
#9516=AXIS2_PLACEMENT_3D('',#14162,#11513,#11514);
#9517=AXIS2_PLACEMENT_3D('',#14164,#11516,#11517);
#9518=AXIS2_PLACEMENT_3D('',#14170,#11521,#11522);
#9519=AXIS2_PLACEMENT_3D('',#14172,#11523,#11524);
#9520=AXIS2_PLACEMENT_3D('',#14174,#11525,#11526);
#9521=AXIS2_PLACEMENT_3D('',#14176,#11528,#11529);
#9522=AXIS2_PLACEMENT_3D('',#14182,#11533,#11534);
#9523=AXIS2_PLACEMENT_3D('',#14183,#11535,#11536);
#9524=AXIS2_PLACEMENT_3D('',#14184,#11537,#11538);
#9525=AXIS2_PLACEMENT_3D('',#14185,#11539,#11540);
#9526=AXIS2_PLACEMENT_3D('',#14194,#11545,#11546);
#9527=AXIS2_PLACEMENT_3D('',#14196,#11547,#11548);
#9528=AXIS2_PLACEMENT_3D('',#14198,#11549,#11550);
#9529=AXIS2_PLACEMENT_3D('',#14200,#11552,#11553);
#9530=AXIS2_PLACEMENT_3D('',#14206,#11557,#11558);
#9531=AXIS2_PLACEMENT_3D('',#14208,#11559,#11560);
#9532=AXIS2_PLACEMENT_3D('',#14210,#11561,#11562);
#9533=AXIS2_PLACEMENT_3D('',#14212,#11564,#11565);
#9534=AXIS2_PLACEMENT_3D('',#14218,#11569,#11570);
#9535=AXIS2_PLACEMENT_3D('',#14220,#11571,#11572);
#9536=AXIS2_PLACEMENT_3D('',#14222,#11573,#11574);
#9537=AXIS2_PLACEMENT_3D('',#14224,#11576,#11577);
#9538=AXIS2_PLACEMENT_3D('',#14230,#11581,#11582);
#9539=AXIS2_PLACEMENT_3D('',#14231,#11583,#11584);
#9540=AXIS2_PLACEMENT_3D('',#14232,#11585,#11586);
#9541=AXIS2_PLACEMENT_3D('',#14233,#11587,#11588);
#9542=AXIS2_PLACEMENT_3D('',#14242,#11593,#11594);
#9543=AXIS2_PLACEMENT_3D('',#14244,#11595,#11596);
#9544=AXIS2_PLACEMENT_3D('',#14246,#11597,#11598);
#9545=AXIS2_PLACEMENT_3D('',#14248,#11600,#11601);
#9546=AXIS2_PLACEMENT_3D('',#14254,#11605,#11606);
#9547=AXIS2_PLACEMENT_3D('',#14256,#11607,#11608);
#9548=AXIS2_PLACEMENT_3D('',#14258,#11609,#11610);
#9549=AXIS2_PLACEMENT_3D('',#14260,#11612,#11613);
#9550=AXIS2_PLACEMENT_3D('',#14266,#11617,#11618);
#9551=AXIS2_PLACEMENT_3D('',#14268,#11619,#11620);
#9552=AXIS2_PLACEMENT_3D('',#14270,#11621,#11622);
#9553=AXIS2_PLACEMENT_3D('',#14272,#11624,#11625);
#9554=AXIS2_PLACEMENT_3D('',#14278,#11629,#11630);
#9555=AXIS2_PLACEMENT_3D('',#14279,#11631,#11632);
#9556=AXIS2_PLACEMENT_3D('',#14280,#11633,#11634);
#9557=AXIS2_PLACEMENT_3D('',#14281,#11635,#11636);
#9558=AXIS2_PLACEMENT_3D('',#14290,#11641,#11642);
#9559=AXIS2_PLACEMENT_3D('',#14292,#11643,#11644);
#9560=AXIS2_PLACEMENT_3D('',#14294,#11645,#11646);
#9561=AXIS2_PLACEMENT_3D('',#14296,#11648,#11649);
#9562=AXIS2_PLACEMENT_3D('',#14302,#11653,#11654);
#9563=AXIS2_PLACEMENT_3D('',#14304,#11655,#11656);
#9564=AXIS2_PLACEMENT_3D('',#14306,#11657,#11658);
#9565=AXIS2_PLACEMENT_3D('',#14308,#11660,#11661);
#9566=AXIS2_PLACEMENT_3D('',#14314,#11665,#11666);
#9567=AXIS2_PLACEMENT_3D('',#14316,#11667,#11668);
#9568=AXIS2_PLACEMENT_3D('',#14318,#11669,#11670);
#9569=AXIS2_PLACEMENT_3D('',#14320,#11672,#11673);
#9570=AXIS2_PLACEMENT_3D('',#14326,#11677,#11678);
#9571=AXIS2_PLACEMENT_3D('',#14327,#11679,#11680);
#9572=AXIS2_PLACEMENT_3D('',#14328,#11681,#11682);
#9573=AXIS2_PLACEMENT_3D('',#14329,#11683,#11684);
#9574=AXIS2_PLACEMENT_3D('',#14338,#11689,#11690);
#9575=AXIS2_PLACEMENT_3D('',#14340,#11691,#11692);
#9576=AXIS2_PLACEMENT_3D('',#14342,#11693,#11694);
#9577=AXIS2_PLACEMENT_3D('',#14344,#11696,#11697);
#9578=AXIS2_PLACEMENT_3D('',#14350,#11701,#11702);
#9579=AXIS2_PLACEMENT_3D('',#14352,#11703,#11704);
#9580=AXIS2_PLACEMENT_3D('',#14354,#11705,#11706);
#9581=AXIS2_PLACEMENT_3D('',#14356,#11708,#11709);
#9582=AXIS2_PLACEMENT_3D('',#14362,#11713,#11714);
#9583=AXIS2_PLACEMENT_3D('',#14364,#11715,#11716);
#9584=AXIS2_PLACEMENT_3D('',#14366,#11717,#11718);
#9585=AXIS2_PLACEMENT_3D('',#14368,#11720,#11721);
#9586=AXIS2_PLACEMENT_3D('',#14374,#11725,#11726);
#9587=AXIS2_PLACEMENT_3D('',#14375,#11727,#11728);
#9588=AXIS2_PLACEMENT_3D('',#14376,#11729,#11730);
#9589=AXIS2_PLACEMENT_3D('',#14377,#11731,#11732);
#9590=AXIS2_PLACEMENT_3D('',#14386,#11737,#11738);
#9591=AXIS2_PLACEMENT_3D('',#14388,#11739,#11740);
#9592=AXIS2_PLACEMENT_3D('',#14390,#11741,#11742);
#9593=AXIS2_PLACEMENT_3D('',#14392,#11744,#11745);
#9594=AXIS2_PLACEMENT_3D('',#14398,#11749,#11750);
#9595=AXIS2_PLACEMENT_3D('',#14400,#11751,#11752);
#9596=AXIS2_PLACEMENT_3D('',#14402,#11753,#11754);
#9597=AXIS2_PLACEMENT_3D('',#14404,#11756,#11757);
#9598=AXIS2_PLACEMENT_3D('',#14410,#11761,#11762);
#9599=AXIS2_PLACEMENT_3D('',#14412,#11763,#11764);
#9600=AXIS2_PLACEMENT_3D('',#14414,#11765,#11766);
#9601=AXIS2_PLACEMENT_3D('',#14416,#11768,#11769);
#9602=AXIS2_PLACEMENT_3D('',#14422,#11773,#11774);
#9603=AXIS2_PLACEMENT_3D('',#14423,#11775,#11776);
#9604=AXIS2_PLACEMENT_3D('',#14424,#11777,#11778);
#9605=AXIS2_PLACEMENT_3D('',#14425,#11779,#11780);
#9606=AXIS2_PLACEMENT_3D('',#14434,#11785,#11786);
#9607=AXIS2_PLACEMENT_3D('',#14436,#11787,#11788);
#9608=AXIS2_PLACEMENT_3D('',#14438,#11789,#11790);
#9609=AXIS2_PLACEMENT_3D('',#14440,#11792,#11793);
#9610=AXIS2_PLACEMENT_3D('',#14446,#11797,#11798);
#9611=AXIS2_PLACEMENT_3D('',#14448,#11799,#11800);
#9612=AXIS2_PLACEMENT_3D('',#14450,#11801,#11802);
#9613=AXIS2_PLACEMENT_3D('',#14452,#11804,#11805);
#9614=AXIS2_PLACEMENT_3D('',#14458,#11809,#11810);
#9615=AXIS2_PLACEMENT_3D('',#14460,#11811,#11812);
#9616=AXIS2_PLACEMENT_3D('',#14462,#11813,#11814);
#9617=AXIS2_PLACEMENT_3D('',#14464,#11816,#11817);
#9618=AXIS2_PLACEMENT_3D('',#14470,#11821,#11822);
#9619=AXIS2_PLACEMENT_3D('',#14471,#11823,#11824);
#9620=AXIS2_PLACEMENT_3D('',#14472,#11825,#11826);
#9621=AXIS2_PLACEMENT_3D('',#14473,#11827,#11828);
#9622=AXIS2_PLACEMENT_3D('',#14482,#11833,#11834);
#9623=AXIS2_PLACEMENT_3D('',#14484,#11835,#11836);
#9624=AXIS2_PLACEMENT_3D('',#14486,#11837,#11838);
#9625=AXIS2_PLACEMENT_3D('',#14488,#11840,#11841);
#9626=AXIS2_PLACEMENT_3D('',#14494,#11845,#11846);
#9627=AXIS2_PLACEMENT_3D('',#14496,#11847,#11848);
#9628=AXIS2_PLACEMENT_3D('',#14498,#11849,#11850);
#9629=AXIS2_PLACEMENT_3D('',#14500,#11852,#11853);
#9630=AXIS2_PLACEMENT_3D('',#14506,#11857,#11858);
#9631=AXIS2_PLACEMENT_3D('',#14508,#11859,#11860);
#9632=AXIS2_PLACEMENT_3D('',#14510,#11861,#11862);
#9633=AXIS2_PLACEMENT_3D('',#14512,#11864,#11865);
#9634=AXIS2_PLACEMENT_3D('',#14518,#11869,#11870);
#9635=AXIS2_PLACEMENT_3D('',#14519,#11871,#11872);
#9636=AXIS2_PLACEMENT_3D('',#14520,#11873,#11874);
#9637=AXIS2_PLACEMENT_3D('',#14521,#11875,#11876);
#9638=AXIS2_PLACEMENT_3D('',#14530,#11881,#11882);
#9639=AXIS2_PLACEMENT_3D('',#14532,#11883,#11884);
#9640=AXIS2_PLACEMENT_3D('',#14534,#11885,#11886);
#9641=AXIS2_PLACEMENT_3D('',#14536,#11888,#11889);
#9642=AXIS2_PLACEMENT_3D('',#14542,#11893,#11894);
#9643=AXIS2_PLACEMENT_3D('',#14544,#11895,#11896);
#9644=AXIS2_PLACEMENT_3D('',#14546,#11897,#11898);
#9645=AXIS2_PLACEMENT_3D('',#14548,#11900,#11901);
#9646=AXIS2_PLACEMENT_3D('',#14554,#11905,#11906);
#9647=AXIS2_PLACEMENT_3D('',#14556,#11907,#11908);
#9648=AXIS2_PLACEMENT_3D('',#14558,#11909,#11910);
#9649=AXIS2_PLACEMENT_3D('',#14560,#11912,#11913);
#9650=AXIS2_PLACEMENT_3D('',#14566,#11917,#11918);
#9651=AXIS2_PLACEMENT_3D('',#14567,#11919,#11920);
#9652=AXIS2_PLACEMENT_3D('',#14568,#11921,#11922);
#9653=AXIS2_PLACEMENT_3D('',#14569,#11923,#11924);
#9654=AXIS2_PLACEMENT_3D('',#14572,#11925,#11926);
#9655=AXIS2_PLACEMENT_3D('',#14576,#11928,#11929);
#9656=AXIS2_PLACEMENT_3D('',#14578,#11931,#11932);
#9657=AXIS2_PLACEMENT_3D('',#14584,#11936,#11937);
#9658=AXIS2_PLACEMENT_3D('',#14586,#11938,#11939);
#9659=AXIS2_PLACEMENT_3D('',#14588,#11940,#11941);
#9660=AXIS2_PLACEMENT_3D('',#14590,#11943,#11944);
#9661=AXIS2_PLACEMENT_3D('',#14598,#11949,#11950);
#9662=AXIS2_PLACEMENT_3D('',#14607,#11955,#11956);
#9663=AXIS2_PLACEMENT_3D('',#14610,#11957,#11958);
#9664=AXIS2_PLACEMENT_3D('',#14611,#11959,#11960);
#9665=AXIS2_PLACEMENT_3D('',#14613,#11961,#11962);
#9666=AXIS2_PLACEMENT_3D('',#14615,#11964,#11965);
#9667=AXIS2_PLACEMENT_3D('',#14620,#11969,#11970);
#9668=AXIS2_PLACEMENT_3D('',#14622,#11971,#11972);
#9669=AXIS2_PLACEMENT_3D('',#14623,#11973,#11974);
#9670=AXIS2_PLACEMENT_3D('',#14624,#11975,#11976);
#9671=AXIS2_PLACEMENT_3D('',#14625,#11977,#11978);
#9672=AXIS2_PLACEMENT_3D('',#14627,#11980,#11981);
#9673=AXIS2_PLACEMENT_3D('',#14636,#11986,#11987);
#9674=AXIS2_PLACEMENT_3D('',#14638,#11988,#11989);
#9675=AXIS2_PLACEMENT_3D('',#14641,#11991,#11992);
#9676=AXIS2_PLACEMENT_3D('',#14642,#11993,#11994);
#9677=AXIS2_PLACEMENT_3D('',#14648,#11998,#11999);
#9678=AXIS2_PLACEMENT_3D('',#14650,#12000,#12001);
#9679=AXIS2_PLACEMENT_3D('',#14653,#12003,#12004);
#9680=AXIS2_PLACEMENT_3D('',#14654,#12005,#12006);
#9681=AXIS2_PLACEMENT_3D('',#14660,#12010,#12011);
#9682=AXIS2_PLACEMENT_3D('',#14662,#12012,#12013);
#9683=AXIS2_PLACEMENT_3D('',#14665,#12015,#12016);
#9684=AXIS2_PLACEMENT_3D('',#14666,#12017,#12018);
#9685=AXIS2_PLACEMENT_3D('',#14672,#12022,#12023);
#9686=AXIS2_PLACEMENT_3D('',#14673,#12024,#12025);
#9687=AXIS2_PLACEMENT_3D('',#14674,#12026,#12027);
#9688=AXIS2_PLACEMENT_3D('',#14675,#12028,#12029);
#9689=AXIS2_PLACEMENT_3D('',#14676,#12030,#12031);
#9690=AXIS2_PLACEMENT_3D('',#14685,#12036,#12037);
#9691=AXIS2_PLACEMENT_3D('',#14687,#12038,#12039);
#9692=AXIS2_PLACEMENT_3D('',#14690,#12041,#12042);
#9693=AXIS2_PLACEMENT_3D('',#14691,#12043,#12044);
#9694=AXIS2_PLACEMENT_3D('',#14697,#12048,#12049);
#9695=AXIS2_PLACEMENT_3D('',#14699,#12050,#12051);
#9696=AXIS2_PLACEMENT_3D('',#14702,#12053,#12054);
#9697=AXIS2_PLACEMENT_3D('',#14703,#12055,#12056);
#9698=AXIS2_PLACEMENT_3D('',#14709,#12060,#12061);
#9699=AXIS2_PLACEMENT_3D('',#14711,#12062,#12063);
#9700=AXIS2_PLACEMENT_3D('',#14714,#12065,#12066);
#9701=AXIS2_PLACEMENT_3D('',#14715,#12067,#12068);
#9702=AXIS2_PLACEMENT_3D('',#14721,#12072,#12073);
#9703=AXIS2_PLACEMENT_3D('',#14722,#12074,#12075);
#9704=AXIS2_PLACEMENT_3D('',#14723,#12076,#12077);
#9705=AXIS2_PLACEMENT_3D('',#14724,#12078,#12079);
#9706=AXIS2_PLACEMENT_3D('',#14725,#12080,#12081);
#9707=AXIS2_PLACEMENT_3D('',#14732,#12086,#12087);
#9708=AXIS2_PLACEMENT_3D('',#14736,#12089,#12090);
#9709=AXIS2_PLACEMENT_3D('',#14740,#12092,#12093);
#9710=AXIS2_PLACEMENT_3D('',#14744,#12095,#12096);
#9711=AXIS2_PLACEMENT_3D('',#14748,#12098,#12099);
#9712=AXIS2_PLACEMENT_3D('',#14752,#12101,#12102);
#9713=AXIS2_PLACEMENT_3D('',#14756,#12104,#12105);
#9714=AXIS2_PLACEMENT_3D('',#14761,#12109,#12110);
#9715=AXIS2_PLACEMENT_3D('',#14765,#12112,#12113);
#9716=AXIS2_PLACEMENT_3D('',#14766,#12114,#12115);
#9717=AXIS2_PLACEMENT_3D('',#14767,#12116,#12117);
#9718=AXIS2_PLACEMENT_3D('',#14769,#12118,#12119);
#9719=AXIS2_PLACEMENT_3D('',#14770,#12120,#12121);
#9720=AXIS2_PLACEMENT_3D('',#14771,#12122,#12123);
#9721=AXIS2_PLACEMENT_3D('',#14775,#12126,#12127);
#9722=AXIS2_PLACEMENT_3D('',#14779,#12130,#12131);
#9723=AXIS2_PLACEMENT_3D('',#14799,#12132,#12133);
#9724=AXIS2_PLACEMENT_3D('',#14802,#12135,#12136);
#9725=AXIS2_PLACEMENT_3D('',#14803,#12137,#12138);
#9726=AXIS2_PLACEMENT_3D('',#14805,#12139,#12140);
#9727=AXIS2_PLACEMENT_3D('',#14810,#12143,#12144);
#9728=AXIS2_PLACEMENT_3D('',#14814,#12146,#12147);
#9729=AXIS2_PLACEMENT_3D('',#14816,#12149,#12150);
#9730=AXIS2_PLACEMENT_3D('',#14825,#12155,#12156);
#9731=AXIS2_PLACEMENT_3D('',#14827,#12157,#12158);
#9732=AXIS2_PLACEMENT_3D('',#14830,#12160,#12161);
#9733=AXIS2_PLACEMENT_3D('',#14831,#12162,#12163);
#9734=AXIS2_PLACEMENT_3D('',#14837,#12167,#12168);
#9735=AXIS2_PLACEMENT_3D('',#14839,#12169,#12170);
#9736=AXIS2_PLACEMENT_3D('',#14842,#12172,#12173);
#9737=AXIS2_PLACEMENT_3D('',#14843,#12174,#12175);
#9738=AXIS2_PLACEMENT_3D('',#14849,#12179,#12180);
#9739=AXIS2_PLACEMENT_3D('',#14851,#12181,#12182);
#9740=AXIS2_PLACEMENT_3D('',#14854,#12184,#12185);
#9741=AXIS2_PLACEMENT_3D('',#14855,#12186,#12187);
#9742=AXIS2_PLACEMENT_3D('',#14861,#12191,#12192);
#9743=AXIS2_PLACEMENT_3D('',#14862,#12193,#12194);
#9744=AXIS2_PLACEMENT_3D('',#14863,#12195,#12196);
#9745=AXIS2_PLACEMENT_3D('',#14864,#12197,#12198);
#9746=AXIS2_PLACEMENT_3D('',#14873,#12203,#12204);
#9747=AXIS2_PLACEMENT_3D('',#14875,#12205,#12206);
#9748=AXIS2_PLACEMENT_3D('',#14877,#12207,#12208);
#9749=AXIS2_PLACEMENT_3D('',#14879,#12210,#12211);
#9750=AXIS2_PLACEMENT_3D('',#14885,#12215,#12216);
#9751=AXIS2_PLACEMENT_3D('',#14887,#12217,#12218);
#9752=AXIS2_PLACEMENT_3D('',#14889,#12219,#12220);
#9753=AXIS2_PLACEMENT_3D('',#14891,#12222,#12223);
#9754=AXIS2_PLACEMENT_3D('',#14897,#12227,#12228);
#9755=AXIS2_PLACEMENT_3D('',#14899,#12229,#12230);
#9756=AXIS2_PLACEMENT_3D('',#14901,#12231,#12232);
#9757=AXIS2_PLACEMENT_3D('',#14903,#12234,#12235);
#9758=AXIS2_PLACEMENT_3D('',#14909,#12239,#12240);
#9759=AXIS2_PLACEMENT_3D('',#14910,#12241,#12242);
#9760=AXIS2_PLACEMENT_3D('',#14911,#12243,#12244);
#9761=AXIS2_PLACEMENT_3D('',#14912,#12245,#12246);
#9762=AXIS2_PLACEMENT_3D('',#14913,#12247,#12248);
#9763=AXIS2_PLACEMENT_3D('',#14915,#12249,#12250);
#9764=AXIS2_PLACEMENT_3D('',#14917,#12251,#12252);
#9765=AXIS2_PLACEMENT_3D('',#14918,#12253,#12254);
#9766=AXIS2_PLACEMENT_3D('',#14920,#12255,#12256);
#9767=AXIS2_PLACEMENT_3D('',#14922,#12258,#12259);
#9768=AXIS2_PLACEMENT_3D('',#14926,#12261,#12262);
#9769=AXIS2_PLACEMENT_3D('',#14930,#12264,#12265);
#9770=AXIS2_PLACEMENT_3D('',#14933,#12267,#12268);
#9771=AXIS2_PLACEMENT_3D('',#14934,#12269,#12270);
#9772=AXIS2_PLACEMENT_3D('',#14935,#12271,#12272);
#9773=AXIS2_PLACEMENT_3D('',#14938,#12274,#12275);
#9774=AXIS2_PLACEMENT_3D('',#14939,#12276,#12277);
#9775=AXIS2_PLACEMENT_3D('',#14940,#12278,#12279);
#9776=AXIS2_PLACEMENT_3D('',#14956,#12284,#12285);
#9777=AXIS2_PLACEMENT_3D('',#14958,#12286,#12287);
#9778=AXIS2_PLACEMENT_3D('',#14960,#12289,#12290);
#9779=AXIS2_PLACEMENT_3D('',#14972,#12294,#12295);
#9780=AXIS2_PLACEMENT_3D('',#14973,#12296,#12297);
#9781=AXIS2_PLACEMENT_3D('',#14974,#12298,#12299);
#9782=AXIS2_PLACEMENT_3D('',#14977,#12300,#12301);
#9783=AXIS2_PLACEMENT_3D('',#14981,#12303,#12304);
#9784=AXIS2_PLACEMENT_3D('',#14985,#12306,#12307);
#9785=AXIS2_PLACEMENT_3D('',#14989,#12309,#12310);
#9786=AXIS2_PLACEMENT_3D('',#14991,#12312,#12313);
#9787=AXIS2_PLACEMENT_3D('',#14993,#12315,#12316);
#9788=AXIS2_PLACEMENT_3D('',#14995,#12318,#12319);
#9789=AXIS2_PLACEMENT_3D('',#14997,#12321,#12322);
#9790=AXIS2_PLACEMENT_3D('',#15000,#12324,#12325);
#9791=AXIS2_PLACEMENT_3D('',#15001,#12326,#12327);
#9792=AXIS2_PLACEMENT_3D('',#15005,#12330,#12331);
#9793=AXIS2_PLACEMENT_3D('',#15006,#12332,#12333);
#9794=AXIS2_PLACEMENT_3D('',#15007,#12334,#12335);
#9795=AXIS2_PLACEMENT_3D('',#15008,#12336,#12337);
#9796=AXIS2_PLACEMENT_3D('',#15010,#12339,#12340);
#9797=AXIS2_PLACEMENT_3D('',#15012,#12342,#12343);
#9798=AXIS2_PLACEMENT_3D('',#15013,#12344,#12345);
#9799=AXIS2_PLACEMENT_3D('',#15016,#12348,#12349);
#9800=AXIS2_PLACEMENT_3D('',#15018,#12351,#12352);
#9801=AXIS2_PLACEMENT_3D('',#15020,#12354,#12355);
#9802=AXIS2_PLACEMENT_3D('',#15022,#12357,#12358);
#9803=AXIS2_PLACEMENT_3D('',#15024,#12360,#12361);
#9804=AXIS2_PLACEMENT_3D('',#15026,#12363,#12364);
#9805=AXIS2_PLACEMENT_3D('',#15028,#12366,#12367);
#9806=AXIS2_PLACEMENT_3D('',#15029,#12368,#12369);
#9807=AXIS2_PLACEMENT_3D('',#15031,#12370,#12371);
#9808=AXIS2_PLACEMENT_3D('',#15032,#12372,#12373);
#9809=AXIS2_PLACEMENT_3D('',#15035,#12374,#12375);
#9810=AXIS2_PLACEMENT_3D('',#15052,#12376,#12377);
#9811=AXIS2_PLACEMENT_3D('',#15077,#12378,#12379);
#9812=AXIS2_PLACEMENT_3D('',#15079,#12380,#12381);
#9813=AXIS2_PLACEMENT_3D('',#15080,#12382,#12383);
#9814=AXIS2_PLACEMENT_3D('',#15081,#12384,#12385);
#9815=AXIS2_PLACEMENT_3D('',#15084,#12386,#12387);
#9816=AXIS2_PLACEMENT_3D('',#15096,#12390,#12391);
#9817=AXIS2_PLACEMENT_3D('',#15097,#12392,#12393);
#9818=AXIS2_PLACEMENT_3D('',#15098,#12394,#12395);
#9819=AXIS2_PLACEMENT_3D('',#15102,#12397,#12398);
#9820=AXIS2_PLACEMENT_3D('',#15104,#12399,#12400);
#9821=AXIS2_PLACEMENT_3D('',#15106,#12402,#12403);
#9822=AXIS2_PLACEMENT_3D('',#15110,#12405,#12406);
#9823=AXIS2_PLACEMENT_3D('',#15114,#12408,#12409);
#9824=AXIS2_PLACEMENT_3D('',#15117,#12411,#12412);
#9825=AXIS2_PLACEMENT_3D('',#15118,#12413,#12414);
#9826=AXIS2_PLACEMENT_3D('',#15119,#12415,#12416);
#9827=AXIS2_PLACEMENT_3D('',#15122,#12417,#12418);
#9828=AXIS2_PLACEMENT_3D('',#15139,#12419,#12420);
#9829=AXIS2_PLACEMENT_3D('',#15164,#12421,#12422);
#9830=AXIS2_PLACEMENT_3D('',#15166,#12423,#12424);
#9831=AXIS2_PLACEMENT_3D('',#15167,#12425,#12426);
#9832=AXIS2_PLACEMENT_3D('',#15168,#12427,#12428);
#9833=AXIS2_PLACEMENT_3D('',#15171,#12429,#12430);
#9834=AXIS2_PLACEMENT_3D('',#15183,#12433,#12434);
#9835=AXIS2_PLACEMENT_3D('',#15184,#12435,#12436);
#9836=AXIS2_PLACEMENT_3D('',#15185,#12437,#12438);
#9837=AXIS2_PLACEMENT_3D('',#15189,#12440,#12441);
#9838=AXIS2_PLACEMENT_3D('',#15191,#12442,#12443);
#9839=AXIS2_PLACEMENT_3D('',#15193,#12445,#12446);
#9840=AXIS2_PLACEMENT_3D('',#15197,#12448,#12449);
#9841=AXIS2_PLACEMENT_3D('',#15201,#12451,#12452);
#9842=AXIS2_PLACEMENT_3D('',#15204,#12454,#12455);
#9843=AXIS2_PLACEMENT_3D('',#15205,#12456,#12457);
#9844=AXIS2_PLACEMENT_3D('',#15206,#12458,#12459);
#9845=AXIS2_PLACEMENT_3D('',#15210,#12462,#12463);
#9846=AXIS2_PLACEMENT_3D('',#15212,#12464,#12465);
#9847=AXIS2_PLACEMENT_3D('',#15213,#12466,#12467);
#9848=AXIS2_PLACEMENT_3D('',#15214,#12468,#12469);
#9849=AXIS2_PLACEMENT_3D('',#15216,#12471,#12472);
#9850=AXIS2_PLACEMENT_3D('',#15218,#12474,#12475);
#9851=AXIS2_PLACEMENT_3D('',#15220,#12477,#12478);
#9852=AXIS2_PLACEMENT_3D('',#15224,#12481,#12482);
#9853=AXIS2_PLACEMENT_3D('',#15226,#12483,#12484);
#9854=AXIS2_PLACEMENT_3D('',#15227,#12485,#12486);
#9855=AXIS2_PLACEMENT_3D('',#15228,#12487,#12488);
#9856=AXIS2_PLACEMENT_3D('',#15230,#12490,#12491);
#9857=AXIS2_PLACEMENT_3D('',#15232,#12493,#12494);
#9858=AXIS2_PLACEMENT_3D('',#15234,#12496,#12497);
#9859=AXIS2_PLACEMENT_3D('',#15236,#12499,#12500);
#9860=AXIS2_PLACEMENT_3D('',#15238,#12502,#12503);
#9861=AXIS2_PLACEMENT_3D('',#15240,#12504,#12505);
#9862=AXIS2_PLACEMENT_3D('',#15242,#12507,#12508);
#9863=DIRECTION('axis',(0.,0.,1.));
#9864=DIRECTION('refdir',(1.,0.,0.));
#9865=DIRECTION('center_axis',(3.55271367880094E-15,-1.,0.));
#9866=DIRECTION('ref_axis',(1.,3.55271367880094E-15,0.));
#9867=DIRECTION('',(1.,3.55271367880094E-15,0.));
#9868=DIRECTION('',(0.,0.,1.));
#9869=DIRECTION('',(1.,3.55271367880094E-15,0.));
#9870=DIRECTION('',(0.,0.,1.));
#9871=DIRECTION('center_axis',(0.,0.,1.));
#9872=DIRECTION('ref_axis',(0.,-1.,0.));
#9873=DIRECTION('center_axis',(0.,0.,1.));
#9874=DIRECTION('ref_axis',(0.,-1.,0.));
#9875=DIRECTION('',(0.,0.,1.));
#9876=DIRECTION('center_axis',(0.,0.,1.));
#9877=DIRECTION('ref_axis',(0.,-1.,0.));
#9878=DIRECTION('center_axis',(-1.,8.88178419700029E-16,0.));
#9879=DIRECTION('ref_axis',(-8.88178419700029E-16,-1.,0.));
#9880=DIRECTION('',(-8.88178419700029E-16,-1.,0.));
#9881=DIRECTION('',(0.,0.,1.));
#9882=DIRECTION('',(-8.88178419700029E-16,-1.,0.));
#9883=DIRECTION('center_axis',(0.,0.,1.));
#9884=DIRECTION('ref_axis',(-1.,0.,0.));
#9885=DIRECTION('center_axis',(0.,0.,1.));
#9886=DIRECTION('ref_axis',(-1.,0.,0.));
#9887=DIRECTION('',(0.,0.,1.));
#9888=DIRECTION('center_axis',(0.,0.,1.));
#9889=DIRECTION('ref_axis',(-1.,0.,0.));
#9890=DIRECTION('center_axis',(0.,1.,0.));
#9891=DIRECTION('ref_axis',(-1.,0.,0.));
#9892=DIRECTION('',(-1.,0.,0.));
#9893=DIRECTION('',(0.,0.,1.));
#9894=DIRECTION('',(-1.,0.,0.));
#9895=DIRECTION('center_axis',(0.,0.,1.));
#9896=DIRECTION('ref_axis',(-3.5527136788005E-15,1.,0.));
#9897=DIRECTION('center_axis',(0.,0.,1.));
#9898=DIRECTION('ref_axis',(-3.5527136788005E-15,1.,0.));
#9899=DIRECTION('',(0.,0.,1.));
#9900=DIRECTION('center_axis',(0.,0.,1.));
#9901=DIRECTION('ref_axis',(-3.5527136788005E-15,1.,0.));
#9902=DIRECTION('center_axis',(1.,-3.55271367880002E-15,0.));
#9903=DIRECTION('ref_axis',(3.55271367880002E-15,1.,0.));
#9904=DIRECTION('',(3.55271367880002E-15,1.,0.));
#9905=DIRECTION('',(0.,0.,1.));
#9906=DIRECTION('',(3.55271367880002E-15,1.,0.));
#9907=DIRECTION('center_axis',(0.,0.,1.));
#9908=DIRECTION('ref_axis',(1.,0.,0.));
#9909=DIRECTION('center_axis',(0.,0.,1.));
#9910=DIRECTION('ref_axis',(1.,0.,0.));
#9911=DIRECTION('center_axis',(0.,0.,1.));
#9912=DIRECTION('ref_axis',(1.,0.,0.));
#9913=DIRECTION('center_axis',(0.,0.,-1.));
#9914=DIRECTION('ref_axis',(1.,0.,0.));
#9915=DIRECTION('center_axis',(0.,0.,1.));
#9916=DIRECTION('ref_axis',(-1.,0.,0.));
#9917=DIRECTION('center_axis',(0.,0.,-1.));
#9918=DIRECTION('ref_axis',(-1.,0.,0.));
#9919=DIRECTION('',(0.,0.,1.));
#9920=DIRECTION('center_axis',(0.,0.,1.));
#9921=DIRECTION('ref_axis',(-1.,0.,0.));
#9922=DIRECTION('',(0.,0.,1.));
#9923=DIRECTION('center_axis',(0.,1.,0.));
#9924=DIRECTION('ref_axis',(-1.,0.,0.));
#9925=DIRECTION('',(1.,0.,0.));
#9926=DIRECTION('',(-1.,0.,0.));
#9927=DIRECTION('',(0.,0.,1.));
#9928=DIRECTION('center_axis',(0.,0.,1.));
#9929=DIRECTION('ref_axis',(-3.5527136788005E-15,1.,0.));
#9930=DIRECTION('center_axis',(0.,0.,-1.));
#9931=DIRECTION('ref_axis',(-3.5527136788005E-15,1.,0.));
#9932=DIRECTION('center_axis',(0.,0.,1.));
#9933=DIRECTION('ref_axis',(-3.5527136788005E-15,1.,0.));
#9934=DIRECTION('',(0.,0.,1.));
#9935=DIRECTION('center_axis',(1.,-3.55271367880002E-15,0.));
#9936=DIRECTION('ref_axis',(3.55271367880002E-15,1.,0.));
#9937=DIRECTION('',(-3.55271367880002E-15,-1.,0.));
#9938=DIRECTION('',(3.55271367880002E-15,1.,0.));
#9939=DIRECTION('',(0.,0.,1.));
#9940=DIRECTION('',(-1.3595646648136E-15,-0.38268343236509,0.923879532511287));
#9941=DIRECTION('center_axis',(3.55271367880094E-15,-1.,0.));
#9942=DIRECTION('ref_axis',(1.,3.55271367880094E-15,0.));
#9943=DIRECTION('',(1.,3.55271367880094E-15,0.));
#9944=DIRECTION('',(0.,0.,1.));
#9945=DIRECTION('',(1.,3.55271367880094E-15,0.));
#9946=DIRECTION('',(0.,0.,1.));
#9947=DIRECTION('center_axis',(0.,0.,1.));
#9948=DIRECTION('ref_axis',(0.,-1.,0.));
#9949=DIRECTION('center_axis',(0.,-0.923879532511287,-0.38268343236509));
#9950=DIRECTION('ref_axis',(0.,-0.38268343236509,0.923879532511287));
#9951=DIRECTION('center_axis',(0.,0.,1.));
#9952=DIRECTION('ref_axis',(0.,-1.,0.));
#9953=DIRECTION('center_axis',(0.,0.,1.));
#9954=DIRECTION('ref_axis',(0.,-1.,0.));
#9955=DIRECTION('',(0.,0.,1.));
#9956=DIRECTION('center_axis',(-1.,8.88178419700029E-16,0.));
#9957=DIRECTION('ref_axis',(-8.88178419700029E-16,-1.,0.));
#9958=DIRECTION('',(8.88178419700029E-16,1.,0.));
#9959=DIRECTION('',(3.39891166203408E-16,0.38268343236509,-0.923879532511287));
#9960=DIRECTION('',(-8.88178419700029E-16,-1.,0.));
#9961=DIRECTION('center_axis',(0.,0.,1.));
#9962=DIRECTION('ref_axis',(1.,0.,0.));
#9963=DIRECTION('center_axis',(0.,-0.923879532511287,-0.38268343236509));
#9964=DIRECTION('ref_axis',(0.,0.38268343236509,-0.923879532511287));
#9965=DIRECTION('center_axis',(0.,0.,1.));
#9966=DIRECTION('ref_axis',(1.,0.,0.));
#9967=DIRECTION('center_axis',(0.,0.,1.));
#9968=DIRECTION('ref_axis',(1.,0.,0.));
#9969=DIRECTION('center_axis',(0.,0.,-1.));
#9970=DIRECTION('ref_axis',(1.,0.,0.));
#9971=DIRECTION('',(-1.,0.,0.));
#9972=DIRECTION('center_axis',(0.,1.,0.));
#9973=DIRECTION('ref_axis',(-1.,0.,0.));
#9974=DIRECTION('',(1.,0.,0.));
#9975=DIRECTION('',(0.,0.,1.));
#9976=DIRECTION('',(-1.,0.,0.));
#9977=DIRECTION('',(0.,0.,1.));
#9978=DIRECTION('center_axis',(0.,0.,1.));
#9979=DIRECTION('ref_axis',(-3.5527136788005E-15,1.,0.));
#9980=DIRECTION('center_axis',(0.,0.,-1.));
#9981=DIRECTION('ref_axis',(-3.5527136788005E-15,1.,0.));
#9982=DIRECTION('center_axis',(0.,0.,1.));
#9983=DIRECTION('ref_axis',(-3.5527136788005E-15,1.,0.));
#9984=DIRECTION('',(0.,0.,1.));
#9985=DIRECTION('center_axis',(1.,-3.55271367880002E-15,0.));
#9986=DIRECTION('ref_axis',(3.55271367880002E-15,1.,0.));
#9987=DIRECTION('',(-3.55271367880002E-15,-1.,0.));
#9988=DIRECTION('',(3.55271367880002E-15,1.,0.));
#9989=DIRECTION('',(0.,0.,1.));
#9990=DIRECTION('center_axis',(0.,0.,1.));
#9991=DIRECTION('ref_axis',(1.,0.,0.));
#9992=DIRECTION('center_axis',(0.,0.,-1.));
#9993=DIRECTION('ref_axis',(1.,0.,0.));
#9994=DIRECTION('center_axis',(0.,0.,1.));
#9995=DIRECTION('ref_axis',(1.,0.,0.));
#9996=DIRECTION('',(0.,0.,1.));
#9997=DIRECTION('center_axis',(3.55271367880094E-15,-1.,0.));
#9998=DIRECTION('ref_axis',(1.,3.55271367880094E-15,0.));
#9999=DIRECTION('',(-1.,-3.55271367880094E-15,0.));
#10000=DIRECTION('',(1.,3.55271367880094E-15,0.));
#10001=DIRECTION('',(0.,0.,1.));
#10002=DIRECTION('center_axis',(0.,0.,1.));
#10003=DIRECTION('ref_axis',(0.,-1.,0.));
#10004=DIRECTION('center_axis',(0.,0.,-1.));
#10005=DIRECTION('ref_axis',(0.,-1.,0.));
#10006=DIRECTION('center_axis',(0.,0.,1.));
#10007=DIRECTION('ref_axis',(0.,-1.,0.));
#10008=DIRECTION('',(0.,0.,1.));
#10009=DIRECTION('center_axis',(-1.,8.88178419700029E-16,0.));
#10010=DIRECTION('ref_axis',(-8.88178419700029E-16,-1.,0.));
#10011=DIRECTION('',(8.88178419700029E-16,1.,0.));
#10012=DIRECTION('',(-8.88178419700029E-16,-1.,0.));
#10013=DIRECTION('',(0.,0.,1.));
#10014=DIRECTION('center_axis',(0.,0.,1.));
#10015=DIRECTION('ref_axis',(-1.,0.,0.));
#10016=DIRECTION('center_axis',(0.,0.,-1.));
#10017=DIRECTION('ref_axis',(-1.,0.,0.));
#10018=DIRECTION('center_axis',(0.,0.,1.));
#10019=DIRECTION('ref_axis',(-1.,0.,0.));
#10020=DIRECTION('center_axis',(0.,1.,0.));
#10021=DIRECTION('ref_axis',(-1.,0.,0.));
#10022=DIRECTION('',(1.,0.,0.));
#10023=DIRECTION('',(0.,0.,1.));
#10024=DIRECTION('',(-1.,0.,0.));
#10025=DIRECTION('',(0.,0.,1.));
#10026=DIRECTION('center_axis',(0.,0.,1.));
#10027=DIRECTION('ref_axis',(-3.5527136788005E-15,1.,0.));
#10028=DIRECTION('center_axis',(0.,0.,-1.));
#10029=DIRECTION('ref_axis',(-3.5527136788005E-15,1.,0.));
#10030=DIRECTION('center_axis',(0.,0.,1.));
#10031=DIRECTION('ref_axis',(-3.5527136788005E-15,1.,0.));
#10032=DIRECTION('',(0.,0.,1.));
#10033=DIRECTION('center_axis',(1.,-3.55271367880002E-15,0.));
#10034=DIRECTION('ref_axis',(3.55271367880002E-15,1.,0.));
#10035=DIRECTION('',(-3.55271367880002E-15,-1.,0.));
#10036=DIRECTION('',(3.55271367880002E-15,1.,0.));
#10037=DIRECTION('',(0.,0.,1.));
#10038=DIRECTION('center_axis',(0.,0.,1.));
#10039=DIRECTION('ref_axis',(1.,0.,0.));
#10040=DIRECTION('center_axis',(0.,0.,-1.));
#10041=DIRECTION('ref_axis',(1.,0.,0.));
#10042=DIRECTION('center_axis',(0.,0.,1.));
#10043=DIRECTION('ref_axis',(1.,0.,0.));
#10044=DIRECTION('',(0.,0.,1.));
#10045=DIRECTION('center_axis',(3.55271367880094E-15,-1.,0.));
#10046=DIRECTION('ref_axis',(1.,3.55271367880094E-15,0.));
#10047=DIRECTION('',(-1.,-3.55271367880094E-15,0.));
#10048=DIRECTION('',(1.,3.55271367880094E-15,0.));
#10049=DIRECTION('',(0.,0.,1.));
#10050=DIRECTION('center_axis',(0.,0.,1.));
#10051=DIRECTION('ref_axis',(0.,-1.,0.));
#10052=DIRECTION('center_axis',(0.,0.,-1.));
#10053=DIRECTION('ref_axis',(0.,-1.,0.));
#10054=DIRECTION('center_axis',(0.,0.,1.));
#10055=DIRECTION('ref_axis',(0.,-1.,0.));
#10056=DIRECTION('',(0.,0.,1.));
#10057=DIRECTION('center_axis',(-1.,1.77635683940006E-15,0.));
#10058=DIRECTION('ref_axis',(-1.77635683940006E-15,-1.,0.));
#10059=DIRECTION('',(1.77635683940006E-15,1.,0.));
#10060=DIRECTION('',(-1.77635683940006E-15,-1.,0.));
#10061=DIRECTION('',(0.,0.,1.));
#10062=DIRECTION('center_axis',(0.,0.,1.));
#10063=DIRECTION('ref_axis',(-1.,0.,0.));
#10064=DIRECTION('center_axis',(0.,0.,-1.));
#10065=DIRECTION('ref_axis',(-1.,0.,0.));
#10066=DIRECTION('center_axis',(0.,0.,1.));
#10067=DIRECTION('ref_axis',(-1.,0.,0.));
#10068=DIRECTION('center_axis',(0.,1.,0.));
#10069=DIRECTION('ref_axis',(-1.,0.,0.));
#10070=DIRECTION('',(1.,0.,0.));
#10071=DIRECTION('',(0.,0.,1.));
#10072=DIRECTION('',(-1.,0.,0.));
#10073=DIRECTION('',(0.,0.,1.));
#10074=DIRECTION('center_axis',(0.,0.,1.));
#10075=DIRECTION('ref_axis',(-3.5527136788005E-15,1.,0.));
#10076=DIRECTION('center_axis',(0.,0.,-1.));
#10077=DIRECTION('ref_axis',(-3.5527136788005E-15,1.,0.));
#10078=DIRECTION('center_axis',(0.,0.,1.));
#10079=DIRECTION('ref_axis',(-3.5527136788005E-15,1.,0.));
#10080=DIRECTION('',(0.,0.,1.));
#10081=DIRECTION('center_axis',(1.,-3.55271367880002E-15,0.));
#10082=DIRECTION('ref_axis',(3.55271367880002E-15,1.,0.));
#10083=DIRECTION('',(-3.55271367880002E-15,-1.,0.));
#10084=DIRECTION('',(3.55271367880002E-15,1.,0.));
#10085=DIRECTION('',(0.,0.,1.));
#10086=DIRECTION('center_axis',(0.,0.,1.));
#10087=DIRECTION('ref_axis',(1.,0.,0.));
#10088=DIRECTION('center_axis',(0.,0.,-1.));
#10089=DIRECTION('ref_axis',(1.,0.,0.));
#10090=DIRECTION('center_axis',(0.,0.,1.));
#10091=DIRECTION('ref_axis',(1.,0.,0.));
#10092=DIRECTION('',(0.,0.,1.));
#10093=DIRECTION('center_axis',(3.55271367880094E-15,-1.,0.));
#10094=DIRECTION('ref_axis',(1.,3.55271367880094E-15,0.));
#10095=DIRECTION('',(-1.,-3.55271367880094E-15,0.));
#10096=DIRECTION('',(1.,3.55271367880094E-15,0.));
#10097=DIRECTION('',(0.,0.,1.));
#10098=DIRECTION('center_axis',(0.,0.,1.));
#10099=DIRECTION('ref_axis',(0.,-1.,0.));
#10100=DIRECTION('center_axis',(0.,0.,-1.));
#10101=DIRECTION('ref_axis',(0.,-1.,0.));
#10102=DIRECTION('center_axis',(0.,0.,1.));
#10103=DIRECTION('ref_axis',(0.,-1.,0.));
#10104=DIRECTION('',(0.,0.,1.));
#10105=DIRECTION('center_axis',(-1.,8.88178419700029E-16,0.));
#10106=DIRECTION('ref_axis',(-8.88178419700029E-16,-1.,0.));
#10107=DIRECTION('',(8.88178419700029E-16,1.,0.));
#10108=DIRECTION('',(-8.88178419700029E-16,-1.,0.));
#10109=DIRECTION('',(0.,0.,1.));
#10110=DIRECTION('center_axis',(0.,0.,1.));
#10111=DIRECTION('ref_axis',(-1.,0.,0.));
#10112=DIRECTION('center_axis',(0.,0.,-1.));
#10113=DIRECTION('ref_axis',(-1.,0.,0.));
#10114=DIRECTION('center_axis',(0.,0.,1.));
#10115=DIRECTION('ref_axis',(-1.,0.,0.));
#10116=DIRECTION('center_axis',(0.,1.,0.));
#10117=DIRECTION('ref_axis',(-1.,0.,0.));
#10118=DIRECTION('',(1.,0.,0.));
#10119=DIRECTION('',(0.,0.,1.));
#10120=DIRECTION('',(-1.,0.,0.));
#10121=DIRECTION('',(0.,0.,1.));
#10122=DIRECTION('center_axis',(0.,0.,1.));
#10123=DIRECTION('ref_axis',(-3.5527136788005E-15,1.,0.));
#10124=DIRECTION('center_axis',(0.,0.,-1.));
#10125=DIRECTION('ref_axis',(-3.5527136788005E-15,1.,0.));
#10126=DIRECTION('center_axis',(0.,0.,1.));
#10127=DIRECTION('ref_axis',(-3.5527136788005E-15,1.,0.));
#10128=DIRECTION('',(0.,0.,1.));
#10129=DIRECTION('center_axis',(1.,-3.55271367880002E-15,0.));
#10130=DIRECTION('ref_axis',(3.55271367880002E-15,1.,0.));
#10131=DIRECTION('',(-3.55271367880002E-15,-1.,0.));
#10132=DIRECTION('',(3.55271367880002E-15,1.,0.));
#10133=DIRECTION('',(0.,0.,1.));
#10134=DIRECTION('center_axis',(0.,0.,1.));
#10135=DIRECTION('ref_axis',(1.,0.,0.));
#10136=DIRECTION('center_axis',(0.,0.,-1.));
#10137=DIRECTION('ref_axis',(1.,0.,0.));
#10138=DIRECTION('center_axis',(0.,0.,1.));
#10139=DIRECTION('ref_axis',(1.,0.,0.));
#10140=DIRECTION('',(0.,0.,1.));
#10141=DIRECTION('center_axis',(3.55271367880094E-15,-1.,0.));
#10142=DIRECTION('ref_axis',(1.,3.55271367880094E-15,0.));
#10143=DIRECTION('',(-1.,-3.55271367880094E-15,0.));
#10144=DIRECTION('',(1.,3.55271367880094E-15,0.));
#10145=DIRECTION('',(0.,0.,1.));
#10146=DIRECTION('center_axis',(0.,0.,1.));
#10147=DIRECTION('ref_axis',(0.,-1.,0.));
#10148=DIRECTION('center_axis',(0.,0.,-1.));
#10149=DIRECTION('ref_axis',(0.,-1.,0.));
#10150=DIRECTION('center_axis',(0.,0.,1.));
#10151=DIRECTION('ref_axis',(0.,-1.,0.));
#10152=DIRECTION('',(0.,0.,1.));
#10153=DIRECTION('center_axis',(-1.,8.88178419700029E-16,0.));
#10154=DIRECTION('ref_axis',(-8.88178419700029E-16,-1.,0.));
#10155=DIRECTION('',(8.88178419700029E-16,1.,0.));
#10156=DIRECTION('',(-8.88178419700029E-16,-1.,0.));
#10157=DIRECTION('',(0.,0.,1.));
#10158=DIRECTION('center_axis',(0.,0.,1.));
#10159=DIRECTION('ref_axis',(-1.,0.,0.));
#10160=DIRECTION('center_axis',(0.,0.,-1.));
#10161=DIRECTION('ref_axis',(-1.,0.,0.));
#10162=DIRECTION('center_axis',(0.,0.,1.));
#10163=DIRECTION('ref_axis',(-1.,0.,0.));
#10164=DIRECTION('center_axis',(0.,1.,0.));
#10165=DIRECTION('ref_axis',(-1.,0.,0.));
#10166=DIRECTION('',(1.,0.,0.));
#10167=DIRECTION('',(0.,0.,1.));
#10168=DIRECTION('',(-1.,0.,0.));
#10169=DIRECTION('',(0.,0.,1.));
#10170=DIRECTION('center_axis',(0.,0.,1.));
#10171=DIRECTION('ref_axis',(-3.5527136788005E-15,1.,0.));
#10172=DIRECTION('center_axis',(0.,0.,-1.));
#10173=DIRECTION('ref_axis',(-3.5527136788005E-15,1.,0.));
#10174=DIRECTION('center_axis',(0.,0.,1.));
#10175=DIRECTION('ref_axis',(-3.5527136788005E-15,1.,0.));
#10176=DIRECTION('',(0.,0.,1.));
#10177=DIRECTION('center_axis',(1.,-3.55271367880002E-15,0.));
#10178=DIRECTION('ref_axis',(3.55271367880002E-15,1.,0.));
#10179=DIRECTION('',(-3.55271367880002E-15,-1.,0.));
#10180=DIRECTION('',(3.55271367880002E-15,1.,0.));
#10181=DIRECTION('',(0.,0.,1.));
#10182=DIRECTION('center_axis',(0.,0.,1.));
#10183=DIRECTION('ref_axis',(1.,0.,0.));
#10184=DIRECTION('center_axis',(0.,0.,-1.));
#10185=DIRECTION('ref_axis',(1.,0.,0.));
#10186=DIRECTION('center_axis',(0.,0.,1.));
#10187=DIRECTION('ref_axis',(1.,0.,0.));
#10188=DIRECTION('',(0.,0.,1.));
#10189=DIRECTION('center_axis',(3.55271367880094E-15,-1.,0.));
#10190=DIRECTION('ref_axis',(1.,3.55271367880094E-15,0.));
#10191=DIRECTION('',(-1.,-3.55271367880094E-15,0.));
#10192=DIRECTION('',(1.,3.55271367880094E-15,0.));
#10193=DIRECTION('',(0.,0.,1.));
#10194=DIRECTION('center_axis',(0.,0.,1.));
#10195=DIRECTION('ref_axis',(0.,-1.,0.));
#10196=DIRECTION('center_axis',(0.,0.,-1.));
#10197=DIRECTION('ref_axis',(0.,-1.,0.));
#10198=DIRECTION('center_axis',(0.,0.,1.));
#10199=DIRECTION('ref_axis',(0.,-1.,0.));
#10200=DIRECTION('',(0.,0.,1.));
#10201=DIRECTION('center_axis',(-1.,8.88178419700029E-16,0.));
#10202=DIRECTION('ref_axis',(-8.88178419700029E-16,-1.,0.));
#10203=DIRECTION('',(8.88178419700029E-16,1.,0.));
#10204=DIRECTION('',(-8.88178419700029E-16,-1.,0.));
#10205=DIRECTION('',(0.,0.,1.));
#10206=DIRECTION('center_axis',(0.,0.,1.));
#10207=DIRECTION('ref_axis',(-1.,0.,0.));
#10208=DIRECTION('center_axis',(0.,0.,-1.));
#10209=DIRECTION('ref_axis',(-1.,0.,0.));
#10210=DIRECTION('center_axis',(0.,0.,1.));
#10211=DIRECTION('ref_axis',(-1.,0.,0.));
#10212=DIRECTION('center_axis',(0.,1.,0.));
#10213=DIRECTION('ref_axis',(-1.,0.,0.));
#10214=DIRECTION('',(1.,0.,0.));
#10215=DIRECTION('',(0.,0.,1.));
#10216=DIRECTION('',(-1.,0.,0.));
#10217=DIRECTION('',(0.,0.,1.));
#10218=DIRECTION('center_axis',(0.,0.,1.));
#10219=DIRECTION('ref_axis',(-3.5527136788005E-15,1.,0.));
#10220=DIRECTION('center_axis',(0.,0.,-1.));
#10221=DIRECTION('ref_axis',(-3.5527136788005E-15,1.,0.));
#10222=DIRECTION('center_axis',(0.,0.,1.));
#10223=DIRECTION('ref_axis',(-3.5527136788005E-15,1.,0.));
#10224=DIRECTION('',(0.,0.,1.));
#10225=DIRECTION('center_axis',(1.,-3.55271367880002E-15,0.));
#10226=DIRECTION('ref_axis',(3.55271367880002E-15,1.,0.));
#10227=DIRECTION('',(-3.55271367880002E-15,-1.,0.));
#10228=DIRECTION('',(3.55271367880002E-15,1.,0.));
#10229=DIRECTION('',(0.,0.,1.));
#10230=DIRECTION('center_axis',(0.,0.,1.));
#10231=DIRECTION('ref_axis',(1.,0.,0.));
#10232=DIRECTION('center_axis',(0.,0.,-1.));
#10233=DIRECTION('ref_axis',(1.,0.,0.));
#10234=DIRECTION('center_axis',(0.,0.,1.));
#10235=DIRECTION('ref_axis',(1.,0.,0.));
#10236=DIRECTION('',(0.,0.,1.));
#10237=DIRECTION('center_axis',(3.55271367880094E-15,-1.,0.));
#10238=DIRECTION('ref_axis',(1.,3.55271367880094E-15,0.));
#10239=DIRECTION('',(-1.,-3.55271367880094E-15,0.));
#10240=DIRECTION('',(1.,3.55271367880094E-15,0.));
#10241=DIRECTION('',(0.,0.,1.));
#10242=DIRECTION('center_axis',(0.,0.,1.));
#10243=DIRECTION('ref_axis',(0.,-1.,0.));
#10244=DIRECTION('center_axis',(0.,0.,-1.));
#10245=DIRECTION('ref_axis',(0.,-1.,0.));
#10246=DIRECTION('center_axis',(0.,0.,1.));
#10247=DIRECTION('ref_axis',(0.,-1.,0.));
#10248=DIRECTION('',(0.,0.,1.));
#10249=DIRECTION('center_axis',(-1.,8.88178419700029E-16,0.));
#10250=DIRECTION('ref_axis',(-8.88178419700029E-16,-1.,0.));
#10251=DIRECTION('',(8.88178419700029E-16,1.,0.));
#10252=DIRECTION('',(-8.88178419700029E-16,-1.,0.));
#10253=DIRECTION('',(0.,0.,1.));
#10254=DIRECTION('center_axis',(0.,0.,1.));
#10255=DIRECTION('ref_axis',(-1.,0.,0.));
#10256=DIRECTION('center_axis',(0.,0.,-1.));
#10257=DIRECTION('ref_axis',(-1.,0.,0.));
#10258=DIRECTION('center_axis',(0.,0.,1.));
#10259=DIRECTION('ref_axis',(-1.,0.,0.));
#10260=DIRECTION('center_axis',(0.,1.,0.));
#10261=DIRECTION('ref_axis',(-1.,0.,0.));
#10262=DIRECTION('',(1.,0.,0.));
#10263=DIRECTION('',(0.,0.,1.));
#10264=DIRECTION('',(-1.,0.,0.));
#10265=DIRECTION('',(0.,0.,1.));
#10266=DIRECTION('center_axis',(0.,0.,1.));
#10267=DIRECTION('ref_axis',(-3.5527136788005E-15,1.,0.));
#10268=DIRECTION('center_axis',(0.,0.,-1.));
#10269=DIRECTION('ref_axis',(-3.5527136788005E-15,1.,0.));
#10270=DIRECTION('center_axis',(0.,0.,1.));
#10271=DIRECTION('ref_axis',(-3.5527136788005E-15,1.,0.));
#10272=DIRECTION('',(0.,0.,1.));
#10273=DIRECTION('center_axis',(1.,-3.55271367880002E-15,0.));
#10274=DIRECTION('ref_axis',(3.55271367880002E-15,1.,0.));
#10275=DIRECTION('',(-3.55271367880002E-15,-1.,0.));
#10276=DIRECTION('',(3.55271367880002E-15,1.,0.));
#10277=DIRECTION('',(0.,0.,1.));
#10278=DIRECTION('center_axis',(0.,0.,1.));
#10279=DIRECTION('ref_axis',(1.,0.,0.));
#10280=DIRECTION('center_axis',(0.,0.,-1.));
#10281=DIRECTION('ref_axis',(1.,0.,0.));
#10282=DIRECTION('center_axis',(0.,0.,1.));
#10283=DIRECTION('ref_axis',(1.,0.,0.));
#10284=DIRECTION('',(0.,0.,1.));
#10285=DIRECTION('center_axis',(3.55271367880094E-15,-1.,0.));
#10286=DIRECTION('ref_axis',(1.,3.55271367880094E-15,0.));
#10287=DIRECTION('',(-1.,-3.55271367880094E-15,0.));
#10288=DIRECTION('',(1.,3.55271367880094E-15,0.));
#10289=DIRECTION('',(0.,0.,1.));
#10290=DIRECTION('center_axis',(0.,0.,1.));
#10291=DIRECTION('ref_axis',(0.,-1.,0.));
#10292=DIRECTION('center_axis',(0.,0.,-1.));
#10293=DIRECTION('ref_axis',(0.,-1.,0.));
#10294=DIRECTION('center_axis',(0.,0.,1.));
#10295=DIRECTION('ref_axis',(0.,-1.,0.));
#10296=DIRECTION('',(0.,0.,1.));
#10297=DIRECTION('center_axis',(-1.,1.77635683940006E-15,0.));
#10298=DIRECTION('ref_axis',(-1.77635683940006E-15,-1.,0.));
#10299=DIRECTION('',(1.77635683940006E-15,1.,0.));
#10300=DIRECTION('',(-1.77635683940006E-15,-1.,0.));
#10301=DIRECTION('',(0.,0.,1.));
#10302=DIRECTION('center_axis',(0.,0.,1.));
#10303=DIRECTION('ref_axis',(-1.,0.,0.));
#10304=DIRECTION('center_axis',(0.,0.,-1.));
#10305=DIRECTION('ref_axis',(-1.,0.,0.));
#10306=DIRECTION('center_axis',(0.,0.,1.));
#10307=DIRECTION('ref_axis',(-1.,0.,0.));
#10308=DIRECTION('center_axis',(0.,1.,0.));
#10309=DIRECTION('ref_axis',(-1.,0.,0.));
#10310=DIRECTION('',(1.,0.,0.));
#10311=DIRECTION('',(0.,0.,1.));
#10312=DIRECTION('',(-1.,0.,0.));
#10313=DIRECTION('',(0.,0.,1.));
#10314=DIRECTION('center_axis',(0.,0.,1.));
#10315=DIRECTION('ref_axis',(-3.5527136788005E-15,1.,0.));
#10316=DIRECTION('center_axis',(0.,0.,-1.));
#10317=DIRECTION('ref_axis',(-3.5527136788005E-15,1.,0.));
#10318=DIRECTION('center_axis',(0.,0.,1.));
#10319=DIRECTION('ref_axis',(-3.5527136788005E-15,1.,0.));
#10320=DIRECTION('',(0.,0.,1.));
#10321=DIRECTION('center_axis',(1.,-3.55271367880002E-15,0.));
#10322=DIRECTION('ref_axis',(3.55271367880002E-15,1.,0.));
#10323=DIRECTION('',(-3.55271367880002E-15,-1.,0.));
#10324=DIRECTION('',(3.55271367880002E-15,1.,0.));
#10325=DIRECTION('',(0.,0.,1.));
#10326=DIRECTION('center_axis',(0.,0.,1.));
#10327=DIRECTION('ref_axis',(1.,0.,0.));
#10328=DIRECTION('center_axis',(0.,0.,-1.));
#10329=DIRECTION('ref_axis',(1.,0.,0.));
#10330=DIRECTION('center_axis',(0.,0.,1.));
#10331=DIRECTION('ref_axis',(1.,0.,0.));
#10332=DIRECTION('',(0.,0.,1.));
#10333=DIRECTION('center_axis',(3.55271367880094E-15,-1.,0.));
#10334=DIRECTION('ref_axis',(1.,3.55271367880094E-15,0.));
#10335=DIRECTION('',(-1.,-3.55271367880094E-15,0.));
#10336=DIRECTION('',(1.,3.55271367880094E-15,0.));
#10337=DIRECTION('',(0.,0.,1.));
#10338=DIRECTION('center_axis',(0.,0.,1.));
#10339=DIRECTION('ref_axis',(0.,-1.,0.));
#10340=DIRECTION('center_axis',(0.,0.,-1.));
#10341=DIRECTION('ref_axis',(0.,-1.,0.));
#10342=DIRECTION('center_axis',(0.,0.,1.));
#10343=DIRECTION('ref_axis',(0.,-1.,0.));
#10344=DIRECTION('',(0.,0.,1.));
#10345=DIRECTION('center_axis',(-1.,8.88178419700029E-16,0.));
#10346=DIRECTION('ref_axis',(-8.88178419700029E-16,-1.,0.));
#10347=DIRECTION('',(8.88178419700029E-16,1.,0.));
#10348=DIRECTION('',(-8.88178419700029E-16,-1.,0.));
#10349=DIRECTION('',(0.,0.,1.));
#10350=DIRECTION('center_axis',(0.,0.,1.));
#10351=DIRECTION('ref_axis',(-1.,0.,0.));
#10352=DIRECTION('center_axis',(0.,0.,-1.));
#10353=DIRECTION('ref_axis',(-1.,0.,0.));
#10354=DIRECTION('center_axis',(0.,0.,1.));
#10355=DIRECTION('ref_axis',(-1.,0.,0.));
#10356=DIRECTION('center_axis',(0.,1.,0.));
#10357=DIRECTION('ref_axis',(-1.,0.,0.));
#10358=DIRECTION('',(1.,0.,0.));
#10359=DIRECTION('',(0.,0.,1.));
#10360=DIRECTION('',(-1.,0.,0.));
#10361=DIRECTION('',(0.,0.,1.));
#10362=DIRECTION('center_axis',(0.,0.,1.));
#10363=DIRECTION('ref_axis',(-3.5527136788005E-15,1.,0.));
#10364=DIRECTION('center_axis',(0.,0.,-1.));
#10365=DIRECTION('ref_axis',(-3.5527136788005E-15,1.,0.));
#10366=DIRECTION('center_axis',(0.,0.,1.));
#10367=DIRECTION('ref_axis',(-3.5527136788005E-15,1.,0.));
#10368=DIRECTION('',(0.,0.,1.));
#10369=DIRECTION('center_axis',(1.,-3.55271367880002E-15,0.));
#10370=DIRECTION('ref_axis',(3.55271367880002E-15,1.,0.));
#10371=DIRECTION('',(-3.55271367880002E-15,-1.,0.));
#10372=DIRECTION('',(3.55271367880002E-15,1.,0.));
#10373=DIRECTION('',(0.,0.,1.));
#10374=DIRECTION('center_axis',(0.,0.,1.));
#10375=DIRECTION('ref_axis',(1.,0.,0.));
#10376=DIRECTION('center_axis',(0.,0.,-1.));
#10377=DIRECTION('ref_axis',(1.,0.,0.));
#10378=DIRECTION('center_axis',(0.,0.,1.));
#10379=DIRECTION('ref_axis',(1.,0.,0.));
#10380=DIRECTION('',(0.,0.,1.));
#10381=DIRECTION('center_axis',(3.55271367880094E-15,-1.,0.));
#10382=DIRECTION('ref_axis',(1.,3.55271367880094E-15,0.));
#10383=DIRECTION('',(-1.,-3.55271367880094E-15,0.));
#10384=DIRECTION('',(1.,3.55271367880094E-15,0.));
#10385=DIRECTION('',(0.,0.,1.));
#10386=DIRECTION('center_axis',(0.,0.,1.));
#10387=DIRECTION('ref_axis',(0.,-1.,0.));
#10388=DIRECTION('center_axis',(0.,0.,-1.));
#10389=DIRECTION('ref_axis',(0.,-1.,0.));
#10390=DIRECTION('center_axis',(0.,0.,1.));
#10391=DIRECTION('ref_axis',(0.,-1.,0.));
#10392=DIRECTION('',(0.,0.,1.));
#10393=DIRECTION('center_axis',(-1.,8.88178419700029E-16,0.));
#10394=DIRECTION('ref_axis',(-8.88178419700029E-16,-1.,0.));
#10395=DIRECTION('',(8.88178419700029E-16,1.,0.));
#10396=DIRECTION('',(-8.88178419700029E-16,-1.,0.));
#10397=DIRECTION('',(0.,0.,1.));
#10398=DIRECTION('center_axis',(0.,0.,1.));
#10399=DIRECTION('ref_axis',(-1.,0.,0.));
#10400=DIRECTION('center_axis',(0.,0.,-1.));
#10401=DIRECTION('ref_axis',(-1.,0.,0.));
#10402=DIRECTION('center_axis',(0.,0.,1.));
#10403=DIRECTION('ref_axis',(-1.,0.,0.));
#10404=DIRECTION('center_axis',(0.,1.,0.));
#10405=DIRECTION('ref_axis',(-1.,0.,0.));
#10406=DIRECTION('',(1.,0.,0.));
#10407=DIRECTION('',(0.,0.,1.));
#10408=DIRECTION('',(-1.,0.,0.));
#10409=DIRECTION('',(0.,0.,1.));
#10410=DIRECTION('center_axis',(0.,0.,1.));
#10411=DIRECTION('ref_axis',(-3.5527136788005E-15,1.,0.));
#10412=DIRECTION('center_axis',(0.,0.,-1.));
#10413=DIRECTION('ref_axis',(-3.5527136788005E-15,1.,0.));
#10414=DIRECTION('center_axis',(0.,0.,1.));
#10415=DIRECTION('ref_axis',(-3.5527136788005E-15,1.,0.));
#10416=DIRECTION('',(0.,0.,1.));
#10417=DIRECTION('center_axis',(1.,-3.55271367880002E-15,0.));
#10418=DIRECTION('ref_axis',(3.55271367880002E-15,1.,0.));
#10419=DIRECTION('',(-3.55271367880002E-15,-1.,0.));
#10420=DIRECTION('',(3.55271367880002E-15,1.,0.));
#10421=DIRECTION('',(0.,0.,1.));
#10422=DIRECTION('center_axis',(0.,0.,1.));
#10423=DIRECTION('ref_axis',(1.,0.,0.));
#10424=DIRECTION('center_axis',(0.,0.,-1.));
#10425=DIRECTION('ref_axis',(1.,0.,0.));
#10426=DIRECTION('center_axis',(0.,0.,1.));
#10427=DIRECTION('ref_axis',(1.,0.,0.));
#10428=DIRECTION('',(0.,0.,1.));
#10429=DIRECTION('center_axis',(3.55271367880094E-15,-1.,0.));
#10430=DIRECTION('ref_axis',(1.,3.55271367880094E-15,0.));
#10431=DIRECTION('',(-1.,-3.55271367880094E-15,0.));
#10432=DIRECTION('',(1.,3.55271367880094E-15,0.));
#10433=DIRECTION('',(0.,0.,1.));
#10434=DIRECTION('center_axis',(0.,0.,1.));
#10435=DIRECTION('ref_axis',(0.,-1.,0.));
#10436=DIRECTION('center_axis',(0.,0.,-1.));
#10437=DIRECTION('ref_axis',(0.,-1.,0.));
#10438=DIRECTION('center_axis',(0.,0.,1.));
#10439=DIRECTION('ref_axis',(0.,-1.,0.));
#10440=DIRECTION('',(0.,0.,1.));
#10441=DIRECTION('center_axis',(-1.,8.88178419700029E-16,0.));
#10442=DIRECTION('ref_axis',(-8.88178419700029E-16,-1.,0.));
#10443=DIRECTION('',(8.88178419700029E-16,1.,0.));
#10444=DIRECTION('',(-8.88178419700029E-16,-1.,0.));
#10445=DIRECTION('',(0.,0.,1.));
#10446=DIRECTION('center_axis',(0.,0.,1.));
#10447=DIRECTION('ref_axis',(-1.,0.,0.));
#10448=DIRECTION('center_axis',(0.,0.,-1.));
#10449=DIRECTION('ref_axis',(-1.,0.,0.));
#10450=DIRECTION('center_axis',(0.,0.,1.));
#10451=DIRECTION('ref_axis',(-1.,0.,0.));
#10452=DIRECTION('center_axis',(0.,1.,0.));
#10453=DIRECTION('ref_axis',(-1.,0.,0.));
#10454=DIRECTION('',(1.,0.,0.));
#10455=DIRECTION('',(0.,0.,1.));
#10456=DIRECTION('',(-1.,0.,0.));
#10457=DIRECTION('',(0.,0.,1.));
#10458=DIRECTION('center_axis',(0.,0.,1.));
#10459=DIRECTION('ref_axis',(-3.5527136788005E-15,1.,0.));
#10460=DIRECTION('center_axis',(0.,0.,-1.));
#10461=DIRECTION('ref_axis',(-3.5527136788005E-15,1.,0.));
#10462=DIRECTION('center_axis',(0.,0.,1.));
#10463=DIRECTION('ref_axis',(-3.5527136788005E-15,1.,0.));
#10464=DIRECTION('',(0.,0.,1.));
#10465=DIRECTION('center_axis',(1.,-3.55271367880002E-15,0.));
#10466=DIRECTION('ref_axis',(3.55271367880002E-15,1.,0.));
#10467=DIRECTION('',(-3.55271367880002E-15,-1.,0.));
#10468=DIRECTION('',(3.55271367880002E-15,1.,0.));
#10469=DIRECTION('',(0.,0.,1.));
#10470=DIRECTION('center_axis',(0.,0.,1.));
#10471=DIRECTION('ref_axis',(1.,0.,0.));
#10472=DIRECTION('center_axis',(0.,0.,-1.));
#10473=DIRECTION('ref_axis',(1.,0.,0.));
#10474=DIRECTION('center_axis',(0.,0.,1.));
#10475=DIRECTION('ref_axis',(1.,0.,0.));
#10476=DIRECTION('',(0.,0.,1.));
#10477=DIRECTION('center_axis',(3.55271367880094E-15,-1.,0.));
#10478=DIRECTION('ref_axis',(1.,3.55271367880094E-15,0.));
#10479=DIRECTION('',(-1.,-3.55271367880094E-15,0.));
#10480=DIRECTION('',(1.,3.55271367880094E-15,0.));
#10481=DIRECTION('',(0.,0.,1.));
#10482=DIRECTION('center_axis',(0.,0.,1.));
#10483=DIRECTION('ref_axis',(0.,-1.,0.));
#10484=DIRECTION('center_axis',(0.,0.,-1.));
#10485=DIRECTION('ref_axis',(0.,-1.,0.));
#10486=DIRECTION('center_axis',(0.,0.,1.));
#10487=DIRECTION('ref_axis',(0.,-1.,0.));
#10488=DIRECTION('',(0.,0.,1.));
#10489=DIRECTION('center_axis',(-1.,8.88178419700029E-16,0.));
#10490=DIRECTION('ref_axis',(-8.88178419700029E-16,-1.,0.));
#10491=DIRECTION('',(8.88178419700029E-16,1.,0.));
#10492=DIRECTION('',(-8.88178419700029E-16,-1.,0.));
#10493=DIRECTION('',(0.,0.,1.));
#10494=DIRECTION('center_axis',(0.,0.,1.));
#10495=DIRECTION('ref_axis',(-1.,0.,0.));
#10496=DIRECTION('center_axis',(0.,0.,-1.));
#10497=DIRECTION('ref_axis',(-1.,0.,0.));
#10498=DIRECTION('center_axis',(0.,0.,1.));
#10499=DIRECTION('ref_axis',(-1.,0.,0.));
#10500=DIRECTION('center_axis',(0.,1.,0.));
#10501=DIRECTION('ref_axis',(-1.,0.,0.));
#10502=DIRECTION('',(1.,0.,0.));
#10503=DIRECTION('',(0.,0.,1.));
#10504=DIRECTION('',(-1.,0.,0.));
#10505=DIRECTION('',(0.,0.,1.));
#10506=DIRECTION('center_axis',(0.,0.,1.));
#10507=DIRECTION('ref_axis',(-3.5527136788005E-15,1.,0.));
#10508=DIRECTION('center_axis',(0.,0.,-1.));
#10509=DIRECTION('ref_axis',(-3.5527136788005E-15,1.,0.));
#10510=DIRECTION('center_axis',(0.,0.,1.));
#10511=DIRECTION('ref_axis',(-3.5527136788005E-15,1.,0.));
#10512=DIRECTION('',(0.,0.,1.));
#10513=DIRECTION('center_axis',(1.,-3.55271367880002E-15,0.));
#10514=DIRECTION('ref_axis',(3.55271367880002E-15,1.,0.));
#10515=DIRECTION('',(-3.55271367880002E-15,-1.,0.));
#10516=DIRECTION('',(3.55271367880002E-15,1.,0.));
#10517=DIRECTION('',(0.,0.,1.));
#10518=DIRECTION('center_axis',(0.,0.,1.));
#10519=DIRECTION('ref_axis',(1.,0.,0.));
#10520=DIRECTION('center_axis',(0.,0.,-1.));
#10521=DIRECTION('ref_axis',(1.,0.,0.));
#10522=DIRECTION('center_axis',(0.,0.,1.));
#10523=DIRECTION('ref_axis',(1.,0.,0.));
#10524=DIRECTION('',(0.,0.,1.));
#10525=DIRECTION('center_axis',(3.55271367880094E-15,-1.,0.));
#10526=DIRECTION('ref_axis',(1.,3.55271367880094E-15,0.));
#10527=DIRECTION('',(-1.,-3.55271367880094E-15,0.));
#10528=DIRECTION('',(1.,3.55271367880094E-15,0.));
#10529=DIRECTION('',(0.,0.,1.));
#10530=DIRECTION('center_axis',(0.,0.,1.));
#10531=DIRECTION('ref_axis',(0.,-1.,0.));
#10532=DIRECTION('center_axis',(0.,0.,-1.));
#10533=DIRECTION('ref_axis',(0.,-1.,0.));
#10534=DIRECTION('center_axis',(0.,0.,1.));
#10535=DIRECTION('ref_axis',(0.,-1.,0.));
#10536=DIRECTION('',(0.,0.,1.));
#10537=DIRECTION('center_axis',(-1.,1.77635683940006E-15,0.));
#10538=DIRECTION('ref_axis',(-1.77635683940006E-15,-1.,0.));
#10539=DIRECTION('',(1.77635683940006E-15,1.,0.));
#10540=DIRECTION('',(-1.77635683940006E-15,-1.,0.));
#10541=DIRECTION('',(0.,0.,1.));
#10542=DIRECTION('center_axis',(0.,0.,1.));
#10543=DIRECTION('ref_axis',(-1.,0.,0.));
#10544=DIRECTION('center_axis',(0.,0.,-1.));
#10545=DIRECTION('ref_axis',(-1.,0.,0.));
#10546=DIRECTION('center_axis',(0.,0.,1.));
#10547=DIRECTION('ref_axis',(-1.,0.,0.));
#10548=DIRECTION('center_axis',(0.,1.,0.));
#10549=DIRECTION('ref_axis',(-1.,0.,0.));
#10550=DIRECTION('',(1.,0.,0.));
#10551=DIRECTION('',(0.,0.,1.));
#10552=DIRECTION('',(-1.,0.,0.));
#10553=DIRECTION('',(0.,0.,1.));
#10554=DIRECTION('center_axis',(0.,0.,1.));
#10555=DIRECTION('ref_axis',(-3.5527136788005E-15,1.,0.));
#10556=DIRECTION('center_axis',(0.,0.,-1.));
#10557=DIRECTION('ref_axis',(-3.5527136788005E-15,1.,0.));
#10558=DIRECTION('center_axis',(0.,0.,1.));
#10559=DIRECTION('ref_axis',(-3.5527136788005E-15,1.,0.));
#10560=DIRECTION('',(0.,0.,1.));
#10561=DIRECTION('center_axis',(1.,-3.55271367880002E-15,0.));
#10562=DIRECTION('ref_axis',(3.55271367880002E-15,1.,0.));
#10563=DIRECTION('',(-3.55271367880002E-15,-1.,0.));
#10564=DIRECTION('',(3.55271367880002E-15,1.,0.));
#10565=DIRECTION('',(0.,0.,1.));
#10566=DIRECTION('center_axis',(0.,0.,1.));
#10567=DIRECTION('ref_axis',(1.,0.,0.));
#10568=DIRECTION('center_axis',(0.,0.,-1.));
#10569=DIRECTION('ref_axis',(1.,0.,0.));
#10570=DIRECTION('center_axis',(0.,0.,1.));
#10571=DIRECTION('ref_axis',(1.,0.,0.));
#10572=DIRECTION('',(0.,0.,1.));
#10573=DIRECTION('center_axis',(3.55271367880094E-15,-1.,0.));
#10574=DIRECTION('ref_axis',(1.,3.55271367880094E-15,0.));
#10575=DIRECTION('',(-1.,-3.55271367880094E-15,0.));
#10576=DIRECTION('',(1.,3.55271367880094E-15,0.));
#10577=DIRECTION('',(0.,0.,1.));
#10578=DIRECTION('center_axis',(0.,0.,1.));
#10579=DIRECTION('ref_axis',(0.,-1.,0.));
#10580=DIRECTION('center_axis',(0.,0.,-1.));
#10581=DIRECTION('ref_axis',(0.,-1.,0.));
#10582=DIRECTION('center_axis',(0.,0.,1.));
#10583=DIRECTION('ref_axis',(0.,-1.,0.));
#10584=DIRECTION('',(0.,0.,1.));
#10585=DIRECTION('center_axis',(-1.,8.88178419700029E-16,0.));
#10586=DIRECTION('ref_axis',(-8.88178419700029E-16,-1.,0.));
#10587=DIRECTION('',(8.88178419700029E-16,1.,0.));
#10588=DIRECTION('',(-8.88178419700029E-16,-1.,0.));
#10589=DIRECTION('',(0.,0.,1.));
#10590=DIRECTION('center_axis',(0.,0.,1.));
#10591=DIRECTION('ref_axis',(-1.,0.,0.));
#10592=DIRECTION('center_axis',(0.,0.,-1.));
#10593=DIRECTION('ref_axis',(-1.,0.,0.));
#10594=DIRECTION('center_axis',(0.,0.,1.));
#10595=DIRECTION('ref_axis',(-1.,0.,0.));
#10596=DIRECTION('center_axis',(0.,1.,0.));
#10597=DIRECTION('ref_axis',(-1.,0.,0.));
#10598=DIRECTION('',(1.,0.,0.));
#10599=DIRECTION('',(0.,0.,1.));
#10600=DIRECTION('',(-1.,0.,0.));
#10601=DIRECTION('',(0.,0.,1.));
#10602=DIRECTION('center_axis',(0.,0.,1.));
#10603=DIRECTION('ref_axis',(-3.5527136788005E-15,1.,0.));
#10604=DIRECTION('center_axis',(0.,0.,-1.));
#10605=DIRECTION('ref_axis',(-3.5527136788005E-15,1.,0.));
#10606=DIRECTION('center_axis',(0.,0.,1.));
#10607=DIRECTION('ref_axis',(-3.5527136788005E-15,1.,0.));
#10608=DIRECTION('',(0.,0.,1.));
#10609=DIRECTION('center_axis',(1.,-3.55271367880002E-15,0.));
#10610=DIRECTION('ref_axis',(3.55271367880002E-15,1.,0.));
#10611=DIRECTION('',(-3.55271367880002E-15,-1.,0.));
#10612=DIRECTION('',(3.55271367880002E-15,1.,0.));
#10613=DIRECTION('',(0.,0.,1.));
#10614=DIRECTION('center_axis',(0.,0.,1.));
#10615=DIRECTION('ref_axis',(1.,0.,0.));
#10616=DIRECTION('center_axis',(0.,0.,-1.));
#10617=DIRECTION('ref_axis',(1.,0.,0.));
#10618=DIRECTION('center_axis',(0.,0.,1.));
#10619=DIRECTION('ref_axis',(1.,0.,0.));
#10620=DIRECTION('',(0.,0.,1.));
#10621=DIRECTION('center_axis',(3.55271367880094E-15,-1.,0.));
#10622=DIRECTION('ref_axis',(1.,3.55271367880094E-15,0.));
#10623=DIRECTION('',(-1.,-3.55271367880094E-15,0.));
#10624=DIRECTION('',(1.,3.55271367880094E-15,0.));
#10625=DIRECTION('',(0.,0.,1.));
#10626=DIRECTION('center_axis',(0.,0.,1.));
#10627=DIRECTION('ref_axis',(0.,-1.,0.));
#10628=DIRECTION('center_axis',(0.,0.,-1.));
#10629=DIRECTION('ref_axis',(0.,-1.,0.));
#10630=DIRECTION('center_axis',(0.,0.,1.));
#10631=DIRECTION('ref_axis',(0.,-1.,0.));
#10632=DIRECTION('',(0.,0.,1.));
#10633=DIRECTION('center_axis',(-1.,8.88178419700029E-16,0.));
#10634=DIRECTION('ref_axis',(-8.88178419700029E-16,-1.,0.));
#10635=DIRECTION('',(8.88178419700029E-16,1.,0.));
#10636=DIRECTION('',(-8.88178419700029E-16,-1.,0.));
#10637=DIRECTION('',(0.,0.,1.));
#10638=DIRECTION('center_axis',(0.,0.,1.));
#10639=DIRECTION('ref_axis',(-1.,0.,0.));
#10640=DIRECTION('center_axis',(0.,0.,-1.));
#10641=DIRECTION('ref_axis',(-1.,0.,0.));
#10642=DIRECTION('center_axis',(0.,0.,1.));
#10643=DIRECTION('ref_axis',(-1.,0.,0.));
#10644=DIRECTION('center_axis',(0.,1.,0.));
#10645=DIRECTION('ref_axis',(-1.,0.,0.));
#10646=DIRECTION('',(1.,0.,0.));
#10647=DIRECTION('',(0.,0.,1.));
#10648=DIRECTION('',(-1.,0.,0.));
#10649=DIRECTION('',(0.,0.,1.));
#10650=DIRECTION('center_axis',(0.,0.,1.));
#10651=DIRECTION('ref_axis',(-3.5527136788005E-15,1.,0.));
#10652=DIRECTION('center_axis',(0.,0.,-1.));
#10653=DIRECTION('ref_axis',(-3.5527136788005E-15,1.,0.));
#10654=DIRECTION('center_axis',(0.,0.,1.));
#10655=DIRECTION('ref_axis',(-3.5527136788005E-15,1.,0.));
#10656=DIRECTION('',(0.,0.,1.));
#10657=DIRECTION('center_axis',(1.,-3.55271367880002E-15,0.));
#10658=DIRECTION('ref_axis',(3.55271367880002E-15,1.,0.));
#10659=DIRECTION('',(-3.55271367880002E-15,-1.,0.));
#10660=DIRECTION('',(3.55271367880002E-15,1.,0.));
#10661=DIRECTION('',(0.,0.,1.));
#10662=DIRECTION('center_axis',(0.,0.,1.));
#10663=DIRECTION('ref_axis',(1.,0.,0.));
#10664=DIRECTION('center_axis',(0.,0.,-1.));
#10665=DIRECTION('ref_axis',(1.,0.,0.));
#10666=DIRECTION('center_axis',(0.,0.,1.));
#10667=DIRECTION('ref_axis',(1.,0.,0.));
#10668=DIRECTION('',(0.,0.,1.));
#10669=DIRECTION('center_axis',(3.55271367880094E-15,-1.,0.));
#10670=DIRECTION('ref_axis',(1.,3.55271367880094E-15,0.));
#10671=DIRECTION('',(-1.,-3.55271367880094E-15,0.));
#10672=DIRECTION('',(1.,3.55271367880094E-15,0.));
#10673=DIRECTION('',(0.,0.,1.));
#10674=DIRECTION('center_axis',(0.,0.,1.));
#10675=DIRECTION('ref_axis',(0.,-1.,0.));
#10676=DIRECTION('center_axis',(0.,0.,-1.));
#10677=DIRECTION('ref_axis',(0.,-1.,0.));
#10678=DIRECTION('center_axis',(0.,0.,1.));
#10679=DIRECTION('ref_axis',(0.,-1.,0.));
#10680=DIRECTION('',(0.,0.,1.));
#10681=DIRECTION('center_axis',(-1.,8.88178419700029E-16,0.));
#10682=DIRECTION('ref_axis',(-8.88178419700029E-16,-1.,0.));
#10683=DIRECTION('',(8.88178419700029E-16,1.,0.));
#10684=DIRECTION('',(-8.88178419700029E-16,-1.,0.));
#10685=DIRECTION('',(0.,0.,1.));
#10686=DIRECTION('center_axis',(0.,0.,1.));
#10687=DIRECTION('ref_axis',(-1.,0.,0.));
#10688=DIRECTION('center_axis',(0.,0.,-1.));
#10689=DIRECTION('ref_axis',(-1.,0.,0.));
#10690=DIRECTION('center_axis',(0.,0.,1.));
#10691=DIRECTION('ref_axis',(-1.,0.,0.));
#10692=DIRECTION('center_axis',(0.,1.,0.));
#10693=DIRECTION('ref_axis',(-1.,0.,0.));
#10694=DIRECTION('',(1.,0.,0.));
#10695=DIRECTION('',(0.,0.,1.));
#10696=DIRECTION('',(-1.,0.,0.));
#10697=DIRECTION('',(0.,0.,1.));
#10698=DIRECTION('center_axis',(0.,0.,1.));
#10699=DIRECTION('ref_axis',(-3.5527136788005E-15,1.,0.));
#10700=DIRECTION('center_axis',(0.,0.,-1.));
#10701=DIRECTION('ref_axis',(-3.5527136788005E-15,1.,0.));
#10702=DIRECTION('center_axis',(0.,0.,1.));
#10703=DIRECTION('ref_axis',(-3.5527136788005E-15,1.,0.));
#10704=DIRECTION('',(0.,0.,1.));
#10705=DIRECTION('center_axis',(1.,-3.55271367880002E-15,0.));
#10706=DIRECTION('ref_axis',(3.55271367880002E-15,1.,0.));
#10707=DIRECTION('',(-3.55271367880002E-15,-1.,0.));
#10708=DIRECTION('',(3.55271367880002E-15,1.,0.));
#10709=DIRECTION('',(0.,0.,1.));
#10710=DIRECTION('center_axis',(0.,0.,1.));
#10711=DIRECTION('ref_axis',(1.,0.,0.));
#10712=DIRECTION('center_axis',(0.,0.,-1.));
#10713=DIRECTION('ref_axis',(1.,0.,0.));
#10714=DIRECTION('center_axis',(0.,0.,1.));
#10715=DIRECTION('ref_axis',(1.,0.,0.));
#10716=DIRECTION('',(0.,0.,1.));
#10717=DIRECTION('center_axis',(3.55271367880094E-15,-1.,0.));
#10718=DIRECTION('ref_axis',(1.,3.55271367880094E-15,0.));
#10719=DIRECTION('',(-1.,-3.55271367880094E-15,0.));
#10720=DIRECTION('',(1.,3.55271367880094E-15,0.));
#10721=DIRECTION('',(0.,0.,1.));
#10722=DIRECTION('center_axis',(0.,0.,1.));
#10723=DIRECTION('ref_axis',(0.,-1.,0.));
#10724=DIRECTION('center_axis',(0.,0.,-1.));
#10725=DIRECTION('ref_axis',(0.,-1.,0.));
#10726=DIRECTION('center_axis',(0.,0.,1.));
#10727=DIRECTION('ref_axis',(0.,-1.,0.));
#10728=DIRECTION('',(0.,0.,1.));
#10729=DIRECTION('center_axis',(-1.,8.88178419700029E-16,0.));
#10730=DIRECTION('ref_axis',(-8.88178419700029E-16,-1.,0.));
#10731=DIRECTION('',(8.88178419700029E-16,1.,0.));
#10732=DIRECTION('',(-8.88178419700029E-16,-1.,0.));
#10733=DIRECTION('',(0.,0.,1.));
#10734=DIRECTION('center_axis',(0.,0.,1.));
#10735=DIRECTION('ref_axis',(-1.,0.,0.));
#10736=DIRECTION('center_axis',(0.,0.,-1.));
#10737=DIRECTION('ref_axis',(-1.,0.,0.));
#10738=DIRECTION('center_axis',(0.,0.,1.));
#10739=DIRECTION('ref_axis',(-1.,0.,0.));
#10740=DIRECTION('center_axis',(0.,1.,0.));
#10741=DIRECTION('ref_axis',(-1.,0.,0.));
#10742=DIRECTION('',(1.,0.,0.));
#10743=DIRECTION('',(0.,0.,1.));
#10744=DIRECTION('',(-1.,0.,0.));
#10745=DIRECTION('',(0.,0.,1.));
#10746=DIRECTION('center_axis',(0.,0.,1.));
#10747=DIRECTION('ref_axis',(-3.5527136788005E-15,1.,0.));
#10748=DIRECTION('center_axis',(0.,0.,-1.));
#10749=DIRECTION('ref_axis',(-3.5527136788005E-15,1.,0.));
#10750=DIRECTION('center_axis',(0.,0.,1.));
#10751=DIRECTION('ref_axis',(-3.5527136788005E-15,1.,0.));
#10752=DIRECTION('',(0.,0.,1.));
#10753=DIRECTION('center_axis',(1.,-3.55271367880002E-15,0.));
#10754=DIRECTION('ref_axis',(3.55271367880002E-15,1.,0.));
#10755=DIRECTION('',(-3.55271367880002E-15,-1.,0.));
#10756=DIRECTION('',(3.55271367880002E-15,1.,0.));
#10757=DIRECTION('',(0.,0.,1.));
#10758=DIRECTION('center_axis',(0.,0.,1.));
#10759=DIRECTION('ref_axis',(1.,0.,0.));
#10760=DIRECTION('center_axis',(0.,0.,-1.));
#10761=DIRECTION('ref_axis',(1.,0.,0.));
#10762=DIRECTION('center_axis',(0.,0.,1.));
#10763=DIRECTION('ref_axis',(1.,0.,0.));
#10764=DIRECTION('',(0.,0.,1.));
#10765=DIRECTION('center_axis',(3.55271367880094E-15,-1.,0.));
#10766=DIRECTION('ref_axis',(1.,3.55271367880094E-15,0.));
#10767=DIRECTION('',(-1.,-3.55271367880094E-15,0.));
#10768=DIRECTION('',(1.,3.55271367880094E-15,0.));
#10769=DIRECTION('',(0.,0.,1.));
#10770=DIRECTION('center_axis',(0.,0.,1.));
#10771=DIRECTION('ref_axis',(0.,-1.,0.));
#10772=DIRECTION('center_axis',(0.,0.,-1.));
#10773=DIRECTION('ref_axis',(0.,-1.,0.));
#10774=DIRECTION('center_axis',(0.,0.,1.));
#10775=DIRECTION('ref_axis',(0.,-1.,0.));
#10776=DIRECTION('',(0.,0.,1.));
#10777=DIRECTION('center_axis',(-1.,1.77635683940006E-15,0.));
#10778=DIRECTION('ref_axis',(-1.77635683940006E-15,-1.,0.));
#10779=DIRECTION('',(1.77635683940006E-15,1.,0.));
#10780=DIRECTION('',(-1.77635683940006E-15,-1.,0.));
#10781=DIRECTION('',(0.,0.,1.));
#10782=DIRECTION('center_axis',(0.,0.,1.));
#10783=DIRECTION('ref_axis',(-1.,0.,0.));
#10784=DIRECTION('center_axis',(0.,0.,-1.));
#10785=DIRECTION('ref_axis',(-1.,0.,0.));
#10786=DIRECTION('center_axis',(0.,0.,1.));
#10787=DIRECTION('ref_axis',(-1.,0.,0.));
#10788=DIRECTION('center_axis',(0.,1.,0.));
#10789=DIRECTION('ref_axis',(-1.,0.,0.));
#10790=DIRECTION('',(1.,0.,0.));
#10791=DIRECTION('',(0.,0.,1.));
#10792=DIRECTION('',(-1.,0.,0.));
#10793=DIRECTION('',(0.,0.,1.));
#10794=DIRECTION('center_axis',(0.,0.,1.));
#10795=DIRECTION('ref_axis',(-3.5527136788005E-15,1.,0.));
#10796=DIRECTION('center_axis',(0.,0.,-1.));
#10797=DIRECTION('ref_axis',(-3.5527136788005E-15,1.,0.));
#10798=DIRECTION('center_axis',(0.,0.,1.));
#10799=DIRECTION('ref_axis',(-3.5527136788005E-15,1.,0.));
#10800=DIRECTION('',(0.,0.,1.));
#10801=DIRECTION('center_axis',(1.,-3.55271367880002E-15,0.));
#10802=DIRECTION('ref_axis',(3.55271367880002E-15,1.,0.));
#10803=DIRECTION('',(-3.55271367880002E-15,-1.,0.));
#10804=DIRECTION('',(3.55271367880002E-15,1.,0.));
#10805=DIRECTION('',(0.,0.,1.));
#10806=DIRECTION('center_axis',(0.,0.,1.));
#10807=DIRECTION('ref_axis',(1.,0.,0.));
#10808=DIRECTION('center_axis',(0.,0.,-1.));
#10809=DIRECTION('ref_axis',(1.,0.,0.));
#10810=DIRECTION('center_axis',(0.,0.,1.));
#10811=DIRECTION('ref_axis',(1.,0.,0.));
#10812=DIRECTION('',(0.,0.,1.));
#10813=DIRECTION('center_axis',(3.55271367880094E-15,-1.,0.));
#10814=DIRECTION('ref_axis',(1.,3.55271367880094E-15,0.));
#10815=DIRECTION('',(-1.,-3.55271367880094E-15,0.));
#10816=DIRECTION('',(1.,3.55271367880094E-15,0.));
#10817=DIRECTION('',(0.,0.,1.));
#10818=DIRECTION('center_axis',(0.,0.,1.));
#10819=DIRECTION('ref_axis',(0.,-1.,0.));
#10820=DIRECTION('center_axis',(0.,0.,-1.));
#10821=DIRECTION('ref_axis',(0.,-1.,0.));
#10822=DIRECTION('center_axis',(0.,0.,1.));
#10823=DIRECTION('ref_axis',(0.,-1.,0.));
#10824=DIRECTION('',(0.,0.,1.));
#10825=DIRECTION('center_axis',(-1.,8.88178419700029E-16,0.));
#10826=DIRECTION('ref_axis',(-8.88178419700029E-16,-1.,0.));
#10827=DIRECTION('',(8.88178419700029E-16,1.,0.));
#10828=DIRECTION('',(-8.88178419700029E-16,-1.,0.));
#10829=DIRECTION('',(0.,0.,1.));
#10830=DIRECTION('center_axis',(0.,0.,1.));
#10831=DIRECTION('ref_axis',(-1.,0.,0.));
#10832=DIRECTION('center_axis',(0.,0.,-1.));
#10833=DIRECTION('ref_axis',(-1.,0.,0.));
#10834=DIRECTION('center_axis',(0.,0.,1.));
#10835=DIRECTION('ref_axis',(-1.,0.,0.));
#10836=DIRECTION('center_axis',(0.,0.,1.));
#10837=DIRECTION('ref_axis',(-1.,0.,0.));
#10838=DIRECTION('center_axis',(0.,0.,-1.));
#10839=DIRECTION('ref_axis',(-1.,0.,0.));
#10840=DIRECTION('',(0.,0.,1.));
#10841=DIRECTION('center_axis',(0.,0.,1.));
#10842=DIRECTION('ref_axis',(-1.,0.,0.));
#10843=DIRECTION('',(0.,0.,1.));
#10844=DIRECTION('center_axis',(0.,1.,0.));
#10845=DIRECTION('ref_axis',(-1.,0.,0.));
#10846=DIRECTION('',(1.,0.,0.));
#10847=DIRECTION('',(-1.,0.,0.));
#10848=DIRECTION('',(0.,0.,1.));
#10849=DIRECTION('center_axis',(0.,0.,1.));
#10850=DIRECTION('ref_axis',(-3.5527136788005E-15,1.,0.));
#10851=DIRECTION('center_axis',(0.,0.,-1.));
#10852=DIRECTION('ref_axis',(-3.5527136788005E-15,1.,0.));
#10853=DIRECTION('center_axis',(0.,0.,1.));
#10854=DIRECTION('ref_axis',(-3.5527136788005E-15,1.,0.));
#10855=DIRECTION('',(0.,0.,1.));
#10856=DIRECTION('center_axis',(1.,-3.55271367880002E-15,0.));
#10857=DIRECTION('ref_axis',(3.55271367880002E-15,1.,0.));
#10858=DIRECTION('',(-3.55271367880002E-15,-1.,0.));
#10859=DIRECTION('',(3.55271367880002E-15,1.,0.));
#10860=DIRECTION('',(0.,0.,1.));
#10861=DIRECTION('',(-1.3595646648136E-15,-0.38268343236509,0.923879532511287));
#10862=DIRECTION('center_axis',(3.55271367880094E-15,-1.,0.));
#10863=DIRECTION('ref_axis',(1.,3.55271367880094E-15,0.));
#10864=DIRECTION('',(1.,3.55271367880094E-15,0.));
#10865=DIRECTION('',(0.,0.,1.));
#10866=DIRECTION('',(1.,3.55271367880094E-15,0.));
#10867=DIRECTION('',(0.,0.,1.));
#10868=DIRECTION('center_axis',(0.,0.,1.));
#10869=DIRECTION('ref_axis',(0.,-1.,0.));
#10870=DIRECTION('center_axis',(0.,-0.923879532511287,-0.38268343236509));
#10871=DIRECTION('ref_axis',(0.,-0.38268343236509,0.923879532511287));
#10872=DIRECTION('center_axis',(0.,0.,1.));
#10873=DIRECTION('ref_axis',(0.,-1.,0.));
#10874=DIRECTION('center_axis',(0.,0.,1.));
#10875=DIRECTION('ref_axis',(0.,-1.,0.));
#10876=DIRECTION('',(0.,0.,1.));
#10877=DIRECTION('center_axis',(-1.,8.88178419700029E-16,0.));
#10878=DIRECTION('ref_axis',(-8.88178419700029E-16,-1.,0.));
#10879=DIRECTION('',(8.88178419700029E-16,1.,0.));
#10880=DIRECTION('',(3.39891166203408E-16,0.38268343236509,-0.923879532511287));
#10881=DIRECTION('',(-8.88178419700029E-16,-1.,0.));
#10882=DIRECTION('center_axis',(0.,0.,1.));
#10883=DIRECTION('ref_axis',(1.,0.,0.));
#10884=DIRECTION('center_axis',(0.,-0.923879532511287,-0.38268343236509));
#10885=DIRECTION('ref_axis',(0.,0.38268343236509,-0.923879532511287));
#10886=DIRECTION('center_axis',(0.,0.,1.));
#10887=DIRECTION('ref_axis',(1.,0.,0.));
#10888=DIRECTION('center_axis',(0.,0.,1.));
#10889=DIRECTION('ref_axis',(1.,0.,0.));
#10890=DIRECTION('center_axis',(0.,0.,-1.));
#10891=DIRECTION('ref_axis',(1.,0.,0.));
#10892=DIRECTION('',(-1.,0.,0.));
#10893=DIRECTION('center_axis',(3.55271367880094E-15,-1.,0.));
#10894=DIRECTION('ref_axis',(1.,3.55271367880094E-15,0.));
#10895=DIRECTION('',(1.,3.55271367880094E-15,0.));
#10896=DIRECTION('',(0.,0.,1.));
#10897=DIRECTION('',(1.,3.55271367880094E-15,0.));
#10898=DIRECTION('',(0.,0.,1.));
#10899=DIRECTION('center_axis',(0.,0.,1.));
#10900=DIRECTION('ref_axis',(0.,-1.,0.));
#10901=DIRECTION('center_axis',(0.,0.,1.));
#10902=DIRECTION('ref_axis',(0.,-1.,0.));
#10903=DIRECTION('',(0.,0.,1.));
#10904=DIRECTION('center_axis',(0.,0.,1.));
#10905=DIRECTION('ref_axis',(0.,-1.,0.));
#10906=DIRECTION('center_axis',(-1.,8.88178419700029E-16,0.));
#10907=DIRECTION('ref_axis',(-8.88178419700029E-16,-1.,0.));
#10908=DIRECTION('',(-8.88178419700029E-16,-1.,0.));
#10909=DIRECTION('',(0.,0.,1.));
#10910=DIRECTION('',(-8.88178419700029E-16,-1.,0.));
#10911=DIRECTION('center_axis',(0.,0.,1.));
#10912=DIRECTION('ref_axis',(-1.,0.,0.));
#10913=DIRECTION('center_axis',(0.,0.,1.));
#10914=DIRECTION('ref_axis',(-1.,0.,0.));
#10915=DIRECTION('',(0.,0.,1.));
#10916=DIRECTION('center_axis',(0.,0.,1.));
#10917=DIRECTION('ref_axis',(-1.,0.,0.));
#10918=DIRECTION('center_axis',(0.,1.,0.));
#10919=DIRECTION('ref_axis',(-1.,0.,0.));
#10920=DIRECTION('',(-1.,0.,0.));
#10921=DIRECTION('',(0.,0.,1.));
#10922=DIRECTION('',(-1.,0.,0.));
#10923=DIRECTION('center_axis',(0.,0.,1.));
#10924=DIRECTION('ref_axis',(-3.5527136788005E-15,1.,0.));
#10925=DIRECTION('center_axis',(0.,0.,1.));
#10926=DIRECTION('ref_axis',(-3.5527136788005E-15,1.,0.));
#10927=DIRECTION('',(0.,0.,1.));
#10928=DIRECTION('center_axis',(0.,0.,1.));
#10929=DIRECTION('ref_axis',(-3.5527136788005E-15,1.,0.));
#10930=DIRECTION('center_axis',(1.,-3.55271367880002E-15,0.));
#10931=DIRECTION('ref_axis',(3.55271367880002E-15,1.,0.));
#10932=DIRECTION('',(3.55271367880002E-15,1.,0.));
#10933=DIRECTION('',(0.,0.,1.));
#10934=DIRECTION('',(3.55271367880002E-15,1.,0.));
#10935=DIRECTION('center_axis',(0.,0.,1.));
#10936=DIRECTION('ref_axis',(1.,0.,0.));
#10937=DIRECTION('center_axis',(0.,0.,1.));
#10938=DIRECTION('ref_axis',(1.,0.,0.));
#10939=DIRECTION('center_axis',(0.,0.,1.));
#10940=DIRECTION('ref_axis',(1.,0.,0.));
#10941=DIRECTION('center_axis',(0.,0.,-1.));
#10942=DIRECTION('ref_axis',(1.,0.,0.));
#10943=DIRECTION('center_axis',(3.55271367880094E-15,-1.,0.));
#10944=DIRECTION('ref_axis',(1.,3.55271367880094E-15,0.));
#10945=DIRECTION('',(1.,3.55271367880094E-15,0.));
#10946=DIRECTION('',(0.,0.,1.));
#10947=DIRECTION('',(1.,3.55271367880094E-15,0.));
#10948=DIRECTION('',(0.,0.,1.));
#10949=DIRECTION('center_axis',(0.,0.,1.));
#10950=DIRECTION('ref_axis',(0.,-1.,0.));
#10951=DIRECTION('center_axis',(0.,0.,1.));
#10952=DIRECTION('ref_axis',(0.,-1.,0.));
#10953=DIRECTION('',(0.,0.,1.));
#10954=DIRECTION('center_axis',(0.,0.,1.));
#10955=DIRECTION('ref_axis',(0.,-1.,0.));
#10956=DIRECTION('center_axis',(-1.,8.88178419700029E-16,0.));
#10957=DIRECTION('ref_axis',(-8.88178419700029E-16,-1.,0.));
#10958=DIRECTION('',(-8.88178419700029E-16,-1.,0.));
#10959=DIRECTION('',(0.,0.,1.));
#10960=DIRECTION('',(-8.88178419700029E-16,-1.,0.));
#10961=DIRECTION('center_axis',(0.,0.,1.));
#10962=DIRECTION('ref_axis',(-1.,0.,0.));
#10963=DIRECTION('center_axis',(0.,0.,1.));
#10964=DIRECTION('ref_axis',(-1.,0.,0.));
#10965=DIRECTION('',(0.,0.,1.));
#10966=DIRECTION('center_axis',(0.,0.,1.));
#10967=DIRECTION('ref_axis',(-1.,0.,0.));
#10968=DIRECTION('center_axis',(0.,1.,0.));
#10969=DIRECTION('ref_axis',(-1.,0.,0.));
#10970=DIRECTION('',(-1.,0.,0.));
#10971=DIRECTION('',(0.,0.,1.));
#10972=DIRECTION('',(-1.,0.,0.));
#10973=DIRECTION('center_axis',(0.,0.,1.));
#10974=DIRECTION('ref_axis',(-3.5527136788005E-15,1.,0.));
#10975=DIRECTION('center_axis',(0.,0.,1.));
#10976=DIRECTION('ref_axis',(-3.5527136788005E-15,1.,0.));
#10977=DIRECTION('',(0.,0.,1.));
#10978=DIRECTION('center_axis',(0.,0.,1.));
#10979=DIRECTION('ref_axis',(-3.5527136788005E-15,1.,0.));
#10980=DIRECTION('center_axis',(1.,-3.55271367880002E-15,0.));
#10981=DIRECTION('ref_axis',(3.55271367880002E-15,1.,0.));
#10982=DIRECTION('',(3.55271367880002E-15,1.,0.));
#10983=DIRECTION('',(0.,0.,1.));
#10984=DIRECTION('',(3.55271367880002E-15,1.,0.));
#10985=DIRECTION('center_axis',(0.,0.,1.));
#10986=DIRECTION('ref_axis',(1.,0.,0.));
#10987=DIRECTION('center_axis',(0.,0.,1.));
#10988=DIRECTION('ref_axis',(1.,0.,0.));
#10989=DIRECTION('center_axis',(0.,0.,1.));
#10990=DIRECTION('ref_axis',(1.,0.,0.));
#10991=DIRECTION('center_axis',(0.,0.,-1.));
#10992=DIRECTION('ref_axis',(1.,0.,0.));
#10993=DIRECTION('center_axis',(0.,0.,1.));
#10994=DIRECTION('ref_axis',(-1.,0.,0.));
#10995=DIRECTION('center_axis',(0.,0.,-1.));
#10996=DIRECTION('ref_axis',(-1.,0.,0.));
#10997=DIRECTION('',(0.,0.,1.));
#10998=DIRECTION('center_axis',(0.,0.,1.));
#10999=DIRECTION('ref_axis',(-1.,0.,0.));
#11000=DIRECTION('',(0.,0.,1.));
#11001=DIRECTION('center_axis',(0.,1.,0.));
#11002=DIRECTION('ref_axis',(-1.,0.,0.));
#11003=DIRECTION('',(1.,0.,0.));
#11004=DIRECTION('',(-1.,0.,0.));
#11005=DIRECTION('',(0.,0.,1.));
#11006=DIRECTION('center_axis',(0.,0.,1.));
#11007=DIRECTION('ref_axis',(-3.5527136788005E-15,1.,0.));
#11008=DIRECTION('center_axis',(0.,0.,-1.));
#11009=DIRECTION('ref_axis',(-3.5527136788005E-15,1.,0.));
#11010=DIRECTION('center_axis',(0.,0.,1.));
#11011=DIRECTION('ref_axis',(-3.5527136788005E-15,1.,0.));
#11012=DIRECTION('',(0.,0.,1.));
#11013=DIRECTION('center_axis',(1.,-3.55271367880002E-15,0.));
#11014=DIRECTION('ref_axis',(3.55271367880002E-15,1.,0.));
#11015=DIRECTION('',(-3.55271367880002E-15,-1.,0.));
#11016=DIRECTION('',(3.55271367880002E-15,1.,0.));
#11017=DIRECTION('',(0.,0.,1.));
#11018=DIRECTION('',(-1.3595646648136E-15,-0.38268343236509,0.923879532511287));
#11019=DIRECTION('center_axis',(3.55271367880094E-15,-1.,0.));
#11020=DIRECTION('ref_axis',(1.,3.55271367880094E-15,0.));
#11021=DIRECTION('',(1.,3.55271367880094E-15,0.));
#11022=DIRECTION('',(0.,0.,1.));
#11023=DIRECTION('',(1.,3.55271367880094E-15,0.));
#11024=DIRECTION('',(0.,0.,1.));
#11025=DIRECTION('center_axis',(0.,0.,1.));
#11026=DIRECTION('ref_axis',(0.,-1.,0.));
#11027=DIRECTION('center_axis',(0.,-0.923879532511287,-0.38268343236509));
#11028=DIRECTION('ref_axis',(0.,-0.38268343236509,0.923879532511287));
#11029=DIRECTION('center_axis',(0.,0.,1.));
#11030=DIRECTION('ref_axis',(0.,-1.,0.));
#11031=DIRECTION('center_axis',(0.,0.,1.));
#11032=DIRECTION('ref_axis',(0.,-1.,0.));
#11033=DIRECTION('',(0.,0.,1.));
#11034=DIRECTION('center_axis',(-1.,1.77635683940006E-15,0.));
#11035=DIRECTION('ref_axis',(-1.77635683940006E-15,-1.,0.));
#11036=DIRECTION('',(1.77635683940006E-15,1.,0.));
#11037=DIRECTION('',(6.79782332406817E-16,0.38268343236509,-0.923879532511287));
#11038=DIRECTION('',(-1.77635683940006E-15,-1.,0.));
#11039=DIRECTION('center_axis',(0.,0.,1.));
#11040=DIRECTION('ref_axis',(1.,0.,0.));
#11041=DIRECTION('center_axis',(0.,-0.923879532511287,-0.38268343236509));
#11042=DIRECTION('ref_axis',(0.,0.38268343236509,-0.923879532511287));
#11043=DIRECTION('center_axis',(0.,0.,1.));
#11044=DIRECTION('ref_axis',(1.,0.,0.));
#11045=DIRECTION('center_axis',(0.,0.,1.));
#11046=DIRECTION('ref_axis',(1.,0.,0.));
#11047=DIRECTION('center_axis',(0.,0.,-1.));
#11048=DIRECTION('ref_axis',(1.,0.,0.));
#11049=DIRECTION('',(-1.,0.,0.));
#11050=DIRECTION('center_axis',(0.,0.,1.));
#11051=DIRECTION('ref_axis',(-1.,0.,0.));
#11052=DIRECTION('center_axis',(0.,0.,-1.));
#11053=DIRECTION('ref_axis',(-1.,0.,0.));
#11054=DIRECTION('',(0.,0.,1.));
#11055=DIRECTION('center_axis',(0.,0.,1.));
#11056=DIRECTION('ref_axis',(-1.,0.,0.));
#11057=DIRECTION('',(0.,0.,1.));
#11058=DIRECTION('center_axis',(0.,1.,0.));
#11059=DIRECTION('ref_axis',(-1.,0.,0.));
#11060=DIRECTION('',(1.,0.,0.));
#11061=DIRECTION('',(-1.,0.,0.));
#11062=DIRECTION('',(0.,0.,1.));
#11063=DIRECTION('center_axis',(0.,0.,1.));
#11064=DIRECTION('ref_axis',(-3.5527136788005E-15,1.,0.));
#11065=DIRECTION('center_axis',(0.,0.,-1.));
#11066=DIRECTION('ref_axis',(-3.5527136788005E-15,1.,0.));
#11067=DIRECTION('center_axis',(0.,0.,1.));
#11068=DIRECTION('ref_axis',(-3.5527136788005E-15,1.,0.));
#11069=DIRECTION('',(0.,0.,1.));
#11070=DIRECTION('center_axis',(1.,-3.55271367880002E-15,0.));
#11071=DIRECTION('ref_axis',(3.55271367880002E-15,1.,0.));
#11072=DIRECTION('',(-3.55271367880002E-15,-1.,0.));
#11073=DIRECTION('',(3.55271367880002E-15,1.,0.));
#11074=DIRECTION('',(0.,0.,1.));
#11075=DIRECTION('',(-1.3595646648136E-15,-0.38268343236509,0.923879532511287));
#11076=DIRECTION('center_axis',(3.55271367880094E-15,-1.,0.));
#11077=DIRECTION('ref_axis',(1.,3.55271367880094E-15,0.));
#11078=DIRECTION('',(1.,3.55271367880094E-15,0.));
#11079=DIRECTION('',(0.,0.,1.));
#11080=DIRECTION('',(1.,3.55271367880094E-15,0.));
#11081=DIRECTION('',(0.,0.,1.));
#11082=DIRECTION('center_axis',(0.,0.,1.));
#11083=DIRECTION('ref_axis',(0.,-1.,0.));
#11084=DIRECTION('center_axis',(0.,-0.923879532511287,-0.38268343236509));
#11085=DIRECTION('ref_axis',(0.,-0.38268343236509,0.923879532511287));
#11086=DIRECTION('center_axis',(0.,0.,1.));
#11087=DIRECTION('ref_axis',(0.,-1.,0.));
#11088=DIRECTION('center_axis',(0.,0.,1.));
#11089=DIRECTION('ref_axis',(0.,-1.,0.));
#11090=DIRECTION('',(0.,0.,1.));
#11091=DIRECTION('center_axis',(-1.,8.88178419700029E-16,0.));
#11092=DIRECTION('ref_axis',(-8.88178419700029E-16,-1.,0.));
#11093=DIRECTION('',(8.88178419700029E-16,1.,0.));
#11094=DIRECTION('',(3.39891166203408E-16,0.38268343236509,-0.923879532511287));
#11095=DIRECTION('',(-8.88178419700029E-16,-1.,0.));
#11096=DIRECTION('center_axis',(0.,0.,1.));
#11097=DIRECTION('ref_axis',(1.,0.,0.));
#11098=DIRECTION('center_axis',(0.,-0.923879532511287,-0.38268343236509));
#11099=DIRECTION('ref_axis',(0.,0.38268343236509,-0.923879532511287));
#11100=DIRECTION('center_axis',(0.,0.,1.));
#11101=DIRECTION('ref_axis',(1.,0.,0.));
#11102=DIRECTION('center_axis',(0.,0.,1.));
#11103=DIRECTION('ref_axis',(1.,0.,0.));
#11104=DIRECTION('center_axis',(0.,0.,-1.));
#11105=DIRECTION('ref_axis',(1.,0.,0.));
#11106=DIRECTION('',(-1.,0.,0.));
#11107=DIRECTION('center_axis',(0.,1.,0.));
#11108=DIRECTION('ref_axis',(-1.,0.,0.));
#11109=DIRECTION('',(1.,0.,0.));
#11110=DIRECTION('',(0.,0.,1.));
#11111=DIRECTION('',(-1.,0.,0.));
#11112=DIRECTION('',(0.,0.,1.));
#11113=DIRECTION('center_axis',(0.,0.,1.));
#11114=DIRECTION('ref_axis',(-3.5527136788005E-15,1.,0.));
#11115=DIRECTION('center_axis',(0.,0.,-1.));
#11116=DIRECTION('ref_axis',(-3.5527136788005E-15,1.,0.));
#11117=DIRECTION('center_axis',(0.,0.,1.));
#11118=DIRECTION('ref_axis',(-3.5527136788005E-15,1.,0.));
#11119=DIRECTION('',(0.,0.,1.));
#11120=DIRECTION('center_axis',(1.,-3.55271367880002E-15,0.));
#11121=DIRECTION('ref_axis',(3.55271367880002E-15,1.,0.));
#11122=DIRECTION('',(-3.55271367880002E-15,-1.,0.));
#11123=DIRECTION('',(3.55271367880002E-15,1.,0.));
#11124=DIRECTION('',(0.,0.,1.));
#11125=DIRECTION('center_axis',(0.,0.,1.));
#11126=DIRECTION('ref_axis',(1.,0.,0.));
#11127=DIRECTION('center_axis',(0.,0.,-1.));
#11128=DIRECTION('ref_axis',(1.,0.,0.));
#11129=DIRECTION('center_axis',(0.,0.,1.));
#11130=DIRECTION('ref_axis',(1.,0.,0.));
#11131=DIRECTION('',(0.,0.,1.));
#11132=DIRECTION('center_axis',(3.55271367880094E-15,-1.,0.));
#11133=DIRECTION('ref_axis',(1.,3.55271367880094E-15,0.));
#11134=DIRECTION('',(-1.,-3.55271367880094E-15,0.));
#11135=DIRECTION('',(1.,3.55271367880094E-15,0.));
#11136=DIRECTION('',(0.,0.,1.));
#11137=DIRECTION('center_axis',(0.,0.,1.));
#11138=DIRECTION('ref_axis',(0.,-1.,0.));
#11139=DIRECTION('center_axis',(0.,0.,-1.));
#11140=DIRECTION('ref_axis',(0.,-1.,0.));
#11141=DIRECTION('center_axis',(0.,0.,1.));
#11142=DIRECTION('ref_axis',(0.,-1.,0.));
#11143=DIRECTION('',(0.,0.,1.));
#11144=DIRECTION('center_axis',(-1.,8.88178419700029E-16,0.));
#11145=DIRECTION('ref_axis',(-8.88178419700029E-16,-1.,0.));
#11146=DIRECTION('',(8.88178419700029E-16,1.,0.));
#11147=DIRECTION('',(-8.88178419700029E-16,-1.,0.));
#11148=DIRECTION('',(0.,0.,1.));
#11149=DIRECTION('center_axis',(0.,0.,1.));
#11150=DIRECTION('ref_axis',(-1.,0.,0.));
#11151=DIRECTION('center_axis',(0.,0.,-1.));
#11152=DIRECTION('ref_axis',(-1.,0.,0.));
#11153=DIRECTION('center_axis',(0.,0.,1.));
#11154=DIRECTION('ref_axis',(-1.,0.,0.));
#11155=DIRECTION('center_axis',(0.,1.,0.));
#11156=DIRECTION('ref_axis',(-1.,0.,0.));
#11157=DIRECTION('',(1.,0.,0.));
#11158=DIRECTION('',(0.,0.,1.));
#11159=DIRECTION('',(-1.,0.,0.));
#11160=DIRECTION('',(0.,0.,1.));
#11161=DIRECTION('center_axis',(0.,0.,1.));
#11162=DIRECTION('ref_axis',(-3.5527136788005E-15,1.,0.));
#11163=DIRECTION('center_axis',(0.,0.,-1.));
#11164=DIRECTION('ref_axis',(-3.5527136788005E-15,1.,0.));
#11165=DIRECTION('center_axis',(0.,0.,1.));
#11166=DIRECTION('ref_axis',(-3.5527136788005E-15,1.,0.));
#11167=DIRECTION('',(0.,0.,1.));
#11168=DIRECTION('center_axis',(1.,-3.55271367880002E-15,0.));
#11169=DIRECTION('ref_axis',(3.55271367880002E-15,1.,0.));
#11170=DIRECTION('',(-3.55271367880002E-15,-1.,0.));
#11171=DIRECTION('',(3.55271367880002E-15,1.,0.));
#11172=DIRECTION('',(0.,0.,1.));
#11173=DIRECTION('center_axis',(0.,0.,1.));
#11174=DIRECTION('ref_axis',(1.,0.,0.));
#11175=DIRECTION('center_axis',(0.,0.,-1.));
#11176=DIRECTION('ref_axis',(1.,0.,0.));
#11177=DIRECTION('center_axis',(0.,0.,1.));
#11178=DIRECTION('ref_axis',(1.,0.,0.));
#11179=DIRECTION('',(0.,0.,1.));
#11180=DIRECTION('center_axis',(3.55271367880094E-15,-1.,0.));
#11181=DIRECTION('ref_axis',(1.,3.55271367880094E-15,0.));
#11182=DIRECTION('',(-1.,-3.55271367880094E-15,0.));
#11183=DIRECTION('',(1.,3.55271367880094E-15,0.));
#11184=DIRECTION('',(0.,0.,1.));
#11185=DIRECTION('center_axis',(0.,0.,1.));
#11186=DIRECTION('ref_axis',(0.,-1.,0.));
#11187=DIRECTION('center_axis',(0.,0.,-1.));
#11188=DIRECTION('ref_axis',(0.,-1.,0.));
#11189=DIRECTION('center_axis',(0.,0.,1.));
#11190=DIRECTION('ref_axis',(0.,-1.,0.));
#11191=DIRECTION('',(0.,0.,1.));
#11192=DIRECTION('center_axis',(-1.,8.88178419700029E-16,0.));
#11193=DIRECTION('ref_axis',(-8.88178419700029E-16,-1.,0.));
#11194=DIRECTION('',(8.88178419700029E-16,1.,0.));
#11195=DIRECTION('',(-8.88178419700029E-16,-1.,0.));
#11196=DIRECTION('',(0.,0.,1.));
#11197=DIRECTION('center_axis',(0.,0.,1.));
#11198=DIRECTION('ref_axis',(-1.,0.,0.));
#11199=DIRECTION('center_axis',(0.,0.,-1.));
#11200=DIRECTION('ref_axis',(-1.,0.,0.));
#11201=DIRECTION('center_axis',(0.,0.,1.));
#11202=DIRECTION('ref_axis',(-1.,0.,0.));
#11203=DIRECTION('center_axis',(0.,1.,0.));
#11204=DIRECTION('ref_axis',(-1.,0.,0.));
#11205=DIRECTION('',(1.,0.,0.));
#11206=DIRECTION('',(0.,0.,1.));
#11207=DIRECTION('',(-1.,0.,0.));
#11208=DIRECTION('',(0.,0.,1.));
#11209=DIRECTION('center_axis',(0.,0.,1.));
#11210=DIRECTION('ref_axis',(-3.5527136788005E-15,1.,0.));
#11211=DIRECTION('center_axis',(0.,0.,-1.));
#11212=DIRECTION('ref_axis',(-3.5527136788005E-15,1.,0.));
#11213=DIRECTION('center_axis',(0.,0.,1.));
#11214=DIRECTION('ref_axis',(-3.5527136788005E-15,1.,0.));
#11215=DIRECTION('',(0.,0.,1.));
#11216=DIRECTION('center_axis',(1.,-3.55271367880002E-15,0.));
#11217=DIRECTION('ref_axis',(3.55271367880002E-15,1.,0.));
#11218=DIRECTION('',(-3.55271367880002E-15,-1.,0.));
#11219=DIRECTION('',(3.55271367880002E-15,1.,0.));
#11220=DIRECTION('',(0.,0.,1.));
#11221=DIRECTION('center_axis',(0.,0.,1.));
#11222=DIRECTION('ref_axis',(1.,0.,0.));
#11223=DIRECTION('center_axis',(0.,0.,-1.));
#11224=DIRECTION('ref_axis',(1.,0.,0.));
#11225=DIRECTION('center_axis',(0.,0.,1.));
#11226=DIRECTION('ref_axis',(1.,0.,0.));
#11227=DIRECTION('',(0.,0.,1.));
#11228=DIRECTION('center_axis',(3.55271367880094E-15,-1.,0.));
#11229=DIRECTION('ref_axis',(1.,3.55271367880094E-15,0.));
#11230=DIRECTION('',(-1.,-3.55271367880094E-15,0.));
#11231=DIRECTION('',(1.,3.55271367880094E-15,0.));
#11232=DIRECTION('',(0.,0.,1.));
#11233=DIRECTION('center_axis',(0.,0.,1.));
#11234=DIRECTION('ref_axis',(0.,-1.,0.));
#11235=DIRECTION('center_axis',(0.,0.,-1.));
#11236=DIRECTION('ref_axis',(0.,-1.,0.));
#11237=DIRECTION('center_axis',(0.,0.,1.));
#11238=DIRECTION('ref_axis',(0.,-1.,0.));
#11239=DIRECTION('',(0.,0.,1.));
#11240=DIRECTION('center_axis',(-1.,8.88178419700029E-16,0.));
#11241=DIRECTION('ref_axis',(-8.88178419700029E-16,-1.,0.));
#11242=DIRECTION('',(8.88178419700029E-16,1.,0.));
#11243=DIRECTION('',(-8.88178419700029E-16,-1.,0.));
#11244=DIRECTION('',(0.,0.,1.));
#11245=DIRECTION('center_axis',(0.,0.,1.));
#11246=DIRECTION('ref_axis',(-1.,0.,0.));
#11247=DIRECTION('center_axis',(0.,0.,-1.));
#11248=DIRECTION('ref_axis',(-1.,0.,0.));
#11249=DIRECTION('center_axis',(0.,0.,1.));
#11250=DIRECTION('ref_axis',(-1.,0.,0.));
#11251=DIRECTION('center_axis',(0.,1.,0.));
#11252=DIRECTION('ref_axis',(-1.,0.,0.));
#11253=DIRECTION('',(1.,0.,0.));
#11254=DIRECTION('',(0.,0.,1.));
#11255=DIRECTION('',(-1.,0.,0.));
#11256=DIRECTION('',(0.,0.,1.));
#11257=DIRECTION('center_axis',(0.,0.,1.));
#11258=DIRECTION('ref_axis',(-3.5527136788005E-15,1.,0.));
#11259=DIRECTION('center_axis',(0.,0.,-1.));
#11260=DIRECTION('ref_axis',(-3.5527136788005E-15,1.,0.));
#11261=DIRECTION('center_axis',(0.,0.,1.));
#11262=DIRECTION('ref_axis',(-3.5527136788005E-15,1.,0.));
#11263=DIRECTION('',(0.,0.,1.));
#11264=DIRECTION('center_axis',(1.,-3.55271367880002E-15,0.));
#11265=DIRECTION('ref_axis',(3.55271367880002E-15,1.,0.));
#11266=DIRECTION('',(-3.55271367880002E-15,-1.,0.));
#11267=DIRECTION('',(3.55271367880002E-15,1.,0.));
#11268=DIRECTION('',(0.,0.,1.));
#11269=DIRECTION('center_axis',(0.,0.,1.));
#11270=DIRECTION('ref_axis',(1.,0.,0.));
#11271=DIRECTION('center_axis',(0.,0.,-1.));
#11272=DIRECTION('ref_axis',(1.,0.,0.));
#11273=DIRECTION('center_axis',(0.,0.,1.));
#11274=DIRECTION('ref_axis',(1.,0.,0.));
#11275=DIRECTION('',(0.,0.,1.));
#11276=DIRECTION('center_axis',(3.55271367880094E-15,-1.,0.));
#11277=DIRECTION('ref_axis',(1.,3.55271367880094E-15,0.));
#11278=DIRECTION('',(-1.,-3.55271367880094E-15,0.));
#11279=DIRECTION('',(1.,3.55271367880094E-15,0.));
#11280=DIRECTION('',(0.,0.,1.));
#11281=DIRECTION('center_axis',(0.,0.,1.));
#11282=DIRECTION('ref_axis',(0.,-1.,0.));
#11283=DIRECTION('center_axis',(0.,0.,-1.));
#11284=DIRECTION('ref_axis',(0.,-1.,0.));
#11285=DIRECTION('center_axis',(0.,0.,1.));
#11286=DIRECTION('ref_axis',(0.,-1.,0.));
#11287=DIRECTION('',(0.,0.,1.));
#11288=DIRECTION('center_axis',(-1.,1.77635683940006E-15,0.));
#11289=DIRECTION('ref_axis',(-1.77635683940006E-15,-1.,0.));
#11290=DIRECTION('',(1.77635683940006E-15,1.,0.));
#11291=DIRECTION('',(-1.77635683940006E-15,-1.,0.));
#11292=DIRECTION('',(0.,0.,1.));
#11293=DIRECTION('center_axis',(0.,0.,1.));
#11294=DIRECTION('ref_axis',(-1.,0.,0.));
#11295=DIRECTION('center_axis',(0.,0.,-1.));
#11296=DIRECTION('ref_axis',(-1.,0.,0.));
#11297=DIRECTION('center_axis',(0.,0.,1.));
#11298=DIRECTION('ref_axis',(-1.,0.,0.));
#11299=DIRECTION('center_axis',(0.,1.,0.));
#11300=DIRECTION('ref_axis',(-1.,0.,0.));
#11301=DIRECTION('',(1.,0.,0.));
#11302=DIRECTION('',(0.,0.,1.));
#11303=DIRECTION('',(-1.,0.,0.));
#11304=DIRECTION('',(0.,0.,1.));
#11305=DIRECTION('center_axis',(0.,0.,1.));
#11306=DIRECTION('ref_axis',(-3.5527136788005E-15,1.,0.));
#11307=DIRECTION('center_axis',(0.,0.,-1.));
#11308=DIRECTION('ref_axis',(-3.5527136788005E-15,1.,0.));
#11309=DIRECTION('center_axis',(0.,0.,1.));
#11310=DIRECTION('ref_axis',(-3.5527136788005E-15,1.,0.));
#11311=DIRECTION('',(0.,0.,1.));
#11312=DIRECTION('center_axis',(1.,-3.55271367880002E-15,0.));
#11313=DIRECTION('ref_axis',(3.55271367880002E-15,1.,0.));
#11314=DIRECTION('',(-3.55271367880002E-15,-1.,0.));
#11315=DIRECTION('',(3.55271367880002E-15,1.,0.));
#11316=DIRECTION('',(0.,0.,1.));
#11317=DIRECTION('center_axis',(0.,0.,1.));
#11318=DIRECTION('ref_axis',(1.,0.,0.));
#11319=DIRECTION('center_axis',(0.,0.,-1.));
#11320=DIRECTION('ref_axis',(1.,0.,0.));
#11321=DIRECTION('center_axis',(0.,0.,1.));
#11322=DIRECTION('ref_axis',(1.,0.,0.));
#11323=DIRECTION('',(0.,0.,1.));
#11324=DIRECTION('center_axis',(3.55271367880094E-15,-1.,0.));
#11325=DIRECTION('ref_axis',(1.,3.55271367880094E-15,0.));
#11326=DIRECTION('',(-1.,-3.55271367880094E-15,0.));
#11327=DIRECTION('',(1.,3.55271367880094E-15,0.));
#11328=DIRECTION('',(0.,0.,1.));
#11329=DIRECTION('center_axis',(0.,0.,1.));
#11330=DIRECTION('ref_axis',(0.,-1.,0.));
#11331=DIRECTION('center_axis',(0.,0.,-1.));
#11332=DIRECTION('ref_axis',(0.,-1.,0.));
#11333=DIRECTION('center_axis',(0.,0.,1.));
#11334=DIRECTION('ref_axis',(0.,-1.,0.));
#11335=DIRECTION('',(0.,0.,1.));
#11336=DIRECTION('center_axis',(-1.,8.88178419700029E-16,0.));
#11337=DIRECTION('ref_axis',(-8.88178419700029E-16,-1.,0.));
#11338=DIRECTION('',(8.88178419700029E-16,1.,0.));
#11339=DIRECTION('',(-8.88178419700029E-16,-1.,0.));
#11340=DIRECTION('',(0.,0.,1.));
#11341=DIRECTION('center_axis',(0.,0.,1.));
#11342=DIRECTION('ref_axis',(-1.,0.,0.));
#11343=DIRECTION('center_axis',(0.,0.,-1.));
#11344=DIRECTION('ref_axis',(-1.,0.,0.));
#11345=DIRECTION('center_axis',(0.,0.,1.));
#11346=DIRECTION('ref_axis',(-1.,0.,0.));
#11347=DIRECTION('center_axis',(0.,1.,0.));
#11348=DIRECTION('ref_axis',(-1.,0.,0.));
#11349=DIRECTION('',(1.,0.,0.));
#11350=DIRECTION('',(0.,0.,1.));
#11351=DIRECTION('',(-1.,0.,0.));
#11352=DIRECTION('',(0.,0.,1.));
#11353=DIRECTION('center_axis',(0.,0.,1.));
#11354=DIRECTION('ref_axis',(-3.5527136788005E-15,1.,0.));
#11355=DIRECTION('center_axis',(0.,0.,-1.));
#11356=DIRECTION('ref_axis',(-3.5527136788005E-15,1.,0.));
#11357=DIRECTION('center_axis',(0.,0.,1.));
#11358=DIRECTION('ref_axis',(-3.5527136788005E-15,1.,0.));
#11359=DIRECTION('',(0.,0.,1.));
#11360=DIRECTION('center_axis',(1.,-3.55271367880002E-15,0.));
#11361=DIRECTION('ref_axis',(3.55271367880002E-15,1.,0.));
#11362=DIRECTION('',(-3.55271367880002E-15,-1.,0.));
#11363=DIRECTION('',(3.55271367880002E-15,1.,0.));
#11364=DIRECTION('',(0.,0.,1.));
#11365=DIRECTION('center_axis',(0.,0.,1.));
#11366=DIRECTION('ref_axis',(1.,0.,0.));
#11367=DIRECTION('center_axis',(0.,0.,-1.));
#11368=DIRECTION('ref_axis',(1.,0.,0.));
#11369=DIRECTION('center_axis',(0.,0.,1.));
#11370=DIRECTION('ref_axis',(1.,0.,0.));
#11371=DIRECTION('',(0.,0.,1.));
#11372=DIRECTION('center_axis',(3.55271367880094E-15,-1.,0.));
#11373=DIRECTION('ref_axis',(1.,3.55271367880094E-15,0.));
#11374=DIRECTION('',(-1.,-3.55271367880094E-15,0.));
#11375=DIRECTION('',(1.,3.55271367880094E-15,0.));
#11376=DIRECTION('',(0.,0.,1.));
#11377=DIRECTION('center_axis',(0.,0.,1.));
#11378=DIRECTION('ref_axis',(0.,-1.,0.));
#11379=DIRECTION('center_axis',(0.,0.,-1.));
#11380=DIRECTION('ref_axis',(0.,-1.,0.));
#11381=DIRECTION('center_axis',(0.,0.,1.));
#11382=DIRECTION('ref_axis',(0.,-1.,0.));
#11383=DIRECTION('',(0.,0.,1.));
#11384=DIRECTION('center_axis',(-1.,8.88178419700029E-16,0.));
#11385=DIRECTION('ref_axis',(-8.88178419700029E-16,-1.,0.));
#11386=DIRECTION('',(8.88178419700029E-16,1.,0.));
#11387=DIRECTION('',(-8.88178419700029E-16,-1.,0.));
#11388=DIRECTION('',(0.,0.,1.));
#11389=DIRECTION('center_axis',(0.,0.,1.));
#11390=DIRECTION('ref_axis',(-1.,0.,0.));
#11391=DIRECTION('center_axis',(0.,0.,-1.));
#11392=DIRECTION('ref_axis',(-1.,0.,0.));
#11393=DIRECTION('center_axis',(0.,0.,1.));
#11394=DIRECTION('ref_axis',(-1.,0.,0.));
#11395=DIRECTION('center_axis',(0.,1.,0.));
#11396=DIRECTION('ref_axis',(-1.,0.,0.));
#11397=DIRECTION('',(1.,0.,0.));
#11398=DIRECTION('',(0.,0.,1.));
#11399=DIRECTION('',(-1.,0.,0.));
#11400=DIRECTION('',(0.,0.,1.));
#11401=DIRECTION('center_axis',(0.,0.,1.));
#11402=DIRECTION('ref_axis',(-3.5527136788005E-15,1.,0.));
#11403=DIRECTION('center_axis',(0.,0.,-1.));
#11404=DIRECTION('ref_axis',(-3.5527136788005E-15,1.,0.));
#11405=DIRECTION('center_axis',(0.,0.,1.));
#11406=DIRECTION('ref_axis',(-3.5527136788005E-15,1.,0.));
#11407=DIRECTION('',(0.,0.,1.));
#11408=DIRECTION('center_axis',(1.,-3.55271367880002E-15,0.));
#11409=DIRECTION('ref_axis',(3.55271367880002E-15,1.,0.));
#11410=DIRECTION('',(-3.55271367880002E-15,-1.,0.));
#11411=DIRECTION('',(3.55271367880002E-15,1.,0.));
#11412=DIRECTION('',(0.,0.,1.));
#11413=DIRECTION('center_axis',(0.,0.,1.));
#11414=DIRECTION('ref_axis',(1.,0.,0.));
#11415=DIRECTION('center_axis',(0.,0.,-1.));
#11416=DIRECTION('ref_axis',(1.,0.,0.));
#11417=DIRECTION('center_axis',(0.,0.,1.));
#11418=DIRECTION('ref_axis',(1.,0.,0.));
#11419=DIRECTION('',(0.,0.,1.));
#11420=DIRECTION('center_axis',(3.55271367880094E-15,-1.,0.));
#11421=DIRECTION('ref_axis',(1.,3.55271367880094E-15,0.));
#11422=DIRECTION('',(-1.,-3.55271367880094E-15,0.));
#11423=DIRECTION('',(1.,3.55271367880094E-15,0.));
#11424=DIRECTION('',(0.,0.,1.));
#11425=DIRECTION('center_axis',(0.,0.,1.));
#11426=DIRECTION('ref_axis',(0.,-1.,0.));
#11427=DIRECTION('center_axis',(0.,0.,-1.));
#11428=DIRECTION('ref_axis',(0.,-1.,0.));
#11429=DIRECTION('center_axis',(0.,0.,1.));
#11430=DIRECTION('ref_axis',(0.,-1.,0.));
#11431=DIRECTION('',(0.,0.,1.));
#11432=DIRECTION('center_axis',(-1.,8.88178419700029E-16,0.));
#11433=DIRECTION('ref_axis',(-8.88178419700029E-16,-1.,0.));
#11434=DIRECTION('',(8.88178419700029E-16,1.,0.));
#11435=DIRECTION('',(-8.88178419700029E-16,-1.,0.));
#11436=DIRECTION('',(0.,0.,1.));
#11437=DIRECTION('center_axis',(0.,0.,1.));
#11438=DIRECTION('ref_axis',(-1.,0.,0.));
#11439=DIRECTION('center_axis',(0.,0.,-1.));
#11440=DIRECTION('ref_axis',(-1.,0.,0.));
#11441=DIRECTION('center_axis',(0.,0.,1.));
#11442=DIRECTION('ref_axis',(-1.,0.,0.));
#11443=DIRECTION('center_axis',(0.,1.,0.));
#11444=DIRECTION('ref_axis',(-1.,0.,0.));
#11445=DIRECTION('',(1.,0.,0.));
#11446=DIRECTION('',(0.,0.,1.));
#11447=DIRECTION('',(-1.,0.,0.));
#11448=DIRECTION('',(0.,0.,1.));
#11449=DIRECTION('center_axis',(0.,0.,1.));
#11450=DIRECTION('ref_axis',(-3.5527136788005E-15,1.,0.));
#11451=DIRECTION('center_axis',(0.,0.,-1.));
#11452=DIRECTION('ref_axis',(-3.5527136788005E-15,1.,0.));
#11453=DIRECTION('center_axis',(0.,0.,1.));
#11454=DIRECTION('ref_axis',(-3.5527136788005E-15,1.,0.));
#11455=DIRECTION('',(0.,0.,1.));
#11456=DIRECTION('center_axis',(1.,-3.55271367880002E-15,0.));
#11457=DIRECTION('ref_axis',(3.55271367880002E-15,1.,0.));
#11458=DIRECTION('',(-3.55271367880002E-15,-1.,0.));
#11459=DIRECTION('',(3.55271367880002E-15,1.,0.));
#11460=DIRECTION('',(0.,0.,1.));
#11461=DIRECTION('center_axis',(0.,0.,1.));
#11462=DIRECTION('ref_axis',(1.,0.,0.));
#11463=DIRECTION('center_axis',(0.,0.,-1.));
#11464=DIRECTION('ref_axis',(1.,0.,0.));
#11465=DIRECTION('center_axis',(0.,0.,1.));
#11466=DIRECTION('ref_axis',(1.,0.,0.));
#11467=DIRECTION('',(0.,0.,1.));
#11468=DIRECTION('center_axis',(3.55271367880094E-15,-1.,0.));
#11469=DIRECTION('ref_axis',(1.,3.55271367880094E-15,0.));
#11470=DIRECTION('',(-1.,-3.55271367880094E-15,0.));
#11471=DIRECTION('',(1.,3.55271367880094E-15,0.));
#11472=DIRECTION('',(0.,0.,1.));
#11473=DIRECTION('center_axis',(0.,0.,1.));
#11474=DIRECTION('ref_axis',(0.,-1.,0.));
#11475=DIRECTION('center_axis',(0.,0.,-1.));
#11476=DIRECTION('ref_axis',(0.,-1.,0.));
#11477=DIRECTION('center_axis',(0.,0.,1.));
#11478=DIRECTION('ref_axis',(0.,-1.,0.));
#11479=DIRECTION('',(0.,0.,1.));
#11480=DIRECTION('center_axis',(-1.,8.88178419700029E-16,0.));
#11481=DIRECTION('ref_axis',(-8.88178419700029E-16,-1.,0.));
#11482=DIRECTION('',(8.88178419700029E-16,1.,0.));
#11483=DIRECTION('',(-8.88178419700029E-16,-1.,0.));
#11484=DIRECTION('',(0.,0.,1.));
#11485=DIRECTION('center_axis',(0.,0.,1.));
#11486=DIRECTION('ref_axis',(-1.,0.,0.));
#11487=DIRECTION('center_axis',(0.,0.,-1.));
#11488=DIRECTION('ref_axis',(-1.,0.,0.));
#11489=DIRECTION('center_axis',(0.,0.,1.));
#11490=DIRECTION('ref_axis',(-1.,0.,0.));
#11491=DIRECTION('center_axis',(0.,1.,0.));
#11492=DIRECTION('ref_axis',(-1.,0.,0.));
#11493=DIRECTION('',(1.,0.,0.));
#11494=DIRECTION('',(0.,0.,1.));
#11495=DIRECTION('',(-1.,0.,0.));
#11496=DIRECTION('',(0.,0.,1.));
#11497=DIRECTION('center_axis',(0.,0.,1.));
#11498=DIRECTION('ref_axis',(-3.5527136788005E-15,1.,0.));
#11499=DIRECTION('center_axis',(0.,0.,-1.));
#11500=DIRECTION('ref_axis',(-3.5527136788005E-15,1.,0.));
#11501=DIRECTION('center_axis',(0.,0.,1.));
#11502=DIRECTION('ref_axis',(-3.5527136788005E-15,1.,0.));
#11503=DIRECTION('',(0.,0.,1.));
#11504=DIRECTION('center_axis',(1.,-3.55271367880002E-15,0.));
#11505=DIRECTION('ref_axis',(3.55271367880002E-15,1.,0.));
#11506=DIRECTION('',(-3.55271367880002E-15,-1.,0.));
#11507=DIRECTION('',(3.55271367880002E-15,1.,0.));
#11508=DIRECTION('',(0.,0.,1.));
#11509=DIRECTION('center_axis',(0.,0.,1.));
#11510=DIRECTION('ref_axis',(1.,0.,0.));
#11511=DIRECTION('center_axis',(0.,0.,-1.));
#11512=DIRECTION('ref_axis',(1.,0.,0.));
#11513=DIRECTION('center_axis',(0.,0.,1.));
#11514=DIRECTION('ref_axis',(1.,0.,0.));
#11515=DIRECTION('',(0.,0.,1.));
#11516=DIRECTION('center_axis',(3.55271367880094E-15,-1.,0.));
#11517=DIRECTION('ref_axis',(1.,3.55271367880094E-15,0.));
#11518=DIRECTION('',(-1.,-3.55271367880094E-15,0.));
#11519=DIRECTION('',(1.,3.55271367880094E-15,0.));
#11520=DIRECTION('',(0.,0.,1.));
#11521=DIRECTION('center_axis',(0.,0.,1.));
#11522=DIRECTION('ref_axis',(0.,-1.,0.));
#11523=DIRECTION('center_axis',(0.,0.,-1.));
#11524=DIRECTION('ref_axis',(0.,-1.,0.));
#11525=DIRECTION('center_axis',(0.,0.,1.));
#11526=DIRECTION('ref_axis',(0.,-1.,0.));
#11527=DIRECTION('',(0.,0.,1.));
#11528=DIRECTION('center_axis',(-1.,1.77635683940006E-15,0.));
#11529=DIRECTION('ref_axis',(-1.77635683940006E-15,-1.,0.));
#11530=DIRECTION('',(1.77635683940006E-15,1.,0.));
#11531=DIRECTION('',(-1.77635683940006E-15,-1.,0.));
#11532=DIRECTION('',(0.,0.,1.));
#11533=DIRECTION('center_axis',(0.,0.,1.));
#11534=DIRECTION('ref_axis',(-1.,0.,0.));
#11535=DIRECTION('center_axis',(0.,0.,-1.));
#11536=DIRECTION('ref_axis',(-1.,0.,0.));
#11537=DIRECTION('center_axis',(0.,0.,1.));
#11538=DIRECTION('ref_axis',(-1.,0.,0.));
#11539=DIRECTION('center_axis',(1.,-3.55271367880002E-15,0.));
#11540=DIRECTION('ref_axis',(3.55271367880002E-15,1.,0.));
#11541=DIRECTION('',(-3.55271367880002E-15,-1.,0.));
#11542=DIRECTION('',(0.,0.,1.));
#11543=DIRECTION('',(3.55271367880002E-15,1.,0.));
#11544=DIRECTION('',(0.,0.,1.));
#11545=DIRECTION('center_axis',(0.,0.,1.));
#11546=DIRECTION('ref_axis',(1.,0.,0.));
#11547=DIRECTION('center_axis',(0.,0.,-1.));
#11548=DIRECTION('ref_axis',(1.,0.,0.));
#11549=DIRECTION('center_axis',(0.,0.,1.));
#11550=DIRECTION('ref_axis',(1.,0.,0.));
#11551=DIRECTION('',(0.,0.,1.));
#11552=DIRECTION('center_axis',(3.55271367880094E-15,-1.,0.));
#11553=DIRECTION('ref_axis',(1.,3.55271367880094E-15,0.));
#11554=DIRECTION('',(-1.,-3.55271367880094E-15,0.));
#11555=DIRECTION('',(1.,3.55271367880094E-15,0.));
#11556=DIRECTION('',(0.,0.,1.));
#11557=DIRECTION('center_axis',(0.,0.,1.));
#11558=DIRECTION('ref_axis',(0.,-1.,0.));
#11559=DIRECTION('center_axis',(0.,0.,-1.));
#11560=DIRECTION('ref_axis',(0.,-1.,0.));
#11561=DIRECTION('center_axis',(0.,0.,1.));
#11562=DIRECTION('ref_axis',(0.,-1.,0.));
#11563=DIRECTION('',(0.,0.,1.));
#11564=DIRECTION('center_axis',(-1.,8.88178419700029E-16,0.));
#11565=DIRECTION('ref_axis',(-8.88178419700029E-16,-1.,0.));
#11566=DIRECTION('',(8.88178419700029E-16,1.,0.));
#11567=DIRECTION('',(-8.88178419700029E-16,-1.,0.));
#11568=DIRECTION('',(0.,0.,1.));
#11569=DIRECTION('center_axis',(0.,0.,1.));
#11570=DIRECTION('ref_axis',(-1.,0.,0.));
#11571=DIRECTION('center_axis',(0.,0.,-1.));
#11572=DIRECTION('ref_axis',(-1.,0.,0.));
#11573=DIRECTION('center_axis',(0.,0.,1.));
#11574=DIRECTION('ref_axis',(-1.,0.,0.));
#11575=DIRECTION('',(0.,0.,1.));
#11576=DIRECTION('center_axis',(0.,1.,0.));
#11577=DIRECTION('ref_axis',(-1.,0.,0.));
#11578=DIRECTION('',(1.,0.,0.));
#11579=DIRECTION('',(-1.,0.,0.));
#11580=DIRECTION('',(0.,0.,1.));
#11581=DIRECTION('center_axis',(0.,0.,1.));
#11582=DIRECTION('ref_axis',(-3.5527136788005E-15,1.,0.));
#11583=DIRECTION('center_axis',(0.,0.,-1.));
#11584=DIRECTION('ref_axis',(-3.5527136788005E-15,1.,0.));
#11585=DIRECTION('center_axis',(0.,0.,1.));
#11586=DIRECTION('ref_axis',(-3.5527136788005E-15,1.,0.));
#11587=DIRECTION('center_axis',(0.,1.,0.));
#11588=DIRECTION('ref_axis',(-1.,0.,0.));
#11589=DIRECTION('',(1.,0.,0.));
#11590=DIRECTION('',(0.,0.,1.));
#11591=DIRECTION('',(-1.,0.,0.));
#11592=DIRECTION('',(0.,0.,1.));
#11593=DIRECTION('center_axis',(0.,0.,1.));
#11594=DIRECTION('ref_axis',(-3.5527136788005E-15,1.,0.));
#11595=DIRECTION('center_axis',(0.,0.,-1.));
#11596=DIRECTION('ref_axis',(-3.5527136788005E-15,1.,0.));
#11597=DIRECTION('center_axis',(0.,0.,1.));
#11598=DIRECTION('ref_axis',(-3.5527136788005E-15,1.,0.));
#11599=DIRECTION('',(0.,0.,1.));
#11600=DIRECTION('center_axis',(1.,-3.55271367880002E-15,0.));
#11601=DIRECTION('ref_axis',(3.55271367880002E-15,1.,0.));
#11602=DIRECTION('',(-3.55271367880002E-15,-1.,0.));
#11603=DIRECTION('',(3.55271367880002E-15,1.,0.));
#11604=DIRECTION('',(0.,0.,1.));
#11605=DIRECTION('center_axis',(0.,0.,1.));
#11606=DIRECTION('ref_axis',(1.,0.,0.));
#11607=DIRECTION('center_axis',(0.,0.,-1.));
#11608=DIRECTION('ref_axis',(1.,0.,0.));
#11609=DIRECTION('center_axis',(0.,0.,1.));
#11610=DIRECTION('ref_axis',(1.,0.,0.));
#11611=DIRECTION('',(0.,0.,1.));
#11612=DIRECTION('center_axis',(3.55271367880094E-15,-1.,0.));
#11613=DIRECTION('ref_axis',(1.,3.55271367880094E-15,0.));
#11614=DIRECTION('',(-1.,-3.55271367880094E-15,0.));
#11615=DIRECTION('',(1.,3.55271367880094E-15,0.));
#11616=DIRECTION('',(0.,0.,1.));
#11617=DIRECTION('center_axis',(0.,0.,1.));
#11618=DIRECTION('ref_axis',(0.,-1.,0.));
#11619=DIRECTION('center_axis',(0.,0.,-1.));
#11620=DIRECTION('ref_axis',(0.,-1.,0.));
#11621=DIRECTION('center_axis',(0.,0.,1.));
#11622=DIRECTION('ref_axis',(0.,-1.,0.));
#11623=DIRECTION('',(0.,0.,1.));
#11624=DIRECTION('center_axis',(-1.,8.88178419700029E-16,0.));
#11625=DIRECTION('ref_axis',(-8.88178419700029E-16,-1.,0.));
#11626=DIRECTION('',(8.88178419700029E-16,1.,0.));
#11627=DIRECTION('',(-8.88178419700029E-16,-1.,0.));
#11628=DIRECTION('',(0.,0.,1.));
#11629=DIRECTION('center_axis',(0.,0.,1.));
#11630=DIRECTION('ref_axis',(-1.,0.,0.));
#11631=DIRECTION('center_axis',(0.,0.,-1.));
#11632=DIRECTION('ref_axis',(-1.,0.,0.));
#11633=DIRECTION('center_axis',(0.,0.,1.));
#11634=DIRECTION('ref_axis',(-1.,0.,0.));
#11635=DIRECTION('center_axis',(0.,1.,0.));
#11636=DIRECTION('ref_axis',(-1.,0.,0.));
#11637=DIRECTION('',(1.,0.,0.));
#11638=DIRECTION('',(0.,0.,1.));
#11639=DIRECTION('',(-1.,0.,0.));
#11640=DIRECTION('',(0.,0.,1.));
#11641=DIRECTION('center_axis',(0.,0.,1.));
#11642=DIRECTION('ref_axis',(-3.5527136788005E-15,1.,0.));
#11643=DIRECTION('center_axis',(0.,0.,-1.));
#11644=DIRECTION('ref_axis',(-3.5527136788005E-15,1.,0.));
#11645=DIRECTION('center_axis',(0.,0.,1.));
#11646=DIRECTION('ref_axis',(-3.5527136788005E-15,1.,0.));
#11647=DIRECTION('',(0.,0.,1.));
#11648=DIRECTION('center_axis',(1.,-3.55271367880002E-15,0.));
#11649=DIRECTION('ref_axis',(3.55271367880002E-15,1.,0.));
#11650=DIRECTION('',(-3.55271367880002E-15,-1.,0.));
#11651=DIRECTION('',(3.55271367880002E-15,1.,0.));
#11652=DIRECTION('',(0.,0.,1.));
#11653=DIRECTION('center_axis',(0.,0.,1.));
#11654=DIRECTION('ref_axis',(1.,0.,0.));
#11655=DIRECTION('center_axis',(0.,0.,-1.));
#11656=DIRECTION('ref_axis',(1.,0.,0.));
#11657=DIRECTION('center_axis',(0.,0.,1.));
#11658=DIRECTION('ref_axis',(1.,0.,0.));
#11659=DIRECTION('',(0.,0.,1.));
#11660=DIRECTION('center_axis',(3.55271367880094E-15,-1.,0.));
#11661=DIRECTION('ref_axis',(1.,3.55271367880094E-15,0.));
#11662=DIRECTION('',(-1.,-3.55271367880094E-15,0.));
#11663=DIRECTION('',(1.,3.55271367880094E-15,0.));
#11664=DIRECTION('',(0.,0.,1.));
#11665=DIRECTION('center_axis',(0.,0.,1.));
#11666=DIRECTION('ref_axis',(0.,-1.,0.));
#11667=DIRECTION('center_axis',(0.,0.,-1.));
#11668=DIRECTION('ref_axis',(0.,-1.,0.));
#11669=DIRECTION('center_axis',(0.,0.,1.));
#11670=DIRECTION('ref_axis',(0.,-1.,0.));
#11671=DIRECTION('',(0.,0.,1.));
#11672=DIRECTION('center_axis',(-1.,8.88178419700029E-16,0.));
#11673=DIRECTION('ref_axis',(-8.88178419700029E-16,-1.,0.));
#11674=DIRECTION('',(8.88178419700029E-16,1.,0.));
#11675=DIRECTION('',(-8.88178419700029E-16,-1.,0.));
#11676=DIRECTION('',(0.,0.,1.));
#11677=DIRECTION('center_axis',(0.,0.,1.));
#11678=DIRECTION('ref_axis',(-1.,0.,0.));
#11679=DIRECTION('center_axis',(0.,0.,-1.));
#11680=DIRECTION('ref_axis',(-1.,0.,0.));
#11681=DIRECTION('center_axis',(0.,0.,1.));
#11682=DIRECTION('ref_axis',(-1.,0.,0.));
#11683=DIRECTION('center_axis',(0.,1.,0.));
#11684=DIRECTION('ref_axis',(-1.,0.,0.));
#11685=DIRECTION('',(1.,0.,0.));
#11686=DIRECTION('',(0.,0.,1.));
#11687=DIRECTION('',(-1.,0.,0.));
#11688=DIRECTION('',(0.,0.,1.));
#11689=DIRECTION('center_axis',(0.,0.,1.));
#11690=DIRECTION('ref_axis',(-3.5527136788005E-15,1.,0.));
#11691=DIRECTION('center_axis',(0.,0.,-1.));
#11692=DIRECTION('ref_axis',(-3.5527136788005E-15,1.,0.));
#11693=DIRECTION('center_axis',(0.,0.,1.));
#11694=DIRECTION('ref_axis',(-3.5527136788005E-15,1.,0.));
#11695=DIRECTION('',(0.,0.,1.));
#11696=DIRECTION('center_axis',(1.,-3.55271367880002E-15,0.));
#11697=DIRECTION('ref_axis',(3.55271367880002E-15,1.,0.));
#11698=DIRECTION('',(-3.55271367880002E-15,-1.,0.));
#11699=DIRECTION('',(3.55271367880002E-15,1.,0.));
#11700=DIRECTION('',(0.,0.,1.));
#11701=DIRECTION('center_axis',(0.,0.,1.));
#11702=DIRECTION('ref_axis',(1.,0.,0.));
#11703=DIRECTION('center_axis',(0.,0.,-1.));
#11704=DIRECTION('ref_axis',(1.,0.,0.));
#11705=DIRECTION('center_axis',(0.,0.,1.));
#11706=DIRECTION('ref_axis',(1.,0.,0.));
#11707=DIRECTION('',(0.,0.,1.));
#11708=DIRECTION('center_axis',(3.55271367880094E-15,-1.,0.));
#11709=DIRECTION('ref_axis',(1.,3.55271367880094E-15,0.));
#11710=DIRECTION('',(-1.,-3.55271367880094E-15,0.));
#11711=DIRECTION('',(1.,3.55271367880094E-15,0.));
#11712=DIRECTION('',(0.,0.,1.));
#11713=DIRECTION('center_axis',(0.,0.,1.));
#11714=DIRECTION('ref_axis',(0.,-1.,0.));
#11715=DIRECTION('center_axis',(0.,0.,-1.));
#11716=DIRECTION('ref_axis',(0.,-1.,0.));
#11717=DIRECTION('center_axis',(0.,0.,1.));
#11718=DIRECTION('ref_axis',(0.,-1.,0.));
#11719=DIRECTION('',(0.,0.,1.));
#11720=DIRECTION('center_axis',(-1.,8.88178419700029E-16,0.));
#11721=DIRECTION('ref_axis',(-8.88178419700029E-16,-1.,0.));
#11722=DIRECTION('',(8.88178419700029E-16,1.,0.));
#11723=DIRECTION('',(-8.88178419700029E-16,-1.,0.));
#11724=DIRECTION('',(0.,0.,1.));
#11725=DIRECTION('center_axis',(0.,0.,1.));
#11726=DIRECTION('ref_axis',(-1.,0.,0.));
#11727=DIRECTION('center_axis',(0.,0.,-1.));
#11728=DIRECTION('ref_axis',(-1.,0.,0.));
#11729=DIRECTION('center_axis',(0.,0.,1.));
#11730=DIRECTION('ref_axis',(-1.,0.,0.));
#11731=DIRECTION('center_axis',(0.,1.,0.));
#11732=DIRECTION('ref_axis',(-1.,0.,0.));
#11733=DIRECTION('',(1.,0.,0.));
#11734=DIRECTION('',(0.,0.,1.));
#11735=DIRECTION('',(-1.,0.,0.));
#11736=DIRECTION('',(0.,0.,1.));
#11737=DIRECTION('center_axis',(0.,0.,1.));
#11738=DIRECTION('ref_axis',(-3.5527136788005E-15,1.,0.));
#11739=DIRECTION('center_axis',(0.,0.,-1.));
#11740=DIRECTION('ref_axis',(-3.5527136788005E-15,1.,0.));
#11741=DIRECTION('center_axis',(0.,0.,1.));
#11742=DIRECTION('ref_axis',(-3.5527136788005E-15,1.,0.));
#11743=DIRECTION('',(0.,0.,1.));
#11744=DIRECTION('center_axis',(1.,-3.55271367880002E-15,0.));
#11745=DIRECTION('ref_axis',(3.55271367880002E-15,1.,0.));
#11746=DIRECTION('',(-3.55271367880002E-15,-1.,0.));
#11747=DIRECTION('',(3.55271367880002E-15,1.,0.));
#11748=DIRECTION('',(0.,0.,1.));
#11749=DIRECTION('center_axis',(0.,0.,1.));
#11750=DIRECTION('ref_axis',(1.,0.,0.));
#11751=DIRECTION('center_axis',(0.,0.,-1.));
#11752=DIRECTION('ref_axis',(1.,0.,0.));
#11753=DIRECTION('center_axis',(0.,0.,1.));
#11754=DIRECTION('ref_axis',(1.,0.,0.));
#11755=DIRECTION('',(0.,0.,1.));
#11756=DIRECTION('center_axis',(3.55271367880094E-15,-1.,0.));
#11757=DIRECTION('ref_axis',(1.,3.55271367880094E-15,0.));
#11758=DIRECTION('',(-1.,-3.55271367880094E-15,0.));
#11759=DIRECTION('',(1.,3.55271367880094E-15,0.));
#11760=DIRECTION('',(0.,0.,1.));
#11761=DIRECTION('center_axis',(0.,0.,1.));
#11762=DIRECTION('ref_axis',(0.,-1.,0.));
#11763=DIRECTION('center_axis',(0.,0.,-1.));
#11764=DIRECTION('ref_axis',(0.,-1.,0.));
#11765=DIRECTION('center_axis',(0.,0.,1.));
#11766=DIRECTION('ref_axis',(0.,-1.,0.));
#11767=DIRECTION('',(0.,0.,1.));
#11768=DIRECTION('center_axis',(-1.,1.77635683940006E-15,0.));
#11769=DIRECTION('ref_axis',(-1.77635683940006E-15,-1.,0.));
#11770=DIRECTION('',(1.77635683940006E-15,1.,0.));
#11771=DIRECTION('',(-1.77635683940006E-15,-1.,0.));
#11772=DIRECTION('',(0.,0.,1.));
#11773=DIRECTION('center_axis',(0.,0.,1.));
#11774=DIRECTION('ref_axis',(-1.,0.,0.));
#11775=DIRECTION('center_axis',(0.,0.,-1.));
#11776=DIRECTION('ref_axis',(-1.,0.,0.));
#11777=DIRECTION('center_axis',(0.,0.,1.));
#11778=DIRECTION('ref_axis',(-1.,0.,0.));
#11779=DIRECTION('center_axis',(0.,1.,0.));
#11780=DIRECTION('ref_axis',(-1.,0.,0.));
#11781=DIRECTION('',(1.,0.,0.));
#11782=DIRECTION('',(0.,0.,1.));
#11783=DIRECTION('',(-1.,0.,0.));
#11784=DIRECTION('',(0.,0.,1.));
#11785=DIRECTION('center_axis',(0.,0.,1.));
#11786=DIRECTION('ref_axis',(-3.5527136788005E-15,1.,0.));
#11787=DIRECTION('center_axis',(0.,0.,-1.));
#11788=DIRECTION('ref_axis',(-3.5527136788005E-15,1.,0.));
#11789=DIRECTION('center_axis',(0.,0.,1.));
#11790=DIRECTION('ref_axis',(-3.5527136788005E-15,1.,0.));
#11791=DIRECTION('',(0.,0.,1.));
#11792=DIRECTION('center_axis',(1.,-3.55271367880002E-15,0.));
#11793=DIRECTION('ref_axis',(3.55271367880002E-15,1.,0.));
#11794=DIRECTION('',(-3.55271367880002E-15,-1.,0.));
#11795=DIRECTION('',(3.55271367880002E-15,1.,0.));
#11796=DIRECTION('',(0.,0.,1.));
#11797=DIRECTION('center_axis',(0.,0.,1.));
#11798=DIRECTION('ref_axis',(1.,0.,0.));
#11799=DIRECTION('center_axis',(0.,0.,-1.));
#11800=DIRECTION('ref_axis',(1.,0.,0.));
#11801=DIRECTION('center_axis',(0.,0.,1.));
#11802=DIRECTION('ref_axis',(1.,0.,0.));
#11803=DIRECTION('',(0.,0.,1.));
#11804=DIRECTION('center_axis',(3.55271367880094E-15,-1.,0.));
#11805=DIRECTION('ref_axis',(1.,3.55271367880094E-15,0.));
#11806=DIRECTION('',(-1.,-3.55271367880094E-15,0.));
#11807=DIRECTION('',(1.,3.55271367880094E-15,0.));
#11808=DIRECTION('',(0.,0.,1.));
#11809=DIRECTION('center_axis',(0.,0.,1.));
#11810=DIRECTION('ref_axis',(0.,-1.,0.));
#11811=DIRECTION('center_axis',(0.,0.,-1.));
#11812=DIRECTION('ref_axis',(0.,-1.,0.));
#11813=DIRECTION('center_axis',(0.,0.,1.));
#11814=DIRECTION('ref_axis',(0.,-1.,0.));
#11815=DIRECTION('',(0.,0.,1.));
#11816=DIRECTION('center_axis',(-1.,8.88178419700029E-16,0.));
#11817=DIRECTION('ref_axis',(-8.88178419700029E-16,-1.,0.));
#11818=DIRECTION('',(8.88178419700029E-16,1.,0.));
#11819=DIRECTION('',(-8.88178419700029E-16,-1.,0.));
#11820=DIRECTION('',(0.,0.,1.));
#11821=DIRECTION('center_axis',(0.,0.,1.));
#11822=DIRECTION('ref_axis',(-1.,0.,0.));
#11823=DIRECTION('center_axis',(0.,0.,-1.));
#11824=DIRECTION('ref_axis',(-1.,0.,0.));
#11825=DIRECTION('center_axis',(0.,0.,1.));
#11826=DIRECTION('ref_axis',(-1.,0.,0.));
#11827=DIRECTION('center_axis',(0.,1.,0.));
#11828=DIRECTION('ref_axis',(-1.,0.,0.));
#11829=DIRECTION('',(1.,0.,0.));
#11830=DIRECTION('',(0.,0.,1.));
#11831=DIRECTION('',(-1.,0.,0.));
#11832=DIRECTION('',(0.,0.,1.));
#11833=DIRECTION('center_axis',(0.,0.,1.));
#11834=DIRECTION('ref_axis',(-3.5527136788005E-15,1.,0.));
#11835=DIRECTION('center_axis',(0.,0.,-1.));
#11836=DIRECTION('ref_axis',(-3.5527136788005E-15,1.,0.));
#11837=DIRECTION('center_axis',(0.,0.,1.));
#11838=DIRECTION('ref_axis',(-3.5527136788005E-15,1.,0.));
#11839=DIRECTION('',(0.,0.,1.));
#11840=DIRECTION('center_axis',(1.,-3.55271367880002E-15,0.));
#11841=DIRECTION('ref_axis',(3.55271367880002E-15,1.,0.));
#11842=DIRECTION('',(-3.55271367880002E-15,-1.,0.));
#11843=DIRECTION('',(3.55271367880002E-15,1.,0.));
#11844=DIRECTION('',(0.,0.,1.));
#11845=DIRECTION('center_axis',(0.,0.,1.));
#11846=DIRECTION('ref_axis',(1.,0.,0.));
#11847=DIRECTION('center_axis',(0.,0.,-1.));
#11848=DIRECTION('ref_axis',(1.,0.,0.));
#11849=DIRECTION('center_axis',(0.,0.,1.));
#11850=DIRECTION('ref_axis',(1.,0.,0.));
#11851=DIRECTION('',(0.,0.,1.));
#11852=DIRECTION('center_axis',(3.55271367880094E-15,-1.,0.));
#11853=DIRECTION('ref_axis',(1.,3.55271367880094E-15,0.));
#11854=DIRECTION('',(-1.,-3.55271367880094E-15,0.));
#11855=DIRECTION('',(1.,3.55271367880094E-15,0.));
#11856=DIRECTION('',(0.,0.,1.));
#11857=DIRECTION('center_axis',(0.,0.,1.));
#11858=DIRECTION('ref_axis',(0.,-1.,0.));
#11859=DIRECTION('center_axis',(0.,0.,-1.));
#11860=DIRECTION('ref_axis',(0.,-1.,0.));
#11861=DIRECTION('center_axis',(0.,0.,1.));
#11862=DIRECTION('ref_axis',(0.,-1.,0.));
#11863=DIRECTION('',(0.,0.,1.));
#11864=DIRECTION('center_axis',(-1.,8.88178419700029E-16,0.));
#11865=DIRECTION('ref_axis',(-8.88178419700029E-16,-1.,0.));
#11866=DIRECTION('',(8.88178419700029E-16,1.,0.));
#11867=DIRECTION('',(-8.88178419700029E-16,-1.,0.));
#11868=DIRECTION('',(0.,0.,1.));
#11869=DIRECTION('center_axis',(0.,0.,1.));
#11870=DIRECTION('ref_axis',(-1.,0.,0.));
#11871=DIRECTION('center_axis',(0.,0.,-1.));
#11872=DIRECTION('ref_axis',(-1.,0.,0.));
#11873=DIRECTION('center_axis',(0.,0.,1.));
#11874=DIRECTION('ref_axis',(-1.,0.,0.));
#11875=DIRECTION('center_axis',(0.,1.,0.));
#11876=DIRECTION('ref_axis',(-1.,0.,0.));
#11877=DIRECTION('',(1.,0.,0.));
#11878=DIRECTION('',(0.,0.,1.));
#11879=DIRECTION('',(-1.,0.,0.));
#11880=DIRECTION('',(0.,0.,1.));
#11881=DIRECTION('center_axis',(0.,0.,1.));
#11882=DIRECTION('ref_axis',(-3.5527136788005E-15,1.,0.));
#11883=DIRECTION('center_axis',(0.,0.,-1.));
#11884=DIRECTION('ref_axis',(-3.5527136788005E-15,1.,0.));
#11885=DIRECTION('center_axis',(0.,0.,1.));
#11886=DIRECTION('ref_axis',(-3.5527136788005E-15,1.,0.));
#11887=DIRECTION('',(0.,0.,1.));
#11888=DIRECTION('center_axis',(1.,-3.55271367880002E-15,0.));
#11889=DIRECTION('ref_axis',(3.55271367880002E-15,1.,0.));
#11890=DIRECTION('',(-3.55271367880002E-15,-1.,0.));
#11891=DIRECTION('',(3.55271367880002E-15,1.,0.));
#11892=DIRECTION('',(0.,0.,1.));
#11893=DIRECTION('center_axis',(0.,0.,1.));
#11894=DIRECTION('ref_axis',(1.,0.,0.));
#11895=DIRECTION('center_axis',(0.,0.,-1.));
#11896=DIRECTION('ref_axis',(1.,0.,0.));
#11897=DIRECTION('center_axis',(0.,0.,1.));
#11898=DIRECTION('ref_axis',(1.,0.,0.));
#11899=DIRECTION('',(0.,0.,1.));
#11900=DIRECTION('center_axis',(3.55271367880094E-15,-1.,0.));
#11901=DIRECTION('ref_axis',(1.,3.55271367880094E-15,0.));
#11902=DIRECTION('',(-1.,-3.55271367880094E-15,0.));
#11903=DIRECTION('',(1.,3.55271367880094E-15,0.));
#11904=DIRECTION('',(0.,0.,1.));
#11905=DIRECTION('center_axis',(0.,0.,1.));
#11906=DIRECTION('ref_axis',(0.,-1.,0.));
#11907=DIRECTION('center_axis',(0.,0.,-1.));
#11908=DIRECTION('ref_axis',(0.,-1.,0.));
#11909=DIRECTION('center_axis',(0.,0.,1.));
#11910=DIRECTION('ref_axis',(0.,-1.,0.));
#11911=DIRECTION('',(0.,0.,1.));
#11912=DIRECTION('center_axis',(-1.,8.88178419700029E-16,0.));
#11913=DIRECTION('ref_axis',(-8.88178419700029E-16,-1.,0.));
#11914=DIRECTION('',(8.88178419700029E-16,1.,0.));
#11915=DIRECTION('',(-8.88178419700029E-16,-1.,0.));
#11916=DIRECTION('',(0.,0.,1.));
#11917=DIRECTION('center_axis',(0.,0.,1.));
#11918=DIRECTION('ref_axis',(-1.,0.,0.));
#11919=DIRECTION('center_axis',(0.,0.,-1.));
#11920=DIRECTION('ref_axis',(-1.,0.,0.));
#11921=DIRECTION('center_axis',(0.,0.,1.));
#11922=DIRECTION('ref_axis',(-1.,0.,0.));
#11923=DIRECTION('center_axis',(0.,0.,1.));
#11924=DIRECTION('ref_axis',(-1.,0.,0.));
#11925=DIRECTION('center_axis',(0.,0.,-1.));
#11926=DIRECTION('ref_axis',(-1.,0.,0.));
#11927=DIRECTION('',(0.,0.,1.));
#11928=DIRECTION('center_axis',(0.,0.,1.));
#11929=DIRECTION('ref_axis',(-1.,0.,0.));
#11930=DIRECTION('',(0.,0.,1.));
#11931=DIRECTION('center_axis',(0.,1.,0.));
#11932=DIRECTION('ref_axis',(-1.,0.,0.));
#11933=DIRECTION('',(1.,0.,0.));
#11934=DIRECTION('',(-1.,0.,0.));
#11935=DIRECTION('',(0.,0.,1.));
#11936=DIRECTION('center_axis',(0.,0.,1.));
#11937=DIRECTION('ref_axis',(-3.5527136788005E-15,1.,0.));
#11938=DIRECTION('center_axis',(0.,0.,-1.));
#11939=DIRECTION('ref_axis',(-3.5527136788005E-15,1.,0.));
#11940=DIRECTION('center_axis',(0.,0.,1.));
#11941=DIRECTION('ref_axis',(-3.5527136788005E-15,1.,0.));
#11942=DIRECTION('',(0.,0.,1.));
#11943=DIRECTION('center_axis',(1.,-3.55271367880002E-15,0.));
#11944=DIRECTION('ref_axis',(3.55271367880002E-15,1.,0.));
#11945=DIRECTION('',(-3.55271367880002E-15,-1.,0.));
#11946=DIRECTION('',(3.55271367880002E-15,1.,0.));
#11947=DIRECTION('',(0.,0.,1.));
#11948=DIRECTION('',(-1.3595646648136E-15,-0.38268343236509,0.923879532511287));
#11949=DIRECTION('center_axis',(3.55271367880094E-15,-1.,0.));
#11950=DIRECTION('ref_axis',(1.,3.55271367880094E-15,0.));
#11951=DIRECTION('',(1.,3.55271367880094E-15,0.));
#11952=DIRECTION('',(0.,0.,1.));
#11953=DIRECTION('',(1.,3.55271367880094E-15,0.));
#11954=DIRECTION('',(0.,0.,1.));
#11955=DIRECTION('center_axis',(0.,0.,1.));
#11956=DIRECTION('ref_axis',(0.,-1.,0.));
#11957=DIRECTION('center_axis',(0.,-0.923879532511287,-0.38268343236509));
#11958=DIRECTION('ref_axis',(0.,-0.38268343236509,0.923879532511287));
#11959=DIRECTION('center_axis',(0.,0.,1.));
#11960=DIRECTION('ref_axis',(0.,-1.,0.));
#11961=DIRECTION('center_axis',(0.,0.,1.));
#11962=DIRECTION('ref_axis',(0.,-1.,0.));
#11963=DIRECTION('',(0.,0.,1.));
#11964=DIRECTION('center_axis',(-1.,8.88178419700029E-16,0.));
#11965=DIRECTION('ref_axis',(-8.88178419700029E-16,-1.,0.));
#11966=DIRECTION('',(8.88178419700029E-16,1.,0.));
#11967=DIRECTION('',(3.39891166203408E-16,0.38268343236509,-0.923879532511287));
#11968=DIRECTION('',(-8.88178419700029E-16,-1.,0.));
#11969=DIRECTION('center_axis',(0.,0.,1.));
#11970=DIRECTION('ref_axis',(1.,0.,0.));
#11971=DIRECTION('center_axis',(0.,-0.923879532511287,-0.38268343236509));
#11972=DIRECTION('ref_axis',(0.,0.38268343236509,-0.923879532511287));
#11973=DIRECTION('center_axis',(0.,0.,1.));
#11974=DIRECTION('ref_axis',(1.,0.,0.));
#11975=DIRECTION('center_axis',(0.,0.,1.));
#11976=DIRECTION('ref_axis',(1.,0.,0.));
#11977=DIRECTION('center_axis',(0.,0.,-1.));
#11978=DIRECTION('ref_axis',(1.,0.,0.));
#11979=DIRECTION('',(-1.,0.,0.));
#11980=DIRECTION('center_axis',(3.55271367880094E-15,-1.,0.));
#11981=DIRECTION('ref_axis',(1.,3.55271367880094E-15,0.));
#11982=DIRECTION('',(1.,3.55271367880094E-15,0.));
#11983=DIRECTION('',(0.,0.,1.));
#11984=DIRECTION('',(1.,3.55271367880094E-15,0.));
#11985=DIRECTION('',(0.,0.,1.));
#11986=DIRECTION('center_axis',(0.,0.,1.));
#11987=DIRECTION('ref_axis',(0.,-1.,0.));
#11988=DIRECTION('center_axis',(0.,0.,1.));
#11989=DIRECTION('ref_axis',(0.,-1.,0.));
#11990=DIRECTION('',(0.,0.,1.));
#11991=DIRECTION('center_axis',(0.,0.,1.));
#11992=DIRECTION('ref_axis',(0.,-1.,0.));
#11993=DIRECTION('center_axis',(-1.,1.77635683940006E-15,0.));
#11994=DIRECTION('ref_axis',(-1.77635683940006E-15,-1.,0.));
#11995=DIRECTION('',(-1.77635683940006E-15,-1.,0.));
#11996=DIRECTION('',(0.,0.,1.));
#11997=DIRECTION('',(-1.77635683940006E-15,-1.,0.));
#11998=DIRECTION('center_axis',(0.,0.,1.));
#11999=DIRECTION('ref_axis',(-1.,0.,0.));
#12000=DIRECTION('center_axis',(0.,0.,1.));
#12001=DIRECTION('ref_axis',(-1.,0.,0.));
#12002=DIRECTION('',(0.,0.,1.));
#12003=DIRECTION('center_axis',(0.,0.,1.));
#12004=DIRECTION('ref_axis',(-1.,0.,0.));
#12005=DIRECTION('center_axis',(0.,1.,0.));
#12006=DIRECTION('ref_axis',(-1.,0.,0.));
#12007=DIRECTION('',(-1.,0.,0.));
#12008=DIRECTION('',(0.,0.,1.));
#12009=DIRECTION('',(-1.,0.,0.));
#12010=DIRECTION('center_axis',(0.,0.,1.));
#12011=DIRECTION('ref_axis',(-3.5527136788005E-15,1.,0.));
#12012=DIRECTION('center_axis',(0.,0.,1.));
#12013=DIRECTION('ref_axis',(-3.5527136788005E-15,1.,0.));
#12014=DIRECTION('',(0.,0.,1.));
#12015=DIRECTION('center_axis',(0.,0.,1.));
#12016=DIRECTION('ref_axis',(-3.5527136788005E-15,1.,0.));
#12017=DIRECTION('center_axis',(1.,-3.55271367880002E-15,0.));
#12018=DIRECTION('ref_axis',(3.55271367880002E-15,1.,0.));
#12019=DIRECTION('',(3.55271367880002E-15,1.,0.));
#12020=DIRECTION('',(0.,0.,1.));
#12021=DIRECTION('',(3.55271367880002E-15,1.,0.));
#12022=DIRECTION('center_axis',(0.,0.,1.));
#12023=DIRECTION('ref_axis',(1.,0.,0.));
#12024=DIRECTION('center_axis',(0.,0.,1.));
#12025=DIRECTION('ref_axis',(1.,0.,0.));
#12026=DIRECTION('center_axis',(0.,0.,1.));
#12027=DIRECTION('ref_axis',(1.,0.,0.));
#12028=DIRECTION('center_axis',(0.,0.,-1.));
#12029=DIRECTION('ref_axis',(1.,0.,0.));
#12030=DIRECTION('center_axis',(3.55271367880094E-15,-1.,0.));
#12031=DIRECTION('ref_axis',(1.,3.55271367880094E-15,0.));
#12032=DIRECTION('',(1.,3.55271367880094E-15,0.));
#12033=DIRECTION('',(0.,0.,1.));
#12034=DIRECTION('',(1.,3.55271367880094E-15,0.));
#12035=DIRECTION('',(0.,0.,1.));
#12036=DIRECTION('center_axis',(0.,0.,1.));
#12037=DIRECTION('ref_axis',(0.,-1.,0.));
#12038=DIRECTION('center_axis',(0.,0.,1.));
#12039=DIRECTION('ref_axis',(0.,-1.,0.));
#12040=DIRECTION('',(0.,0.,1.));
#12041=DIRECTION('center_axis',(0.,0.,1.));
#12042=DIRECTION('ref_axis',(0.,-1.,0.));
#12043=DIRECTION('center_axis',(-1.,8.88178419700029E-16,0.));
#12044=DIRECTION('ref_axis',(-8.88178419700029E-16,-1.,0.));
#12045=DIRECTION('',(-8.88178419700029E-16,-1.,0.));
#12046=DIRECTION('',(0.,0.,1.));
#12047=DIRECTION('',(-8.88178419700029E-16,-1.,0.));
#12048=DIRECTION('center_axis',(0.,0.,1.));
#12049=DIRECTION('ref_axis',(-1.,0.,0.));
#12050=DIRECTION('center_axis',(0.,0.,1.));
#12051=DIRECTION('ref_axis',(-1.,0.,0.));
#12052=DIRECTION('',(0.,0.,1.));
#12053=DIRECTION('center_axis',(0.,0.,1.));
#12054=DIRECTION('ref_axis',(-1.,0.,0.));
#12055=DIRECTION('center_axis',(0.,1.,0.));
#12056=DIRECTION('ref_axis',(-1.,0.,0.));
#12057=DIRECTION('',(-1.,0.,0.));
#12058=DIRECTION('',(0.,0.,1.));
#12059=DIRECTION('',(-1.,0.,0.));
#12060=DIRECTION('center_axis',(0.,0.,1.));
#12061=DIRECTION('ref_axis',(-3.5527136788005E-15,1.,0.));
#12062=DIRECTION('center_axis',(0.,0.,1.));
#12063=DIRECTION('ref_axis',(-3.5527136788005E-15,1.,0.));
#12064=DIRECTION('',(0.,0.,1.));
#12065=DIRECTION('center_axis',(0.,0.,1.));
#12066=DIRECTION('ref_axis',(-3.5527136788005E-15,1.,0.));
#12067=DIRECTION('center_axis',(1.,-3.55271367880002E-15,0.));
#12068=DIRECTION('ref_axis',(3.55271367880002E-15,1.,0.));
#12069=DIRECTION('',(3.55271367880002E-15,1.,0.));
#12070=DIRECTION('',(0.,0.,1.));
#12071=DIRECTION('',(3.55271367880002E-15,1.,0.));
#12072=DIRECTION('center_axis',(0.,0.,1.));
#12073=DIRECTION('ref_axis',(1.,0.,0.));
#12074=DIRECTION('center_axis',(0.,0.,1.));
#12075=DIRECTION('ref_axis',(1.,0.,0.));
#12076=DIRECTION('center_axis',(0.,0.,1.));
#12077=DIRECTION('ref_axis',(1.,0.,0.));
#12078=DIRECTION('center_axis',(0.,0.,-1.));
#12079=DIRECTION('ref_axis',(1.,0.,0.));
#12080=DIRECTION('center_axis',(0.,0.,1.));
#12081=DIRECTION('ref_axis',(1.,0.,0.));
#12082=DIRECTION('',(-1.,0.,0.));
#12083=DIRECTION('',(-1.,0.,0.));
#12084=DIRECTION('',(-1.,0.,0.));
#12085=DIRECTION('',(-1.,0.,0.));
#12086=DIRECTION('center_axis',(0.,0.,-1.));
#12087=DIRECTION('ref_axis',(0.,-1.,0.));
#12088=DIRECTION('',(0.,1.,0.));
#12089=DIRECTION('center_axis',(0.,0.,1.));
#12090=DIRECTION('ref_axis',(1.,0.,0.));
#12091=DIRECTION('',(-1.,0.,0.));
#12092=DIRECTION('center_axis',(0.,0.,1.));
#12093=DIRECTION('ref_axis',(8.88178419700127E-16,1.,0.));
#12094=DIRECTION('',(8.07434927000114E-17,-1.,0.));
#12095=DIRECTION('center_axis',(0.,0.,1.));
#12096=DIRECTION('ref_axis',(-1.,0.,0.));
#12097=DIRECTION('',(1.,0.,0.));
#12098=DIRECTION('center_axis',(0.,0.,1.));
#12099=DIRECTION('ref_axis',(0.,-1.,0.));
#12100=DIRECTION('',(-1.,0.,0.));
#12101=DIRECTION('center_axis',(0.,0.,-1.));
#12102=DIRECTION('ref_axis',(0.,-1.,0.));
#12103=DIRECTION('',(-1.,-6.89308884300194E-16,0.));
#12104=DIRECTION('center_axis',(0.,0.,-1.));
#12105=DIRECTION('ref_axis',(0.,1.,0.));
#12106=DIRECTION('',(0.,1.,0.));
#12107=DIRECTION('',(-1.,0.,0.));
#12108=DIRECTION('',(-1.,0.,0.));
#12109=DIRECTION('center_axis',(0.,0.707106781186548,-0.707106781186548));
#12110=DIRECTION('ref_axis',(0.,-0.707106781186548,-0.707106781186548));
#12111=DIRECTION('',(0.,0.707106781186548,-0.707106781186548));
#12112=DIRECTION('center_axis',(0.,0.923879532511287,0.38268343236509));
#12113=DIRECTION('ref_axis',(0.,0.38268343236509,-0.923879532511287));
#12114=DIRECTION('center_axis',(0.,-0.707106781186548,0.707106781186548));
#12115=DIRECTION('ref_axis',(0.,-0.707106781186548,-0.707106781186548));
#12116=DIRECTION('center_axis',(0.,0.,1.));
#12117=DIRECTION('ref_axis',(0.,-1.,0.));
#12118=DIRECTION('center_axis',(0.,0.707106781186548,-0.707106781186548));
#12119=DIRECTION('ref_axis',(0.,-0.707106781186547,-0.707106781186547));
#12120=DIRECTION('center_axis',(-3.24943324280533E-16,0.707106781186547,
0.707106781186548));
#12121=DIRECTION('ref_axis',(0.,-0.707106781186548,0.707106781186547));
#12122=DIRECTION('center_axis',(0.,0.923879532511287,0.38268343236509));
#12123=DIRECTION('ref_axis',(0.,-0.38268343236509,0.923879532511287));
#12124=DIRECTION('',(0.,-0.38268343236509,0.923879532511287));
#12125=DIRECTION('',(1.,0.,0.));
#12126=DIRECTION('center_axis',(3.24943324280533E-16,-0.707106781186547,
-0.707106781186548));
#12127=DIRECTION('ref_axis',(1.,2.68064566116742E-16,1.91474690083387E-16));
#12128=DIRECTION('',(1.,2.68064566116742E-16,1.91474690083387E-16));
#12129=DIRECTION('',(0.,-0.707106781186548,0.707106781186547));
#12130=DIRECTION('center_axis',(0.,0.707106781186548,-0.707106781186548));
#12131=DIRECTION('ref_axis',(0.,-0.707106781186548,-0.707106781186548));
#12132=DIRECTION('center_axis',(0.,0.707106781186548,-0.707106781186548));
#12133=DIRECTION('ref_axis',(0.,-0.707106781186548,-0.707106781186548));
#12134=DIRECTION('',(0.,0.707106781186548,-0.707106781186548));
#12135=DIRECTION('center_axis',(-3.94430452610507E-31,-0.707106781186548,
0.707106781186547));
#12136=DIRECTION('ref_axis',(-8.88178419700126E-16,-0.707106781186547,-0.707106781186548));
#12137=DIRECTION('center_axis',(0.,-0.707106781186548,0.707106781186548));
#12138=DIRECTION('ref_axis',(1.,0.,0.));
#12139=DIRECTION('center_axis',(0.,-0.707106781186548,0.707106781186548));
#12140=DIRECTION('ref_axis',(0.,-0.707106781186547,-0.707106781186547));
#12141=DIRECTION('',(0.,0.707106781186548,0.707106781186548));
#12142=DIRECTION('',(0.,0.707106781186548,0.707106781186548));
#12143=DIRECTION('center_axis',(0.,0.707106781186548,-0.707106781186548));
#12144=DIRECTION('ref_axis',(1.77635683940025E-15,0.707106781186547,0.707106781186547));
#12145=DIRECTION('',(1.,0.,0.));
#12146=DIRECTION('center_axis',(0.,0.707106781186548,-0.707106781186548));
#12147=DIRECTION('ref_axis',(1.,0.,0.));
#12148=DIRECTION('',(0.,-0.707106781186547,-0.707106781186547));
#12149=DIRECTION('center_axis',(0.,0.707106781186548,-0.707106781186548));
#12150=DIRECTION('ref_axis',(1.,0.,0.));
#12151=DIRECTION('',(1.,9.67644186123412E-48,9.67644186123412E-48));
#12152=DIRECTION('',(0.,-0.707106781186548,-0.707106781186548));
#12153=DIRECTION('',(-1.,-3.59288892147317E-17,-3.59288892147317E-17));
#12154=DIRECTION('',(0.,-0.707106781186548,-0.707106781186548));
#12155=DIRECTION('center_axis',(0.,-0.707106781186548,-0.707106781186548));
#12156=DIRECTION('ref_axis',(0.,0.707106781186548,-0.707106781186548));
#12157=DIRECTION('center_axis',(1.3684555315672E-47,-0.707106781186547,
-0.707106781186548));
#12158=DIRECTION('ref_axis',(0.,0.707106781186548,-0.707106781186548));
#12159=DIRECTION('',(0.,-0.707106781186548,-0.707106781186548));
#12160=DIRECTION('center_axis',(-5.0811122408474E-17,0.707106781186547,
0.707106781186548));
#12161=DIRECTION('ref_axis',(0.,0.707106781186548,-0.707106781186548));
#12162=DIRECTION('center_axis',(-1.,-1.11146477413868E-15,1.11146477413868E-15));
#12163=DIRECTION('ref_axis',(-1.57184855768687E-15,0.707106781186548,-0.707106781186547));
#12164=DIRECTION('',(-1.57184855768687E-15,0.707106781186548,-0.707106781186547));
#12165=DIRECTION('',(0.,-0.707106781186548,-0.707106781186548));
#12166=DIRECTION('',(1.57184855768687E-15,-0.707106781186548,0.707106781186547));
#12167=DIRECTION('center_axis',(0.,-0.707106781186548,-0.707106781186548));
#12168=DIRECTION('ref_axis',(-1.,-3.92523114670941E-15,3.92523114670941E-15));
#12169=DIRECTION('center_axis',(1.3684555315672E-47,-0.707106781186547,
-0.707106781186548));
#12170=DIRECTION('ref_axis',(-1.,-3.92523114670941E-15,3.92523114670941E-15));
#12171=DIRECTION('',(0.,-0.707106781186548,-0.707106781186548));
#12172=DIRECTION('center_axis',(-5.0811122408474E-17,0.707106781186547,
0.707106781186548));
#12173=DIRECTION('ref_axis',(-1.,-3.92523114670941E-15,3.92523114670941E-15));
#12174=DIRECTION('center_axis',(0.,-0.707106781186548,0.707106781186548));
#12175=DIRECTION('ref_axis',(-1.,0.,0.));
#12176=DIRECTION('',(-1.,-9.67644186123412E-48,-9.67644186123412E-48));
#12177=DIRECTION('',(0.,-0.707106781186548,-0.707106781186548));
#12178=DIRECTION('',(1.,3.59288892147317E-17,3.59288892147317E-17));
#12179=DIRECTION('center_axis',(0.,-0.707106781186548,-0.707106781186548));
#12180=DIRECTION('ref_axis',(5.55111512312575E-15,-0.707106781186548,0.707106781186548));
#12181=DIRECTION('center_axis',(1.3684555315672E-47,-0.707106781186547,
-0.707106781186548));
#12182=DIRECTION('ref_axis',(5.55111512312575E-15,-0.707106781186548,0.707106781186548));
#12183=DIRECTION('',(0.,-0.707106781186548,-0.707106781186548));
#12184=DIRECTION('center_axis',(-5.0811122408474E-17,0.707106781186547,
0.707106781186548));
#12185=DIRECTION('ref_axis',(5.55111512312575E-15,-0.707106781186548,0.707106781186548));
#12186=DIRECTION('center_axis',(1.,0.,0.));
#12187=DIRECTION('ref_axis',(0.,-0.707106781186548,0.707106781186547));
#12188=DIRECTION('',(0.,-0.707106781186548,0.707106781186547));
#12189=DIRECTION('',(0.,-0.707106781186548,-0.707106781186548));
#12190=DIRECTION('',(0.,0.707106781186548,-0.707106781186547));
#12191=DIRECTION('center_axis',(0.,-0.707106781186548,-0.707106781186548));
#12192=DIRECTION('ref_axis',(1.,0.,0.));
#12193=DIRECTION('center_axis',(1.3684555315672E-47,-0.707106781186547,
-0.707106781186548));
#12194=DIRECTION('ref_axis',(1.,0.,0.));
#12195=DIRECTION('center_axis',(-5.0811122408474E-17,0.707106781186547,
0.707106781186548));
#12196=DIRECTION('ref_axis',(1.,0.,0.));
#12197=DIRECTION('center_axis',(5.0811122408474E-17,-0.707106781186547,
-0.707106781186548));
#12198=DIRECTION('ref_axis',(1.,3.59288892147317E-17,3.59288892147317E-17));
#12199=DIRECTION('',(-1.,-3.59288892147317E-17,-3.59288892147317E-17));
#12200=DIRECTION('',(0.,-0.707106781186548,0.707106781186547));
#12201=DIRECTION('',(1.,3.59288892147317E-17,3.59288892147317E-17));
#12202=DIRECTION('',(0.,-0.707106781186548,0.707106781186547));
#12203=DIRECTION('center_axis',(0.,-0.707106781186548,0.707106781186547));
#12204=DIRECTION('ref_axis',(-1.,4.83105371902704E-15,4.83105371902704E-15));
#12205=DIRECTION('center_axis',(0.,0.707106781186548,-0.707106781186548));
#12206=DIRECTION('ref_axis',(-1.,4.83105371902704E-15,4.83105371902704E-15));
#12207=DIRECTION('center_axis',(7.58520101174061E-31,-0.707106781186548,
0.707106781186548));
#12208=DIRECTION('ref_axis',(-1.,4.83105371902704E-15,4.83105371902704E-15));
#12209=DIRECTION('',(0.,-0.707106781186548,0.707106781186547));
#12210=DIRECTION('center_axis',(-1.,0.,0.));
#12211=DIRECTION('ref_axis',(0.,-0.707106781186548,-0.707106781186548));
#12212=DIRECTION('',(0.,0.707106781186548,0.707106781186548));
#12213=DIRECTION('',(0.,-0.707106781186548,-0.707106781186548));
#12214=DIRECTION('',(0.,-0.707106781186548,0.707106781186547));
#12215=DIRECTION('center_axis',(0.,-0.707106781186548,0.707106781186547));
#12216=DIRECTION('ref_axis',(6.83214169000099E-15,0.707106781186547,0.707106781186548));
#12217=DIRECTION('center_axis',(0.,0.707106781186548,-0.707106781186548));
#12218=DIRECTION('ref_axis',(6.83214169000099E-15,0.707106781186547,0.707106781186548));
#12219=DIRECTION('center_axis',(-5.36354707206472E-31,-0.707106781186548,
0.707106781186548));
#12220=DIRECTION('ref_axis',(6.83214169000099E-15,0.707106781186548,0.707106781186548));
#12221=DIRECTION('',(0.,-0.707106781186548,0.707106781186547));
#12222=DIRECTION('center_axis',(-1.3684555315672E-47,0.707106781186547,
0.707106781186548));
#12223=DIRECTION('ref_axis',(-1.,3.19112640443213E-32,-3.19112640443213E-32));
#12224=DIRECTION('',(1.,9.67644186123411E-48,9.67644186123411E-48));
#12225=DIRECTION('',(-1.,3.19112640443213E-32,-3.19112640443213E-32));
#12226=DIRECTION('',(0.,-0.707106781186548,0.707106781186547));
#12227=DIRECTION('center_axis',(0.,-0.707106781186548,0.707106781186547));
#12228=DIRECTION('ref_axis',(1.,-2.41552685951352E-15,-2.41552685951352E-15));
#12229=DIRECTION('center_axis',(0.,0.707106781186548,-0.707106781186548));
#12230=DIRECTION('ref_axis',(1.,-2.41552685951352E-15,-2.41552685951352E-15));
#12231=DIRECTION('center_axis',(0.,-0.707106781186548,0.707106781186548));
#12232=DIRECTION('ref_axis',(1.,-2.41552685951352E-15,-2.41552685951352E-15));
#12233=DIRECTION('',(0.,-0.707106781186548,0.707106781186547));
#12234=DIRECTION('center_axis',(1.,0.,0.));
#12235=DIRECTION('ref_axis',(0.,0.707106781186548,0.707106781186548));
#12236=DIRECTION('',(0.,-0.707106781186548,-0.707106781186548));
#12237=DIRECTION('',(0.,0.707106781186548,0.707106781186548));
#12238=DIRECTION('',(0.,-0.707106781186548,0.707106781186547));
#12239=DIRECTION('center_axis',(0.,-0.707106781186548,0.707106781186547));
#12240=DIRECTION('ref_axis',(0.,-0.707106781186547,-0.707106781186548));
#12241=DIRECTION('center_axis',(0.,0.707106781186548,-0.707106781186548));
#12242=DIRECTION('ref_axis',(0.,-0.707106781186547,-0.707106781186548));
#12243=DIRECTION('center_axis',(0.,-0.707106781186548,0.707106781186548));
#12244=DIRECTION('ref_axis',(0.,-0.707106781186548,-0.707106781186548));
#12245=DIRECTION('center_axis',(-4.5129342403948E-32,-0.707106781186548,
0.707106781186548));
#12246=DIRECTION('ref_axis',(1.,-3.19112640443213E-32,3.19112640443213E-32));
#12247=DIRECTION('center_axis',(0.,-0.707106781186548,0.707106781186548));
#12248=DIRECTION('ref_axis',(1.,0.,0.));
#12249=DIRECTION('center_axis',(0.,0.707106781186548,-0.707106781186548));
#12250=DIRECTION('ref_axis',(1.,0.,0.));
#12251=DIRECTION('center_axis',(0.,0.707106781186548,-0.707106781186548));
#12252=DIRECTION('ref_axis',(1.,0.,0.));
#12253=DIRECTION('center_axis',(0.,-0.707106781186548,0.707106781186547));
#12254=DIRECTION('ref_axis',(1.,0.,0.));
#12255=DIRECTION('center_axis',(0.,0.707106781186548,-0.707106781186548));
#12256=DIRECTION('ref_axis',(1.,0.,0.));
#12257=DIRECTION('',(0.,0.707106781186548,-0.707106781186547));
#12258=DIRECTION('center_axis',(0.,-0.707106781186548,0.707106781186548));
#12259=DIRECTION('ref_axis',(1.,0.,0.));
#12260=DIRECTION('',(-5.9211894646675E-17,0.707106781186547,0.707106781186547));
#12261=DIRECTION('center_axis',(-2.22044604925031E-16,-0.707106781186548,
0.707106781186548));
#12262=DIRECTION('ref_axis',(1.,-1.57009245868378E-16,1.57009245868378E-16));
#12263=DIRECTION('',(-1.,-1.5317975206671E-16,-1.5317975206671E-16));
#12264=DIRECTION('center_axis',(0.,-0.707106781186548,0.707106781186548));
#12265=DIRECTION('ref_axis',(2.22044604925032E-15,0.707106781186547,0.707106781186547));
#12266=DIRECTION('',(5.92118946466749E-17,-0.707106781186547,-0.707106781186547));
#12267=DIRECTION('center_axis',(2.22044604925032E-16,-0.707106781186548,
0.707106781186548));
#12268=DIRECTION('ref_axis',(-1.,-1.33457858988121E-15,-1.02056009814446E-15));
#12269=DIRECTION('center_axis',(0.,0.707106781186548,-0.707106781186548));
#12270=DIRECTION('ref_axis',(0.,-0.707106781186547,-0.707106781186547));
#12271=DIRECTION('center_axis',(0.,0.707106781186547,-0.707106781186548));
#12272=DIRECTION('ref_axis',(1.,0.,0.));
#12273=DIRECTION('',(0.,0.707106781186547,-0.707106781186548));
#12274=DIRECTION('center_axis',(0.,0.707106781186548,-0.707106781186548));
#12275=DIRECTION('ref_axis',(1.,0.,0.));
#12276=DIRECTION('center_axis',(0.,-0.707106781186548,0.707106781186548));
#12277=DIRECTION('ref_axis',(1.,0.,0.));
#12278=DIRECTION('center_axis',(0.,-1.,0.));
#12279=DIRECTION('ref_axis',(-1.,0.,0.));
#12280=DIRECTION('',(-1.,0.,0.));
#12281=DIRECTION('',(0.,0.,-1.));
#12282=DIRECTION('',(-1.,0.,0.));
#12283=DIRECTION('',(0.,0.,-1.));
#12284=DIRECTION('center_axis',(0.,0.,1.));
#12285=DIRECTION('ref_axis',(0.,-1.,0.));
#12286=DIRECTION('center_axis',(0.,0.,1.));
#12287=DIRECTION('ref_axis',(0.,-1.,0.));
#12288=DIRECTION('',(0.,0.,-1.));
#12289=DIRECTION('center_axis',(-6.89308884300194E-16,1.,0.));
#12290=DIRECTION('ref_axis',(1.,6.89308884300194E-16,0.));
#12291=DIRECTION('',(1.,6.89308884300194E-16,0.));
#12292=DIRECTION('',(1.,6.89308884300194E-16,0.));
#12293=DIRECTION('',(0.,0.,-1.));
#12294=DIRECTION('center_axis',(0.,0.,1.));
#12295=DIRECTION('ref_axis',(0.,1.,0.));
#12296=DIRECTION('center_axis',(0.,0.,1.));
#12297=DIRECTION('ref_axis',(0.,1.,0.));
#12298=DIRECTION('center_axis',(0.,0.,1.));
#12299=DIRECTION('ref_axis',(1.,0.,0.));
#12300=DIRECTION('center_axis',(0.,0.,-1.));
#12301=DIRECTION('ref_axis',(8.88178419700127E-16,1.,0.));
#12302=DIRECTION('',(1.,0.,0.));
#12303=DIRECTION('center_axis',(0.,0.,-1.));
#12304=DIRECTION('ref_axis',(1.,0.,0.));
#12305=DIRECTION('',(0.,-1.,0.));
#12306=DIRECTION('center_axis',(0.,0.,-1.));
#12307=DIRECTION('ref_axis',(0.,-1.,0.));
#12308=DIRECTION('',(-1.,0.,0.));
#12309=DIRECTION('center_axis',(0.,0.,-1.));
#12310=DIRECTION('ref_axis',(-1.,0.,0.));
#12311=DIRECTION('',(-8.07434927000114E-17,1.,0.));
#12312=DIRECTION('center_axis',(0.,0.707106781186548,-0.707106781186548));
#12313=DIRECTION('ref_axis',(-1.,0.,0.));
#12314=DIRECTION('',(0.,0.707106781186548,-0.707106781186548));
#12315=DIRECTION('center_axis',(-1.,0.,0.));
#12316=DIRECTION('ref_axis',(0.,0.707106781186548,0.707106781186548));
#12317=DIRECTION('',(0.,0.707106781186548,-0.707106781186548));
#12318=DIRECTION('center_axis',(0.,0.707106781186548,-0.707106781186548));
#12319=DIRECTION('ref_axis',(1.77635683940025E-15,0.707106781186548,0.707106781186548));
#12320=DIRECTION('',(0.,0.707106781186548,-0.707106781186548));
#12321=DIRECTION('center_axis',(0.,0.707106781186548,-0.707106781186548));
#12322=DIRECTION('ref_axis',(0.,-0.707106781186548,-0.707106781186548));
#12323=DIRECTION('',(0.,0.707106781186548,-0.707106781186548));
#12324=DIRECTION('center_axis',(0.,0.707106781186548,-0.707106781186548));
#12325=DIRECTION('ref_axis',(0.,-0.707106781186548,-0.707106781186548));
#12326=DIRECTION('center_axis',(4.874149864208E-16,-0.707106781186548,-0.707106781186548));
#12327=DIRECTION('ref_axis',(-1.,-3.44654442150097E-16,-3.44654442150097E-16));
#12328=DIRECTION('',(0.,0.707106781186548,-0.707106781186548));
#12329=DIRECTION('',(-1.,-3.44654442150097E-16,-3.44654442150097E-16));
#12330=DIRECTION('center_axis',(0.,-0.707106781186548,0.707106781186548));
#12331=DIRECTION('ref_axis',(1.,0.,0.));
#12332=DIRECTION('center_axis',(0.,0.707106781186548,-0.707106781186548));
#12333=DIRECTION('ref_axis',(-1.,0.,0.));
#12334=DIRECTION('center_axis',(0.,0.707106781186548,-0.707106781186548));
#12335=DIRECTION('ref_axis',(-1.,0.,0.));
#12336=DIRECTION('center_axis',(1.,0.,0.));
#12337=DIRECTION('ref_axis',(0.,-0.707106781186548,-0.707106781186548));
#12338=DIRECTION('',(0.,0.707106781186548,-0.707106781186548));
#12339=DIRECTION('center_axis',(0.,0.707106781186548,-0.707106781186548));
#12340=DIRECTION('ref_axis',(1.,0.,0.));
#12341=DIRECTION('',(0.,0.707106781186548,-0.707106781186548));
#12342=DIRECTION('center_axis',(0.,0.707106781186548,0.707106781186548));
#12343=DIRECTION('ref_axis',(1.,0.,0.));
#12344=DIRECTION('center_axis',(0.,1.,0.));
#12345=DIRECTION('ref_axis',(-1.,0.,0.));
#12346=DIRECTION('',(0.,0.,-1.));
#12347=DIRECTION('',(0.,0.,1.));
#12348=DIRECTION('center_axis',(0.,0.,1.));
#12349=DIRECTION('ref_axis',(1.,0.,0.));
#12350=DIRECTION('',(0.,0.,1.));
#12351=DIRECTION('center_axis',(1.,0.,0.));
#12352=DIRECTION('ref_axis',(0.,1.,0.));
#12353=DIRECTION('',(0.,0.,1.));
#12354=DIRECTION('center_axis',(0.,0.,1.));
#12355=DIRECTION('ref_axis',(0.,-1.,0.));
#12356=DIRECTION('',(0.,0.,1.));
#12357=DIRECTION('center_axis',(0.,-1.,0.));
#12358=DIRECTION('ref_axis',(1.,0.,0.));
#12359=DIRECTION('',(0.,0.,1.));
#12360=DIRECTION('center_axis',(0.,0.,1.));
#12361=DIRECTION('ref_axis',(-1.,0.,0.));
#12362=DIRECTION('',(0.,0.,1.));
#12363=DIRECTION('center_axis',(-1.,-8.07434927000114E-17,0.));
#12364=DIRECTION('ref_axis',(8.07434927000114E-17,-1.,0.));
#12365=DIRECTION('',(0.,0.,1.));
#12366=DIRECTION('center_axis',(0.,0.,1.));
#12367=DIRECTION('ref_axis',(8.88178419700127E-16,1.,0.));
#12368=DIRECTION('center_axis',(0.,-0.707106781186548,0.707106781186548));
#12369=DIRECTION('ref_axis',(1.,0.,0.));
#12370=DIRECTION('center_axis',(0.,-0.707106781186548,0.707106781186548));
#12371=DIRECTION('ref_axis',(1.,0.,0.));
#12372=DIRECTION('center_axis',(0.,-0.707106781186548,0.707106781186548));
#12373=DIRECTION('ref_axis',(-1.,-9.68921912400136E-17,0.));
#12374=DIRECTION('center_axis',(0.,0.707106781186548,-0.707106781186548));
#12375=DIRECTION('ref_axis',(-1.,3.43159843975048E-16,3.43159843975048E-16));
#12376=DIRECTION('center_axis',(0.,-0.707106781186548,0.707106781186548));
#12377=DIRECTION('ref_axis',(-1.,3.48206312268799E-16,3.38113375681298E-16));
#12378=DIRECTION('center_axis',(0.,-0.707106781186548,0.707106781186548));
#12379=DIRECTION('ref_axis',(0.823236351828721,-0.401423659633895,-0.401423659633895));
#12380=DIRECTION('center_axis',(4.08224039257781E-15,-0.707106781186548,
-0.707106781186547));
#12381=DIRECTION('ref_axis',(1.,2.22044604925031E-15,3.5527136788005E-15));
#12382=DIRECTION('center_axis',(0.,0.707106781186548,-0.707106781186548));
#12383=DIRECTION('ref_axis',(0.823236351828721,-0.401423659633895,-0.401423659633895));
#12384=DIRECTION('center_axis',(-1.69718230888148E-16,0.707106781186548,
0.707106781186548));
#12385=DIRECTION('ref_axis',(0.707106781186548,-0.5,0.499999999999999));
#12386=DIRECTION('center_axis',(-1.25607396694702E-15,-0.707106781186547,
-0.707106781186548));
#12387=DIRECTION('ref_axis',(1.,-1.77635683940025E-15,0.));
#12388=DIRECTION('',(1.69718230888148E-16,-0.707106781186548,-0.707106781186548));
#12389=DIRECTION('',(-1.69718230888148E-16,0.707106781186548,0.707106781186548));
#12390=DIRECTION('center_axis',(0.,0.707106781186548,-0.707106781186548));
#12391=DIRECTION('ref_axis',(0.82323635182872,0.401423659633896,0.401423659633896));
#12392=DIRECTION('center_axis',(0.,-0.707106781186548,0.707106781186548));
#12393=DIRECTION('ref_axis',(0.82323635182872,0.401423659633896,0.401423659633896));
#12394=DIRECTION('center_axis',(0.,-0.707106781186548,0.707106781186547));
#12395=DIRECTION('ref_axis',(-1.77635683940025E-15,-0.707106781186547,-0.707106781186548));
#12396=DIRECTION('',(0.,-0.707106781186548,0.707106781186547));
#12397=DIRECTION('center_axis',(0.,0.707106781186548,-0.707106781186548));
#12398=DIRECTION('ref_axis',(-1.77635683940025E-15,-0.707106781186547,-0.707106781186548));
#12399=DIRECTION('center_axis',(0.,-0.707106781186548,0.707106781186548));
#12400=DIRECTION('ref_axis',(-1.77635683940025E-15,-0.707106781186548,-0.707106781186548));
#12401=DIRECTION('',(0.,-0.707106781186548,0.707106781186547));
#12402=DIRECTION('center_axis',(0.,-0.707106781186548,0.707106781186547));
#12403=DIRECTION('ref_axis',(-1.,-2.27422886113205E-16,-2.27422886113206E-16));
#12404=DIRECTION('',(0.,-0.707106781186548,0.707106781186547));
#12405=DIRECTION('center_axis',(0.,-0.707106781186548,0.707106781186548));
#12406=DIRECTION('ref_axis',(1.,0.,0.));
#12407=DIRECTION('',(0.,0.707106781186548,-0.707106781186547));
#12408=DIRECTION('center_axis',(0.,0.707106781186548,-0.707106781186548));
#12409=DIRECTION('ref_axis',(1.,0.,0.));
#12410=DIRECTION('',(0.,-0.707106781186548,0.707106781186547));
#12411=DIRECTION('center_axis',(0.,-0.707106781186548,0.707106781186548));
#12412=DIRECTION('ref_axis',(1.,0.,0.));
#12413=DIRECTION('center_axis',(0.,-0.707106781186548,0.707106781186548));
#12414=DIRECTION('ref_axis',(1.,0.,0.));
#12415=DIRECTION('center_axis',(0.,-0.707106781186548,0.707106781186548));
#12416=DIRECTION('ref_axis',(1.,0.,0.));
#12417=DIRECTION('center_axis',(0.,0.707106781186548,-0.707106781186548));
#12418=DIRECTION('ref_axis',(1.,1.21115239050017E-16,1.21115239050017E-16));
#12419=DIRECTION('center_axis',(0.,-0.707106781186548,0.707106781186548));
#12420=DIRECTION('ref_axis',(1.,1.36254643931269E-16,1.05975834168765E-16));
#12421=DIRECTION('center_axis',(0.,-0.707106781186548,0.707106781186548));
#12422=DIRECTION('ref_axis',(-0.822770833002914,0.401900582457709,0.401900582457708));
#12423=DIRECTION('center_axis',(0.,0.707106781186546,0.707106781186549));
#12424=DIRECTION('ref_axis',(-1.,0.,0.));
#12425=DIRECTION('center_axis',(0.,0.707106781186548,-0.707106781186548));
#12426=DIRECTION('ref_axis',(-0.822770833002914,0.401900582457709,0.401900582457709));
#12427=DIRECTION('center_axis',(0.,-0.707106781186548,-0.707106781186548));
#12428=DIRECTION('ref_axis',(-0.707106781186546,-0.499999999999998,0.500000000000003));
#12429=DIRECTION('center_axis',(1.57009245868378E-15,0.707106781186548,
0.707106781186547));
#12430=DIRECTION('ref_axis',(-1.,2.22044604925031E-15,0.));
#12431=DIRECTION('',(0.,0.707106781186548,0.707106781186548));
#12432=DIRECTION('',(0.,-0.707106781186548,-0.707106781186548));
#12433=DIRECTION('center_axis',(0.,0.707106781186548,-0.707106781186548));
#12434=DIRECTION('ref_axis',(-0.822770833002915,-0.401900582457707,-0.401900582457707));
#12435=DIRECTION('center_axis',(0.,-0.707106781186548,0.707106781186548));
#12436=DIRECTION('ref_axis',(-0.822770833002915,-0.401900582457707,-0.401900582457707));
#12437=DIRECTION('center_axis',(0.,-0.707106781186547,0.707106781186548));
#12438=DIRECTION('ref_axis',(0.,0.707106781186548,0.707106781186547));
#12439=DIRECTION('',(0.,-0.707106781186547,0.707106781186548));
#12440=DIRECTION('center_axis',(0.,0.707106781186548,-0.707106781186548));
#12441=DIRECTION('ref_axis',(0.,0.707106781186548,0.707106781186547));
#12442=DIRECTION('center_axis',(0.,-0.707106781186548,0.707106781186548));
#12443=DIRECTION('ref_axis',(0.,0.707106781186548,0.707106781186548));
#12444=DIRECTION('',(0.,-0.707106781186547,0.707106781186548));
#12445=DIRECTION('center_axis',(0.,-0.707106781186547,0.707106781186548));
#12446=DIRECTION('ref_axis',(1.,0.,0.));
#12447=DIRECTION('',(0.,-0.707106781186547,0.707106781186548));
#12448=DIRECTION('center_axis',(0.,-0.707106781186548,0.707106781186548));
#12449=DIRECTION('ref_axis',(1.,0.,0.));
#12450=DIRECTION('',(0.,0.707106781186547,-0.707106781186548));
#12451=DIRECTION('center_axis',(0.,0.707106781186548,-0.707106781186548));
#12452=DIRECTION('ref_axis',(1.,0.,0.));
#12453=DIRECTION('',(0.,-0.707106781186547,0.707106781186548));
#12454=DIRECTION('center_axis',(0.,-0.707106781186548,0.707106781186548));
#12455=DIRECTION('ref_axis',(1.,0.,0.));
#12456=DIRECTION('center_axis',(0.,-0.707106781186548,0.707106781186548));
#12457=DIRECTION('ref_axis',(1.,0.,0.));
#12458=DIRECTION('center_axis',(1.,1.20008911951993E-16,1.20008911951993E-16));
#12459=DIRECTION('ref_axis',(-1.69718230888148E-16,0.707106781186548,0.707106781186548));
#12460=DIRECTION('',(1.69718230888148E-16,-0.707106781186548,-0.707106781186548));
#12461=DIRECTION('',(0.,-0.707106781186548,0.707106781186547));
#12462=DIRECTION('center_axis',(0.,-0.707106781186548,0.707106781186547));
#12463=DIRECTION('ref_axis',(1.,2.51214793389404E-15,2.51214793389405E-15));
#12464=DIRECTION('center_axis',(0.,-0.707106781186548,0.707106781186548));
#12465=DIRECTION('ref_axis',(1.,2.51214793389404E-15,2.51214793389404E-15));
#12466=DIRECTION('center_axis',(0.,0.707106781186548,-0.707106781186548));
#12467=DIRECTION('ref_axis',(1.,2.51214793389404E-15,2.51214793389405E-15));
#12468=DIRECTION('center_axis',(0.,-0.707106781186548,0.707106781186548));
#12469=DIRECTION('ref_axis',(1.,0.,0.));
#12470=DIRECTION('',(-6.34413156928661E-17,0.707106781186548,0.707106781186548));
#12471=DIRECTION('center_axis',(0.,-0.707106781186548,0.707106781186548));
#12472=DIRECTION('ref_axis',(1.,0.,0.));
#12473=DIRECTION('',(-6.34413156928661E-17,0.707106781186548,0.707106781186548));
#12474=DIRECTION('center_axis',(0.,-0.707106781186548,0.707106781186548));
#12475=DIRECTION('ref_axis',(1.,0.,0.));
#12476=DIRECTION('',(-6.34413156928661E-17,0.707106781186548,0.707106781186548));
#12477=DIRECTION('center_axis',(-1.,0.,0.));
#12478=DIRECTION('ref_axis',(0.,-0.707106781186548,-0.707106781186548));
#12479=DIRECTION('',(0.,-0.707106781186548,-0.707106781186548));
#12480=DIRECTION('',(0.,-0.707106781186547,0.707106781186548));
#12481=DIRECTION('center_axis',(0.,-0.707106781186547,0.707106781186548));
#12482=DIRECTION('ref_axis',(-1.,0.,0.));
#12483=DIRECTION('center_axis',(0.,-0.707106781186548,0.707106781186548));
#12484=DIRECTION('ref_axis',(-1.,0.,0.));
#12485=DIRECTION('center_axis',(0.,0.707106781186548,-0.707106781186548));
#12486=DIRECTION('ref_axis',(-1.,0.,0.));
#12487=DIRECTION('center_axis',(0.,-0.707106781186548,0.707106781186548));
#12488=DIRECTION('ref_axis',(1.,0.,0.));
#12489=DIRECTION('',(6.34413156928661E-17,-0.707106781186547,-0.707106781186547));
#12490=DIRECTION('center_axis',(0.,-0.707106781186548,0.707106781186548));
#12491=DIRECTION('ref_axis',(1.,0.,0.));
#12492=DIRECTION('',(6.34413156928661E-17,-0.707106781186547,-0.707106781186547));
#12493=DIRECTION('center_axis',(0.,-0.707106781186548,0.707106781186548));
#12494=DIRECTION('ref_axis',(1.,0.,0.));
#12495=DIRECTION('',(6.34413156928661E-17,-0.707106781186547,-0.707106781186547));
#12496=DIRECTION('center_axis',(1.,4.48597845338221E-17,4.48597845338222E-17));
#12497=DIRECTION('ref_axis',(-6.34413156928661E-17,0.707106781186548,0.707106781186548));
#12498=DIRECTION('',(6.34413156928661E-17,-0.707106781186548,-0.707106781186548));
#12499=DIRECTION('center_axis',(-1.,-4.48597845338222E-17,-4.48597845338221E-17));
#12500=DIRECTION('ref_axis',(6.34413156928661E-17,-0.707106781186548,-0.707106781186548));
#12501=DIRECTION('',(-6.34413156928661E-17,0.707106781186548,0.707106781186548));
#12502=DIRECTION('center_axis',(0.,-0.707106781186547,0.707106781186548));
#12503=DIRECTION('ref_axis',(1.,0.,0.));
#12504=DIRECTION('center_axis',(0.,-0.707106781186548,0.707106781186548));
#12505=DIRECTION('ref_axis',(1.,0.,0.));
#12506=DIRECTION('',(0.,0.707106781186547,-0.707106781186548));
#12507=DIRECTION('center_axis',(0.,-0.707106781186548,0.707106781186548));
#12508=DIRECTION('ref_axis',(1.,0.,0.));
#12509=CARTESIAN_POINT('',(0.,0.,0.));
#12510=CARTESIAN_POINT('Origin',(-6.70986272017705,-25.2732407282775,-3.));
#12511=CARTESIAN_POINT('',(-6.70986272017705,-25.2732407282775,-3.));
#12512=CARTESIAN_POINT('',(-1.70986272017767,-25.2732407282774,-3.));
#12513=CARTESIAN_POINT('',(-3.459862720177,-25.2732407282774,-3.));
#12514=CARTESIAN_POINT('',(-6.70986272017705,-25.2732407282775,7.));
#12515=CARTESIAN_POINT('',(-6.70986272017705,-25.2732407282775,-3.));
#12516=CARTESIAN_POINT('',(-1.70986272017767,-25.2732407282774,7.));
#12517=CARTESIAN_POINT('',(-6.70986272017705,-25.2732407282775,7.));
#12518=CARTESIAN_POINT('',(-1.70986272017767,-25.2732407282774,-3.));
#12519=CARTESIAN_POINT('Origin',(-6.70986272017705,-22.7732407282774,-3.));
#12520=CARTESIAN_POINT('',(-9.20986272017708,-22.7732407282774,-3.));
#12521=CARTESIAN_POINT('Origin',(-6.70986272017705,-22.7732407282774,-3.));
#12522=CARTESIAN_POINT('',(-9.20986272017708,-22.7732407282774,7.));
#12523=CARTESIAN_POINT('',(-9.20986272017708,-22.7732407282774,-3.));
#12524=CARTESIAN_POINT('Origin',(-6.70986272017705,-22.7732407282774,7.));
#12525=CARTESIAN_POINT('Origin',(-9.20986272017706,-17.7732407282769,-3.));
#12526=CARTESIAN_POINT('',(-9.20986272017706,-17.7732407282769,-3.));
#12527=CARTESIAN_POINT('',(-9.20986272017704,3.47675927172287,-3.));
#12528=CARTESIAN_POINT('',(-9.20986272017706,-17.7732407282769,7.));
#12529=CARTESIAN_POINT('',(-9.20986272017706,-17.7732407282769,-3.));
#12530=CARTESIAN_POINT('',(-9.20986272017706,-17.7732407282769,7.));
#12531=CARTESIAN_POINT('Origin',(-6.70986272017699,-17.7732407282769,-3.));
#12532=CARTESIAN_POINT('',(-6.709862720177,-15.2732407282768,-3.));
#12533=CARTESIAN_POINT('Origin',(-6.70986272017699,-17.7732407282769,-3.));
#12534=CARTESIAN_POINT('',(-6.709862720177,-15.2732407282768,7.));
#12535=CARTESIAN_POINT('',(-6.709862720177,-15.2732407282768,-3.));
#12536=CARTESIAN_POINT('Origin',(-6.70986272017699,-17.7732407282769,7.));
#12537=CARTESIAN_POINT('Origin',(-1.70986272017766,-15.2732407282768,-3.));
#12538=CARTESIAN_POINT('',(-1.70986272017766,-15.2732407282768,-3.));
#12539=CARTESIAN_POINT('',(-0.959862720177389,-15.2732407282768,-3.));
#12540=CARTESIAN_POINT('',(-1.70986272017766,-15.2732407282768,7.));
#12541=CARTESIAN_POINT('',(-1.70986272017766,-15.2732407282768,-3.));
#12542=CARTESIAN_POINT('',(-1.70986272017766,-15.2732407282768,7.));
#12543=CARTESIAN_POINT('Origin',(-1.70986272017765,-17.7732407282768,-3.));
#12544=CARTESIAN_POINT('',(0.790137279822352,-17.7732407282767,-3.));
#12545=CARTESIAN_POINT('Origin',(-1.70986272017765,-17.7732407282768,-3.));
#12546=CARTESIAN_POINT('',(0.790137279822352,-17.7732407282767,7.));
#12547=CARTESIAN_POINT('',(0.790137279822352,-17.7732407282767,-3.));
#12548=CARTESIAN_POINT('Origin',(-1.70986272017765,-17.7732407282768,7.));
#12549=CARTESIAN_POINT('Origin',(0.790137279822352,-22.7732407282774,-3.));
#12550=CARTESIAN_POINT('',(0.790137279822352,-22.7732407282774,-3.));
#12551=CARTESIAN_POINT('',(0.790137279822436,0.976759271722579,-3.));
#12552=CARTESIAN_POINT('',(0.790137279822352,-22.7732407282774,7.));
#12553=CARTESIAN_POINT('',(0.790137279822352,-22.7732407282774,-3.));
#12554=CARTESIAN_POINT('',(0.790137279822352,-22.7732407282774,7.));
#12555=CARTESIAN_POINT('Origin',(-1.70986272017767,-22.7732407282774,-3.));
#12556=CARTESIAN_POINT('Origin',(-1.70986272017767,-22.7732407282774,-3.));
#12557=CARTESIAN_POINT('Origin',(-1.70986272017767,-22.7732407282774,7.));
#12558=CARTESIAN_POINT('Origin',(-4.20986272017736,-20.2732407282771,7.));
#12559=CARTESIAN_POINT('Origin',(-29.209862720177,-5.27324072827685,-3.));
#12560=CARTESIAN_POINT('',(-31.7098627201771,-5.27324072827685,3.));
#12561=CARTESIAN_POINT('',(-29.209862720177,-2.77324072827682,3.));
#12562=CARTESIAN_POINT('Origin',(-29.209862720177,-5.27324072827685,3.));
#12563=CARTESIAN_POINT('',(-31.7098627201771,-5.27324072827685,-3.));
#12564=CARTESIAN_POINT('',(-31.7098627201771,-5.27324072827685,-3.));
#12565=CARTESIAN_POINT('',(-29.209862720177,-2.77324072827682,-3.));
#12566=CARTESIAN_POINT('Origin',(-29.209862720177,-5.27324072827685,-3.));
#12567=CARTESIAN_POINT('',(-29.209862720177,-2.77324072827682,-3.));
#12568=CARTESIAN_POINT('Origin',(-24.2098627201777,-2.77324072827682,-3.));
#12569=CARTESIAN_POINT('',(-24.2098627201777,-2.77324072827682,3.));
#12570=CARTESIAN_POINT('',(-12.2098627201774,-2.77324072827682,3.));
#12571=CARTESIAN_POINT('',(-24.2098627201777,-2.77324072827682,-3.));
#12572=CARTESIAN_POINT('',(-12.2098627201774,-2.77324072827682,-3.));
#12573=CARTESIAN_POINT('',(-24.2098627201777,-2.77324072827682,-3.));
#12574=CARTESIAN_POINT('Origin',(-24.2098627201776,-5.27324072827682,-3.));
#12575=CARTESIAN_POINT('',(-21.7098627201776,-5.27324072827675,3.));
#12576=CARTESIAN_POINT('Origin',(-24.2098627201776,-5.27324072827682,3.));
#12577=CARTESIAN_POINT('',(-21.7098627201776,-5.27324072827675,-3.));
#12578=CARTESIAN_POINT('Origin',(-24.2098627201776,-5.27324072827682,-3.));
#12579=CARTESIAN_POINT('',(-21.7098627201776,-5.27324072827675,-3.));
#12580=CARTESIAN_POINT('Origin',(-21.7098627201776,-10.2732407282774,-3.));
#12581=CARTESIAN_POINT('',(-21.7098627201776,-9.42640687119289,3.));
#12582=CARTESIAN_POINT('',(-21.7098627201776,7.22675927172262,3.));
#12583=CARTESIAN_POINT('',(-21.7098627201776,-10.2732407282774,-3.));
#12584=CARTESIAN_POINT('',(-21.7098627201776,7.22675927172262,-3.));
#12585=CARTESIAN_POINT('',(-21.7098627201776,-10.2732407282774,5.0444377828502));
#12586=CARTESIAN_POINT('',(-21.7098627201776,-10.2732407282774,-3.));
#12587=CARTESIAN_POINT('',(-21.7098627201777,-10.6244538140644,5.89234117783998));
#12588=CARTESIAN_POINT('Origin',(-29.2098627201771,-12.7732407282774,-3.));
#12589=CARTESIAN_POINT('',(-29.2098627201771,-12.7732407282774,-3.));
#12590=CARTESIAN_POINT('',(-24.2098627201777,-12.7732407282774,-3.));
#12591=CARTESIAN_POINT('',(-14.709862720177,-12.7732407282774,-3.));
#12592=CARTESIAN_POINT('',(-29.2098627201771,-12.7732407282774,7.));
#12593=CARTESIAN_POINT('',(-29.2098627201771,-12.7732407282774,-3.));
#12594=CARTESIAN_POINT('',(-24.2098627201777,-12.7732407282774,7.));
#12595=CARTESIAN_POINT('',(-29.2098627201771,-12.7732407282774,7.));
#12596=CARTESIAN_POINT('',(-24.2098627201777,-12.7732407282774,-3.));
#12597=CARTESIAN_POINT('Origin',(-29.2098627201771,-10.2732407282774,-3.));
#12598=CARTESIAN_POINT('',(-31.5749984380342,-11.0832611206853,7.));
#12599=CARTESIAN_POINT('',(-31.7098627201771,-10.2732407282774,5.04443778285013));
#12600=CARTESIAN_POINT('Origin',(-29.2098627201771,-10.2732407282774,5.0444377828502));
#12601=CARTESIAN_POINT('Origin',(-29.2098627201771,-10.2732407282774,7.));
#12602=CARTESIAN_POINT('',(-31.7098627201771,-10.2732407282774,-3.));
#12603=CARTESIAN_POINT('Origin',(-29.2098627201771,-10.2732407282774,-3.));
#12604=CARTESIAN_POINT('',(-31.7098627201771,-10.2732407282774,-3.));
#12605=CARTESIAN_POINT('Origin',(-31.7098627201771,-5.27324072827685,-3.));
#12606=CARTESIAN_POINT('',(-31.7098627201771,-9.42640687119289,3.));
#12607=CARTESIAN_POINT('',(-31.709862720177,9.72675927172288,3.));
#12608=CARTESIAN_POINT('',(-31.7098627201771,-10.2583372905475,5.0084577013567));
#12609=CARTESIAN_POINT('',(-31.709862720177,9.72675927172288,-3.));
#12610=CARTESIAN_POINT('Origin',(-24.2098627201777,-10.2732407282774,-3.));
#12611=CARTESIAN_POINT('',(-21.8447270023205,-11.0832611206853,7.));
#12612=CARTESIAN_POINT('Origin',(-24.2098627201777,-10.2732407282774,5.0444377828502));
#12613=CARTESIAN_POINT('Origin',(-24.2098627201777,-10.2732407282774,-3.));
#12614=CARTESIAN_POINT('Origin',(-24.2098627201777,-10.2732407282774,7.));
#12615=CARTESIAN_POINT('Origin',(-26.7098627201774,-7.77324072827712,7.));
#12616=CARTESIAN_POINT('',(-13.4461877065231,-11.0832611206853,7.));
#12617=CARTESIAN_POINT('Origin',(43.2901372798223,9.72675927172318,-3.));
#12618=CARTESIAN_POINT('',(38.290137279823,9.72675927172318,3.));
#12619=CARTESIAN_POINT('',(43.2901372798223,9.72675927172318,3.));
#12620=CARTESIAN_POINT('',(21.5401372798226,9.72675927172318,3.));
#12621=CARTESIAN_POINT('',(38.290137279823,9.72675927172318,-3.));
#12622=CARTESIAN_POINT('',(38.290137279823,9.72675927172318,-3.));
#12623=CARTESIAN_POINT('',(43.2901372798223,9.72675927172318,-3.));
#12624=CARTESIAN_POINT('',(21.5401372798226,9.72675927172318,-3.));
#12625=CARTESIAN_POINT('',(43.2901372798223,9.72675927172318,-3.));
#12626=CARTESIAN_POINT('Origin',(43.2901372798224,7.22675927172318,-3.));
#12627=CARTESIAN_POINT('',(45.7901372798224,7.22675927172325,3.));
#12628=CARTESIAN_POINT('Origin',(43.2901372798224,7.22675927172318,3.));
#12629=CARTESIAN_POINT('',(45.7901372798224,7.22675927172325,-3.));
#12630=CARTESIAN_POINT('Origin',(43.2901372798224,7.22675927172318,-3.));
#12631=CARTESIAN_POINT('',(45.7901372798224,7.22675927172325,-3.));
#12632=CARTESIAN_POINT('Origin',(45.7901372798224,2.22675927172258,-3.));
#12633=CARTESIAN_POINT('',(45.7901372798224,2.22675927172258,3.));
#12634=CARTESIAN_POINT('',(45.7901372798224,13.4767592717225,3.));
#12635=CARTESIAN_POINT('',(45.7901372798224,2.22675927172258,-3.));
#12636=CARTESIAN_POINT('',(45.7901372798224,13.4767592717225,-3.));
#12637=CARTESIAN_POINT('',(45.7901372798224,2.22675927172258,-3.));
#12638=CARTESIAN_POINT('Origin',(43.2901372798223,2.22675927172258,-3.));
#12639=CARTESIAN_POINT('',(43.2901372798223,-0.27324072827744,3.));
#12640=CARTESIAN_POINT('Origin',(43.2901372798223,2.22675927172258,3.));
#12641=CARTESIAN_POINT('',(43.2901372798223,-0.27324072827744,-3.));
#12642=CARTESIAN_POINT('Origin',(43.2901372798223,2.22675927172258,-3.));
#12643=CARTESIAN_POINT('',(43.2901372798223,-0.27324072827744,-3.));
#12644=CARTESIAN_POINT('Origin',(38.2901372798229,-0.273240728277448,-3.));
#12645=CARTESIAN_POINT('',(38.2901372798229,-0.273240728277448,3.));
#12646=CARTESIAN_POINT('',(19.040137279823,-0.273240728277517,3.));
#12647=CARTESIAN_POINT('',(38.2901372798229,-0.273240728277448,-3.));
#12648=CARTESIAN_POINT('',(19.040137279823,-0.273240728277517,-3.));
#12649=CARTESIAN_POINT('',(38.2901372798229,-0.273240728277448,-3.));
#12650=CARTESIAN_POINT('Origin',(38.2901372798229,2.22675927172258,-3.));
#12651=CARTESIAN_POINT('',(35.7901372798229,2.2267592717226,3.));
#12652=CARTESIAN_POINT('Origin',(38.2901372798229,2.22675927172258,3.));
#12653=CARTESIAN_POINT('',(35.7901372798229,2.2267592717226,-3.));
#12654=CARTESIAN_POINT('Origin',(38.2901372798229,2.22675927172258,-3.));
#12655=CARTESIAN_POINT('',(35.7901372798229,2.2267592717226,-3.));
#12656=CARTESIAN_POINT('Origin',(35.7901372798229,7.22675927172315,-3.));
#12657=CARTESIAN_POINT('',(35.7901372798229,7.22675927172315,3.));
#12658=CARTESIAN_POINT('',(35.7901372798229,15.9767592717228,3.));
#12659=CARTESIAN_POINT('',(35.7901372798229,7.22675927172315,-3.));
#12660=CARTESIAN_POINT('',(35.7901372798229,15.9767592717228,-3.));
#12661=CARTESIAN_POINT('',(35.7901372798229,7.22675927172315,-3.));
#12662=CARTESIAN_POINT('Origin',(38.290137279823,7.22675927172315,-3.));
#12663=CARTESIAN_POINT('Origin',(38.290137279823,7.22675927172315,3.));
#12664=CARTESIAN_POINT('Origin',(38.290137279823,7.22675927172315,-3.));
#12665=CARTESIAN_POINT('Origin',(-46.7098627201777,9.72675927172318,-3.));
#12666=CARTESIAN_POINT('',(-51.709862720177,9.72675927172318,3.));
#12667=CARTESIAN_POINT('',(-46.7098627201777,9.72675927172318,3.));
#12668=CARTESIAN_POINT('',(-23.4598627201774,9.72675927172318,3.));
#12669=CARTESIAN_POINT('',(-51.709862720177,9.72675927172318,-3.));
#12670=CARTESIAN_POINT('',(-51.709862720177,9.72675927172318,-3.));
#12671=CARTESIAN_POINT('',(-46.7098627201777,9.72675927172318,-3.));
#12672=CARTESIAN_POINT('',(-23.4598627201774,9.72675927172318,-3.));
#12673=CARTESIAN_POINT('',(-46.7098627201777,9.72675927172318,-3.));
#12674=CARTESIAN_POINT('Origin',(-46.7098627201776,7.22675927172318,-3.));
#12675=CARTESIAN_POINT('',(-44.2098627201776,7.22675927172325,3.));
#12676=CARTESIAN_POINT('Origin',(-46.7098627201776,7.22675927172318,3.));
#12677=CARTESIAN_POINT('',(-44.2098627201776,7.22675927172325,-3.));
#12678=CARTESIAN_POINT('Origin',(-46.7098627201776,7.22675927172318,-3.));
#12679=CARTESIAN_POINT('',(-44.2098627201776,7.22675927172325,-3.));
#12680=CARTESIAN_POINT('Origin',(-44.2098627201776,2.22675927172258,-3.));
#12681=CARTESIAN_POINT('',(-44.2098627201776,2.22675927172258,3.));
#12682=CARTESIAN_POINT('',(-44.2098627201776,13.4767592717227,3.));
#12683=CARTESIAN_POINT('',(-44.2098627201776,2.22675927172258,-3.));
#12684=CARTESIAN_POINT('',(-44.2098627201776,13.4767592717227,-3.));
#12685=CARTESIAN_POINT('',(-44.2098627201776,2.22675927172258,-3.));
#12686=CARTESIAN_POINT('Origin',(-46.7098627201777,2.22675927172258,-3.));
#12687=CARTESIAN_POINT('',(-46.7098627201777,-0.27324072827744,3.));
#12688=CARTESIAN_POINT('Origin',(-46.7098627201777,2.22675927172258,3.));
#12689=CARTESIAN_POINT('',(-46.7098627201777,-0.27324072827744,-3.));
#12690=CARTESIAN_POINT('Origin',(-46.7098627201777,2.22675927172258,-3.));
#12691=CARTESIAN_POINT('',(-46.7098627201777,-0.27324072827744,-3.));
#12692=CARTESIAN_POINT('Origin',(-51.7098627201771,-0.273240728277448,-3.));
#12693=CARTESIAN_POINT('',(-51.7098627201771,-0.273240728277448,3.));
#12694=CARTESIAN_POINT('',(-25.959862720177,-0.273240728277357,3.));
#12695=CARTESIAN_POINT('',(-51.7098627201771,-0.273240728277448,-3.));
#12696=CARTESIAN_POINT('',(-25.959862720177,-0.273240728277357,-3.));
#12697=CARTESIAN_POINT('',(-51.7098627201771,-0.273240728277448,-3.));
#12698=CARTESIAN_POINT('Origin',(-51.7098627201771,2.22675927172258,-3.));
#12699=CARTESIAN_POINT('',(-54.2098627201771,2.2267592717226,3.));
#12700=CARTESIAN_POINT('Origin',(-51.7098627201771,2.22675927172258,3.));
#12701=CARTESIAN_POINT('',(-54.2098627201771,2.2267592717226,-3.));
#12702=CARTESIAN_POINT('Origin',(-51.7098627201771,2.22675927172258,-3.));
#12703=CARTESIAN_POINT('',(-54.2098627201771,2.2267592717226,-3.));
#12704=CARTESIAN_POINT('Origin',(-54.2098627201771,7.22675927172315,-3.));
#12705=CARTESIAN_POINT('',(-54.2098627201771,7.22675927172315,3.));
#12706=CARTESIAN_POINT('',(-54.209862720177,15.9767592717229,3.));
#12707=CARTESIAN_POINT('',(-54.2098627201771,7.22675927172315,-3.));
#12708=CARTESIAN_POINT('',(-54.209862720177,15.9767592717229,-3.));
#12709=CARTESIAN_POINT('',(-54.2098627201771,7.22675927172315,-3.));
#12710=CARTESIAN_POINT('Origin',(-51.709862720177,7.22675927172315,-3.));
#12711=CARTESIAN_POINT('Origin',(-51.709862720177,7.22675927172315,3.));
#12712=CARTESIAN_POINT('Origin',(-51.709862720177,7.22675927172315,-3.));
#12713=CARTESIAN_POINT('Origin',(20.7901372798223,22.2267592717232,-3.));
#12714=CARTESIAN_POINT('',(15.790137279823,22.2267592717232,3.));
#12715=CARTESIAN_POINT('',(20.7901372798223,22.2267592717232,3.));
#12716=CARTESIAN_POINT('',(10.2901372798226,22.2267592717232,3.));
#12717=CARTESIAN_POINT('',(15.790137279823,22.2267592717232,-3.));
#12718=CARTESIAN_POINT('',(15.790137279823,22.2267592717232,-3.));
#12719=CARTESIAN_POINT('',(20.7901372798223,22.2267592717232,-3.));
#12720=CARTESIAN_POINT('',(10.2901372798226,22.2267592717232,-3.));
#12721=CARTESIAN_POINT('',(20.7901372798223,22.2267592717232,-3.));
#12722=CARTESIAN_POINT('Origin',(20.7901372798224,19.7267592717232,-3.));
#12723=CARTESIAN_POINT('',(23.2901372798224,19.7267592717233,3.));
#12724=CARTESIAN_POINT('Origin',(20.7901372798224,19.7267592717232,3.));
#12725=CARTESIAN_POINT('',(23.2901372798224,19.7267592717233,-3.));
#12726=CARTESIAN_POINT('Origin',(20.7901372798224,19.7267592717232,-3.));
#12727=CARTESIAN_POINT('',(23.2901372798224,19.7267592717233,-3.));
#12728=CARTESIAN_POINT('Origin',(23.2901372798224,14.7267592717226,-3.));
#12729=CARTESIAN_POINT('',(23.2901372798224,14.7267592717226,3.));
#12730=CARTESIAN_POINT('',(23.2901372798224,19.7267592717225,3.));
#12731=CARTESIAN_POINT('',(23.2901372798224,14.7267592717226,-3.));
#12732=CARTESIAN_POINT('',(23.2901372798224,19.7267592717225,-3.));
#12733=CARTESIAN_POINT('',(23.2901372798224,14.7267592717226,-3.));
#12734=CARTESIAN_POINT('Origin',(20.7901372798223,14.7267592717226,-3.));
#12735=CARTESIAN_POINT('',(20.7901372798223,12.2267592717226,3.));
#12736=CARTESIAN_POINT('Origin',(20.7901372798223,14.7267592717226,3.));
#12737=CARTESIAN_POINT('',(20.7901372798223,12.2267592717226,-3.));
#12738=CARTESIAN_POINT('Origin',(20.7901372798223,14.7267592717226,-3.));
#12739=CARTESIAN_POINT('',(20.7901372798223,12.2267592717226,-3.));
#12740=CARTESIAN_POINT('Origin',(15.7901372798229,12.2267592717226,-3.));
#12741=CARTESIAN_POINT('',(15.7901372798229,12.2267592717226,3.));
#12742=CARTESIAN_POINT('',(7.79013727982294,12.2267592717225,3.));
#12743=CARTESIAN_POINT('',(15.7901372798229,12.2267592717226,-3.));
#12744=CARTESIAN_POINT('',(7.79013727982294,12.2267592717225,-3.));
#12745=CARTESIAN_POINT('',(15.7901372798229,12.2267592717226,-3.));
#12746=CARTESIAN_POINT('Origin',(15.7901372798229,14.7267592717226,-3.));
#12747=CARTESIAN_POINT('',(13.2901372798229,14.7267592717226,3.));
#12748=CARTESIAN_POINT('Origin',(15.7901372798229,14.7267592717226,3.));
#12749=CARTESIAN_POINT('',(13.2901372798229,14.7267592717226,-3.));
#12750=CARTESIAN_POINT('Origin',(15.7901372798229,14.7267592717226,-3.));
#12751=CARTESIAN_POINT('',(13.2901372798229,14.7267592717226,-3.));
#12752=CARTESIAN_POINT('Origin',(13.2901372798229,19.7267592717231,-3.));
#12753=CARTESIAN_POINT('',(13.2901372798229,19.7267592717231,3.));
#12754=CARTESIAN_POINT('',(13.2901372798229,22.2267592717229,3.));
#12755=CARTESIAN_POINT('',(13.2901372798229,19.7267592717231,-3.));
#12756=CARTESIAN_POINT('',(13.2901372798229,22.2267592717229,-3.));
#12757=CARTESIAN_POINT('',(13.2901372798229,19.7267592717231,-3.));
#12758=CARTESIAN_POINT('Origin',(15.790137279823,19.7267592717231,-3.));
#12759=CARTESIAN_POINT('Origin',(15.790137279823,19.7267592717231,3.));
#12760=CARTESIAN_POINT('Origin',(15.790137279823,19.7267592717231,-3.));
#12761=CARTESIAN_POINT('Origin',(-1.70986272017766,34.7267592717232,-3.));
#12762=CARTESIAN_POINT('',(-6.709862720177,34.7267592717232,3.));
#12763=CARTESIAN_POINT('',(-1.70986272017766,34.7267592717232,3.));
#12764=CARTESIAN_POINT('',(-0.959862720177389,34.7267592717232,3.));
#12765=CARTESIAN_POINT('',(-6.709862720177,34.7267592717232,-3.));
#12766=CARTESIAN_POINT('',(-6.709862720177,34.7267592717232,-3.));
#12767=CARTESIAN_POINT('',(-1.70986272017766,34.7267592717232,-3.));
#12768=CARTESIAN_POINT('',(-0.959862720177389,34.7267592717232,-3.));
#12769=CARTESIAN_POINT('',(-1.70986272017766,34.7267592717232,-3.));
#12770=CARTESIAN_POINT('Origin',(-1.70986272017765,32.2267592717232,-3.));
#12771=CARTESIAN_POINT('',(0.790137279822352,32.2267592717233,3.));
#12772=CARTESIAN_POINT('Origin',(-1.70986272017765,32.2267592717232,3.));
#12773=CARTESIAN_POINT('',(0.790137279822352,32.2267592717233,-3.));
#12774=CARTESIAN_POINT('Origin',(-1.70986272017765,32.2267592717232,-3.));
#12775=CARTESIAN_POINT('',(0.790137279822352,32.2267592717233,-3.));
#12776=CARTESIAN_POINT('Origin',(0.790137279822352,27.2267592717226,-3.));
#12777=CARTESIAN_POINT('',(0.790137279822352,27.2267592717226,3.));
#12778=CARTESIAN_POINT('',(0.790137279822347,25.9767592717226,3.));
#12779=CARTESIAN_POINT('',(0.790137279822352,27.2267592717226,-3.));
#12780=CARTESIAN_POINT('',(0.790137279822347,25.9767592717226,-3.));
#12781=CARTESIAN_POINT('',(0.790137279822352,27.2267592717226,-3.));
#12782=CARTESIAN_POINT('Origin',(-1.70986272017767,27.2267592717226,-3.));
#12783=CARTESIAN_POINT('',(-1.70986272017767,24.7267592717226,3.));
#12784=CARTESIAN_POINT('Origin',(-1.70986272017767,27.2267592717226,3.));
#12785=CARTESIAN_POINT('',(-1.70986272017767,24.7267592717226,-3.));
#12786=CARTESIAN_POINT('Origin',(-1.70986272017767,27.2267592717226,-3.));
#12787=CARTESIAN_POINT('',(-1.70986272017767,24.7267592717226,-3.));
#12788=CARTESIAN_POINT('Origin',(-6.70986272017705,24.7267592717225,-3.));
#12789=CARTESIAN_POINT('',(-6.70986272017705,24.7267592717225,3.));
#12790=CARTESIAN_POINT('',(-3.45986272017709,24.7267592717226,3.));
#12791=CARTESIAN_POINT('',(-6.70986272017705,24.7267592717225,-3.));
#12792=CARTESIAN_POINT('',(-3.45986272017709,24.7267592717226,-3.));
#12793=CARTESIAN_POINT('',(-6.70986272017705,24.7267592717225,-3.));
#12794=CARTESIAN_POINT('Origin',(-6.70986272017705,27.2267592717226,-3.));
#12795=CARTESIAN_POINT('',(-9.20986272017708,27.2267592717226,3.));
#12796=CARTESIAN_POINT('Origin',(-6.70986272017705,27.2267592717226,3.));
#12797=CARTESIAN_POINT('',(-9.20986272017708,27.2267592717226,-3.));
#12798=CARTESIAN_POINT('Origin',(-6.70986272017705,27.2267592717226,-3.));
#12799=CARTESIAN_POINT('',(-9.20986272017708,27.2267592717226,-3.));
#12800=CARTESIAN_POINT('Origin',(-9.20986272017706,32.2267592717231,-3.));
#12801=CARTESIAN_POINT('',(-9.20986272017706,32.2267592717231,3.));
#12802=CARTESIAN_POINT('',(-9.20986272017706,28.4767592717229,3.));
#12803=CARTESIAN_POINT('',(-9.20986272017706,32.2267592717231,-3.));
#12804=CARTESIAN_POINT('',(-9.20986272017706,28.4767592717229,-3.));
#12805=CARTESIAN_POINT('',(-9.20986272017706,32.2267592717231,-3.));
#12806=CARTESIAN_POINT('Origin',(-6.70986272017699,32.2267592717231,-3.));
#12807=CARTESIAN_POINT('Origin',(-6.70986272017699,32.2267592717231,3.));
#12808=CARTESIAN_POINT('Origin',(-6.70986272017699,32.2267592717231,-3.));
#12809=CARTESIAN_POINT('Origin',(-24.2098627201777,47.2267592717232,-3.));
#12810=CARTESIAN_POINT('',(-29.209862720177,47.2267592717232,3.));
#12811=CARTESIAN_POINT('',(-24.2098627201777,47.2267592717232,3.));
#12812=CARTESIAN_POINT('',(-12.2098627201774,47.2267592717232,3.));
#12813=CARTESIAN_POINT('',(-29.209862720177,47.2267592717232,-3.));
#12814=CARTESIAN_POINT('',(-29.209862720177,47.2267592717232,-3.));
#12815=CARTESIAN_POINT('',(-24.2098627201777,47.2267592717232,-3.));
#12816=CARTESIAN_POINT('',(-12.2098627201774,47.2267592717232,-3.));
#12817=CARTESIAN_POINT('',(-24.2098627201777,47.2267592717232,-3.));
#12818=CARTESIAN_POINT('Origin',(-24.2098627201776,44.7267592717232,-3.));
#12819=CARTESIAN_POINT('',(-21.7098627201776,44.7267592717233,3.));
#12820=CARTESIAN_POINT('Origin',(-24.2098627201776,44.7267592717232,3.));
#12821=CARTESIAN_POINT('',(-21.7098627201776,44.7267592717233,-3.));
#12822=CARTESIAN_POINT('Origin',(-24.2098627201776,44.7267592717232,-3.));
#12823=CARTESIAN_POINT('',(-21.7098627201776,44.7267592717233,-3.));
#12824=CARTESIAN_POINT('Origin',(-21.7098627201776,39.7267592717226,-3.));
#12825=CARTESIAN_POINT('',(-21.7098627201776,39.7267592717226,3.));
#12826=CARTESIAN_POINT('',(-21.7098627201777,32.2267592717226,3.));
#12827=CARTESIAN_POINT('',(-21.7098627201776,39.7267592717226,-3.));
#12828=CARTESIAN_POINT('',(-21.7098627201777,32.2267592717226,-3.));
#12829=CARTESIAN_POINT('',(-21.7098627201776,39.7267592717226,-3.));
#12830=CARTESIAN_POINT('Origin',(-24.2098627201777,39.7267592717226,-3.));
#12831=CARTESIAN_POINT('',(-24.2098627201777,37.2267592717226,3.));
#12832=CARTESIAN_POINT('Origin',(-24.2098627201777,39.7267592717226,3.));
#12833=CARTESIAN_POINT('',(-24.2098627201777,37.2267592717226,-3.));
#12834=CARTESIAN_POINT('Origin',(-24.2098627201777,39.7267592717226,-3.));
#12835=CARTESIAN_POINT('',(-24.2098627201777,37.2267592717226,-3.));
#12836=CARTESIAN_POINT('Origin',(-29.2098627201771,37.2267592717225,-3.));
#12837=CARTESIAN_POINT('',(-29.2098627201771,37.2267592717225,3.));
#12838=CARTESIAN_POINT('',(-14.7098627201771,37.2267592717226,3.));
#12839=CARTESIAN_POINT('',(-29.2098627201771,37.2267592717225,-3.));
#12840=CARTESIAN_POINT('',(-14.7098627201771,37.2267592717226,-3.));
#12841=CARTESIAN_POINT('',(-29.2098627201771,37.2267592717225,-3.));
#12842=CARTESIAN_POINT('Origin',(-29.2098627201771,39.7267592717226,-3.));
#12843=CARTESIAN_POINT('',(-31.7098627201771,39.7267592717226,3.));
#12844=CARTESIAN_POINT('Origin',(-29.2098627201771,39.7267592717226,3.));
#12845=CARTESIAN_POINT('',(-31.7098627201771,39.7267592717226,-3.));
#12846=CARTESIAN_POINT('Origin',(-29.2098627201771,39.7267592717226,-3.));
#12847=CARTESIAN_POINT('',(-31.7098627201771,39.7267592717226,-3.));
#12848=CARTESIAN_POINT('Origin',(-31.7098627201771,44.7267592717231,-3.));
#12849=CARTESIAN_POINT('',(-31.7098627201771,44.7267592717231,3.));
#12850=CARTESIAN_POINT('',(-31.7098627201771,34.7267592717229,3.));
#12851=CARTESIAN_POINT('',(-31.7098627201771,44.7267592717231,-3.));
#12852=CARTESIAN_POINT('',(-31.7098627201771,34.7267592717229,-3.));
#12853=CARTESIAN_POINT('',(-31.7098627201771,44.7267592717231,-3.));
#12854=CARTESIAN_POINT('Origin',(-29.209862720177,44.7267592717231,-3.));
#12855=CARTESIAN_POINT('Origin',(-29.209862720177,44.7267592717231,3.));
#12856=CARTESIAN_POINT('Origin',(-29.209862720177,44.7267592717231,-3.));
#12857=CARTESIAN_POINT('Origin',(43.2901372798223,59.7267592717232,-3.));
#12858=CARTESIAN_POINT('',(38.290137279823,59.7267592717232,3.));
#12859=CARTESIAN_POINT('',(43.2901372798223,59.7267592717232,3.));
#12860=CARTESIAN_POINT('',(21.5401372798226,59.7267592717232,3.));
#12861=CARTESIAN_POINT('',(38.290137279823,59.7267592717232,-3.));
#12862=CARTESIAN_POINT('',(38.290137279823,59.7267592717232,-3.));
#12863=CARTESIAN_POINT('',(43.2901372798223,59.7267592717232,-3.));
#12864=CARTESIAN_POINT('',(21.5401372798226,59.7267592717232,-3.));
#12865=CARTESIAN_POINT('',(43.2901372798223,59.7267592717232,-3.));
#12866=CARTESIAN_POINT('Origin',(43.2901372798224,57.2267592717232,-3.));
#12867=CARTESIAN_POINT('',(45.7901372798224,57.2267592717233,3.));
#12868=CARTESIAN_POINT('Origin',(43.2901372798224,57.2267592717232,3.));
#12869=CARTESIAN_POINT('',(45.7901372798224,57.2267592717233,-3.));
#12870=CARTESIAN_POINT('Origin',(43.2901372798224,57.2267592717232,-3.));
#12871=CARTESIAN_POINT('',(45.7901372798224,57.2267592717233,-3.));
#12872=CARTESIAN_POINT('Origin',(45.7901372798224,52.2267592717226,-3.));
#12873=CARTESIAN_POINT('',(45.7901372798224,52.2267592717226,3.));
#12874=CARTESIAN_POINT('',(45.7901372798223,38.4767592717225,3.));
#12875=CARTESIAN_POINT('',(45.7901372798224,52.2267592717226,-3.));
#12876=CARTESIAN_POINT('',(45.7901372798223,38.4767592717225,-3.));
#12877=CARTESIAN_POINT('',(45.7901372798224,52.2267592717226,-3.));
#12878=CARTESIAN_POINT('Origin',(43.2901372798223,52.2267592717226,-3.));
#12879=CARTESIAN_POINT('',(43.2901372798223,49.7267592717226,3.));
#12880=CARTESIAN_POINT('Origin',(43.2901372798223,52.2267592717226,3.));
#12881=CARTESIAN_POINT('',(43.2901372798223,49.7267592717226,-3.));
#12882=CARTESIAN_POINT('Origin',(43.2901372798223,52.2267592717226,-3.));
#12883=CARTESIAN_POINT('',(43.2901372798223,49.7267592717226,-3.));
#12884=CARTESIAN_POINT('Origin',(38.2901372798229,49.7267592717225,-3.));
#12885=CARTESIAN_POINT('',(38.2901372798229,49.7267592717225,3.));
#12886=CARTESIAN_POINT('',(19.0401372798229,49.7267592717225,3.));
#12887=CARTESIAN_POINT('',(38.2901372798229,49.7267592717225,-3.));
#12888=CARTESIAN_POINT('',(19.0401372798229,49.7267592717225,-3.));
#12889=CARTESIAN_POINT('',(38.2901372798229,49.7267592717225,-3.));
#12890=CARTESIAN_POINT('Origin',(38.2901372798229,52.2267592717226,-3.));
#12891=CARTESIAN_POINT('',(35.7901372798229,52.2267592717226,3.));
#12892=CARTESIAN_POINT('Origin',(38.2901372798229,52.2267592717226,3.));
#12893=CARTESIAN_POINT('',(35.7901372798229,52.2267592717226,-3.));
#12894=CARTESIAN_POINT('Origin',(38.2901372798229,52.2267592717226,-3.));
#12895=CARTESIAN_POINT('',(35.7901372798229,52.2267592717226,-3.));
#12896=CARTESIAN_POINT('Origin',(35.7901372798229,57.2267592717231,-3.));
#12897=CARTESIAN_POINT('',(35.7901372798229,57.2267592717231,3.));
#12898=CARTESIAN_POINT('',(35.7901372798229,40.9767592717228,3.));
#12899=CARTESIAN_POINT('',(35.7901372798229,57.2267592717231,-3.));
#12900=CARTESIAN_POINT('',(35.7901372798229,40.9767592717228,-3.));
#12901=CARTESIAN_POINT('',(35.7901372798229,57.2267592717231,-3.));
#12902=CARTESIAN_POINT('Origin',(38.290137279823,57.2267592717231,-3.));
#12903=CARTESIAN_POINT('Origin',(38.290137279823,57.2267592717231,3.));
#12904=CARTESIAN_POINT('Origin',(38.290137279823,57.2267592717231,-3.));
#12905=CARTESIAN_POINT('Origin',(-46.7098627201777,59.7267592717232,-3.));
#12906=CARTESIAN_POINT('',(-51.709862720177,59.7267592717232,3.));
#12907=CARTESIAN_POINT('',(-46.7098627201777,59.7267592717232,3.));
#12908=CARTESIAN_POINT('',(-23.4598627201774,59.7267592717232,3.));
#12909=CARTESIAN_POINT('',(-51.709862720177,59.7267592717232,-3.));
#12910=CARTESIAN_POINT('',(-51.709862720177,59.7267592717232,-3.));
#12911=CARTESIAN_POINT('',(-46.7098627201777,59.7267592717232,-3.));
#12912=CARTESIAN_POINT('',(-23.4598627201774,59.7267592717232,-3.));
#12913=CARTESIAN_POINT('',(-46.7098627201777,59.7267592717232,-3.));
#12914=CARTESIAN_POINT('Origin',(-46.7098627201776,57.2267592717232,-3.));
#12915=CARTESIAN_POINT('',(-44.2098627201776,57.2267592717233,3.));
#12916=CARTESIAN_POINT('Origin',(-46.7098627201776,57.2267592717232,3.));
#12917=CARTESIAN_POINT('',(-44.2098627201776,57.2267592717233,-3.));
#12918=CARTESIAN_POINT('Origin',(-46.7098627201776,57.2267592717232,-3.));
#12919=CARTESIAN_POINT('',(-44.2098627201776,57.2267592717233,-3.));
#12920=CARTESIAN_POINT('Origin',(-44.2098627201776,52.2267592717226,-3.));
#12921=CARTESIAN_POINT('',(-44.2098627201776,52.2267592717226,3.));
#12922=CARTESIAN_POINT('',(-44.2098627201777,38.4767592717227,3.));
#12923=CARTESIAN_POINT('',(-44.2098627201776,52.2267592717226,-3.));
#12924=CARTESIAN_POINT('',(-44.2098627201777,38.4767592717227,-3.));
#12925=CARTESIAN_POINT('',(-44.2098627201776,52.2267592717226,-3.));
#12926=CARTESIAN_POINT('Origin',(-46.7098627201777,52.2267592717226,-3.));
#12927=CARTESIAN_POINT('',(-46.7098627201777,49.7267592717226,3.));
#12928=CARTESIAN_POINT('Origin',(-46.7098627201777,52.2267592717226,3.));
#12929=CARTESIAN_POINT('',(-46.7098627201777,49.7267592717226,-3.));
#12930=CARTESIAN_POINT('Origin',(-46.7098627201777,52.2267592717226,-3.));
#12931=CARTESIAN_POINT('',(-46.7098627201777,49.7267592717226,-3.));
#12932=CARTESIAN_POINT('Origin',(-51.7098627201771,49.7267592717225,-3.));
#12933=CARTESIAN_POINT('',(-51.7098627201771,49.7267592717225,3.));
#12934=CARTESIAN_POINT('',(-25.9598627201771,49.7267592717226,3.));
#12935=CARTESIAN_POINT('',(-51.7098627201771,49.7267592717225,-3.));
#12936=CARTESIAN_POINT('',(-25.9598627201771,49.7267592717226,-3.));
#12937=CARTESIAN_POINT('',(-51.7098627201771,49.7267592717225,-3.));
#12938=CARTESIAN_POINT('Origin',(-51.7098627201771,52.2267592717226,-3.));
#12939=CARTESIAN_POINT('',(-54.2098627201771,52.2267592717226,3.));
#12940=CARTESIAN_POINT('Origin',(-51.7098627201771,52.2267592717226,3.));
#12941=CARTESIAN_POINT('',(-54.2098627201771,52.2267592717226,-3.));
#12942=CARTESIAN_POINT('Origin',(-51.7098627201771,52.2267592717226,-3.));
#12943=CARTESIAN_POINT('',(-54.2098627201771,52.2267592717226,-3.));
#12944=CARTESIAN_POINT('Origin',(-54.2098627201771,57.2267592717231,-3.));
#12945=CARTESIAN_POINT('',(-54.2098627201771,57.2267592717231,3.));
#12946=CARTESIAN_POINT('',(-54.2098627201771,40.9767592717229,3.));
#12947=CARTESIAN_POINT('',(-54.2098627201771,57.2267592717231,-3.));
#12948=CARTESIAN_POINT('',(-54.2098627201771,40.9767592717229,-3.));
#12949=CARTESIAN_POINT('',(-54.2098627201771,57.2267592717231,-3.));
#12950=CARTESIAN_POINT('Origin',(-51.709862720177,57.2267592717231,-3.));
#12951=CARTESIAN_POINT('Origin',(-51.709862720177,57.2267592717231,3.));
#12952=CARTESIAN_POINT('Origin',(-51.709862720177,57.2267592717231,-3.));
#12953=CARTESIAN_POINT('Origin',(20.7901372798223,72.2267592717232,-3.));
#12954=CARTESIAN_POINT('',(15.790137279823,72.2267592717232,3.));
#12955=CARTESIAN_POINT('',(20.7901372798223,72.2267592717232,3.));
#12956=CARTESIAN_POINT('',(10.2901372798226,72.2267592717232,3.));
#12957=CARTESIAN_POINT('',(15.790137279823,72.2267592717232,-3.));
#12958=CARTESIAN_POINT('',(15.790137279823,72.2267592717232,-3.));
#12959=CARTESIAN_POINT('',(20.7901372798223,72.2267592717232,-3.));
#12960=CARTESIAN_POINT('',(10.2901372798226,72.2267592717232,-3.));
#12961=CARTESIAN_POINT('',(20.7901372798223,72.2267592717232,-3.));
#12962=CARTESIAN_POINT('Origin',(20.7901372798224,69.7267592717232,-3.));
#12963=CARTESIAN_POINT('',(23.2901372798224,69.7267592717233,3.));
#12964=CARTESIAN_POINT('Origin',(20.7901372798224,69.7267592717232,3.));
#12965=CARTESIAN_POINT('',(23.2901372798224,69.7267592717233,-3.));
#12966=CARTESIAN_POINT('Origin',(20.7901372798224,69.7267592717232,-3.));
#12967=CARTESIAN_POINT('',(23.2901372798224,69.7267592717233,-3.));
#12968=CARTESIAN_POINT('Origin',(23.2901372798224,64.7267592717226,-3.));
#12969=CARTESIAN_POINT('',(23.2901372798224,64.7267592717226,3.));
#12970=CARTESIAN_POINT('',(23.2901372798223,44.7267592717225,3.));
#12971=CARTESIAN_POINT('',(23.2901372798224,64.7267592717226,-3.));
#12972=CARTESIAN_POINT('',(23.2901372798223,44.7267592717225,-3.));
#12973=CARTESIAN_POINT('',(23.2901372798224,64.7267592717226,-3.));
#12974=CARTESIAN_POINT('Origin',(20.7901372798223,64.7267592717226,-3.));
#12975=CARTESIAN_POINT('',(20.7901372798223,62.2267592717226,3.));
#12976=CARTESIAN_POINT('Origin',(20.7901372798223,64.7267592717226,3.));
#12977=CARTESIAN_POINT('',(20.7901372798223,62.2267592717226,-3.));
#12978=CARTESIAN_POINT('Origin',(20.7901372798223,64.7267592717226,-3.));
#12979=CARTESIAN_POINT('',(20.7901372798223,62.2267592717226,-3.));
#12980=CARTESIAN_POINT('Origin',(15.7901372798229,62.2267592717225,-3.));
#12981=CARTESIAN_POINT('',(15.7901372798229,62.2267592717225,3.));
#12982=CARTESIAN_POINT('',(7.79013727982285,62.2267592717225,3.));
#12983=CARTESIAN_POINT('',(15.7901372798229,62.2267592717225,-3.));
#12984=CARTESIAN_POINT('',(7.79013727982285,62.2267592717225,-3.));
#12985=CARTESIAN_POINT('',(15.7901372798229,62.2267592717225,-3.));
#12986=CARTESIAN_POINT('Origin',(15.7901372798229,64.7267592717226,-3.));
#12987=CARTESIAN_POINT('',(13.2901372798229,64.7267592717226,3.));
#12988=CARTESIAN_POINT('Origin',(15.7901372798229,64.7267592717226,3.));
#12989=CARTESIAN_POINT('',(13.2901372798229,64.7267592717226,-3.));
#12990=CARTESIAN_POINT('Origin',(15.7901372798229,64.7267592717226,-3.));
#12991=CARTESIAN_POINT('',(13.2901372798229,64.7267592717226,-3.));
#12992=CARTESIAN_POINT('Origin',(13.2901372798229,69.7267592717232,-3.));
#12993=CARTESIAN_POINT('',(13.2901372798229,69.7267592717232,3.));
#12994=CARTESIAN_POINT('',(13.2901372798229,47.2267592717229,3.));
#12995=CARTESIAN_POINT('',(13.2901372798229,69.7267592717232,-3.));
#12996=CARTESIAN_POINT('',(13.2901372798229,47.2267592717229,-3.));
#12997=CARTESIAN_POINT('',(13.2901372798229,69.7267592717232,-3.));
#12998=CARTESIAN_POINT('Origin',(15.790137279823,69.7267592717232,-3.));
#12999=CARTESIAN_POINT('Origin',(15.790137279823,69.7267592717232,3.));
#13000=CARTESIAN_POINT('Origin',(15.790137279823,69.7267592717232,-3.));
#13001=CARTESIAN_POINT('Origin',(-1.70986272017766,84.7267592717232,-3.));
#13002=CARTESIAN_POINT('',(-6.709862720177,84.7267592717232,3.));
#13003=CARTESIAN_POINT('',(-1.70986272017766,84.7267592717232,3.));
#13004=CARTESIAN_POINT('',(-0.959862720177389,84.7267592717232,3.));
#13005=CARTESIAN_POINT('',(-6.709862720177,84.7267592717232,-3.));
#13006=CARTESIAN_POINT('',(-6.709862720177,84.7267592717232,-3.));
#13007=CARTESIAN_POINT('',(-1.70986272017766,84.7267592717232,-3.));
#13008=CARTESIAN_POINT('',(-0.959862720177389,84.7267592717232,-3.));
#13009=CARTESIAN_POINT('',(-1.70986272017766,84.7267592717232,-3.));
#13010=CARTESIAN_POINT('Origin',(-1.70986272017765,82.2267592717232,-3.));
#13011=CARTESIAN_POINT('',(0.790137279822352,82.2267592717233,3.));
#13012=CARTESIAN_POINT('Origin',(-1.70986272017765,82.2267592717232,3.));
#13013=CARTESIAN_POINT('',(0.790137279822352,82.2267592717233,-3.));
#13014=CARTESIAN_POINT('Origin',(-1.70986272017765,82.2267592717232,-3.));
#13015=CARTESIAN_POINT('',(0.790137279822352,82.2267592717233,-3.));
#13016=CARTESIAN_POINT('Origin',(0.790137279822352,77.2267592717226,-3.));
#13017=CARTESIAN_POINT('',(0.790137279822352,77.2267592717226,3.));
#13018=CARTESIAN_POINT('',(0.790137279822258,50.9767592717226,3.));
#13019=CARTESIAN_POINT('',(0.790137279822352,77.2267592717226,-3.));
#13020=CARTESIAN_POINT('',(0.790137279822258,50.9767592717226,-3.));
#13021=CARTESIAN_POINT('',(0.790137279822352,77.2267592717226,-3.));
#13022=CARTESIAN_POINT('Origin',(-1.70986272017767,77.2267592717226,-3.));
#13023=CARTESIAN_POINT('',(-1.70986272017767,74.7267592717226,3.));
#13024=CARTESIAN_POINT('Origin',(-1.70986272017767,77.2267592717226,3.));
#13025=CARTESIAN_POINT('',(-1.70986272017767,74.7267592717226,-3.));
#13026=CARTESIAN_POINT('Origin',(-1.70986272017767,77.2267592717226,-3.));
#13027=CARTESIAN_POINT('',(-1.70986272017767,74.7267592717226,-3.));
#13028=CARTESIAN_POINT('Origin',(-6.70986272017705,74.7267592717226,-3.));
#13029=CARTESIAN_POINT('',(-6.70986272017705,74.7267592717226,3.));
#13030=CARTESIAN_POINT('',(-3.45986272017718,74.7267592717226,3.));
#13031=CARTESIAN_POINT('',(-6.70986272017705,74.7267592717226,-3.));
#13032=CARTESIAN_POINT('',(-3.45986272017718,74.7267592717226,-3.));
#13033=CARTESIAN_POINT('',(-6.70986272017705,74.7267592717226,-3.));
#13034=CARTESIAN_POINT('Origin',(-6.70986272017705,77.2267592717226,-3.));
#13035=CARTESIAN_POINT('',(-9.20986272017708,77.2267592717226,3.));
#13036=CARTESIAN_POINT('Origin',(-6.70986272017705,77.2267592717226,3.));
#13037=CARTESIAN_POINT('',(-9.20986272017708,77.2267592717226,-3.));
#13038=CARTESIAN_POINT('Origin',(-6.70986272017705,77.2267592717226,-3.));
#13039=CARTESIAN_POINT('',(-9.20986272017708,77.2267592717226,-3.));
#13040=CARTESIAN_POINT('Origin',(-9.20986272017706,82.2267592717232,-3.));
#13041=CARTESIAN_POINT('',(-9.20986272017706,82.2267592717232,3.));
#13042=CARTESIAN_POINT('',(-9.20986272017708,53.4767592717229,3.));
#13043=CARTESIAN_POINT('',(-9.20986272017706,82.2267592717232,-3.));
#13044=CARTESIAN_POINT('',(-9.20986272017708,53.4767592717229,-3.));
#13045=CARTESIAN_POINT('',(-9.20986272017706,82.2267592717232,-3.));
#13046=CARTESIAN_POINT('Origin',(-6.70986272017699,82.2267592717232,-3.));
#13047=CARTESIAN_POINT('Origin',(-6.70986272017699,82.2267592717232,3.));
#13048=CARTESIAN_POINT('Origin',(-6.70986272017699,82.2267592717232,-3.));
#13049=CARTESIAN_POINT('Origin',(-24.2098627201777,84.7267592717232,-3.));
#13050=CARTESIAN_POINT('',(-29.209862720177,84.7267592717232,3.));
#13051=CARTESIAN_POINT('',(-24.2098627201777,84.7267592717232,3.));
#13052=CARTESIAN_POINT('',(-12.2098627201774,84.7267592717232,3.));
#13053=CARTESIAN_POINT('',(-29.209862720177,84.7267592717232,-3.));
#13054=CARTESIAN_POINT('',(-29.209862720177,84.7267592717232,-3.));
#13055=CARTESIAN_POINT('',(-24.2098627201777,84.7267592717232,-3.));
#13056=CARTESIAN_POINT('',(-12.2098627201774,84.7267592717232,-3.));
#13057=CARTESIAN_POINT('',(-24.2098627201777,84.7267592717232,-3.));
#13058=CARTESIAN_POINT('Origin',(-24.2098627201776,82.2267592717232,-3.));
#13059=CARTESIAN_POINT('',(-21.7098627201776,82.2267592717233,3.));
#13060=CARTESIAN_POINT('Origin',(-24.2098627201776,82.2267592717232,3.));
#13061=CARTESIAN_POINT('',(-21.7098627201776,82.2267592717233,-3.));
#13062=CARTESIAN_POINT('Origin',(-24.2098627201776,82.2267592717232,-3.));
#13063=CARTESIAN_POINT('',(-21.7098627201776,82.2267592717233,-3.));
#13064=CARTESIAN_POINT('Origin',(-21.7098627201776,77.2267592717226,-3.));
#13065=CARTESIAN_POINT('',(-21.7098627201776,77.2267592717226,3.));
#13066=CARTESIAN_POINT('',(-21.7098627201777,50.9767592717226,3.));
#13067=CARTESIAN_POINT('',(-21.7098627201776,77.2267592717226,-3.));
#13068=CARTESIAN_POINT('',(-21.7098627201777,50.9767592717226,-3.));
#13069=CARTESIAN_POINT('',(-21.7098627201776,77.2267592717226,-3.));
#13070=CARTESIAN_POINT('Origin',(-24.2098627201777,77.2267592717226,-3.));
#13071=CARTESIAN_POINT('',(-24.2098627201777,74.7267592717226,3.));
#13072=CARTESIAN_POINT('Origin',(-24.2098627201777,77.2267592717226,3.));
#13073=CARTESIAN_POINT('',(-24.2098627201777,74.7267592717226,-3.));
#13074=CARTESIAN_POINT('Origin',(-24.2098627201777,77.2267592717226,-3.));
#13075=CARTESIAN_POINT('',(-24.2098627201777,74.7267592717226,-3.));
#13076=CARTESIAN_POINT('Origin',(-29.2098627201771,74.7267592717226,-3.));
#13077=CARTESIAN_POINT('',(-29.2098627201771,74.7267592717226,3.));
#13078=CARTESIAN_POINT('',(-14.7098627201772,74.7267592717226,3.));
#13079=CARTESIAN_POINT('',(-29.2098627201771,74.7267592717226,-3.));
#13080=CARTESIAN_POINT('',(-14.7098627201772,74.7267592717226,-3.));
#13081=CARTESIAN_POINT('',(-29.2098627201771,74.7267592717226,-3.));
#13082=CARTESIAN_POINT('Origin',(-29.2098627201771,77.2267592717226,-3.));
#13083=CARTESIAN_POINT('',(-31.7098627201771,77.2267592717226,3.));
#13084=CARTESIAN_POINT('Origin',(-29.2098627201771,77.2267592717226,3.));
#13085=CARTESIAN_POINT('',(-31.7098627201771,77.2267592717226,-3.));
#13086=CARTESIAN_POINT('Origin',(-29.2098627201771,77.2267592717226,-3.));
#13087=CARTESIAN_POINT('',(-31.7098627201771,77.2267592717226,-3.));
#13088=CARTESIAN_POINT('Origin',(-31.7098627201771,82.2267592717232,-3.));
#13089=CARTESIAN_POINT('',(-31.7098627201771,82.2267592717232,3.));
#13090=CARTESIAN_POINT('',(-31.7098627201771,53.4767592717229,3.));
#13091=CARTESIAN_POINT('',(-31.7098627201771,82.2267592717232,-3.));
#13092=CARTESIAN_POINT('',(-31.7098627201771,53.4767592717229,-3.));
#13093=CARTESIAN_POINT('',(-31.7098627201771,82.2267592717232,-3.));
#13094=CARTESIAN_POINT('Origin',(-29.209862720177,82.2267592717232,-3.));
#13095=CARTESIAN_POINT('Origin',(-29.209862720177,82.2267592717232,3.));
#13096=CARTESIAN_POINT('Origin',(-29.209862720177,82.2267592717232,-3.));
#13097=CARTESIAN_POINT('Origin',(43.2901372798223,72.2267592717232,-3.));
#13098=CARTESIAN_POINT('',(38.290137279823,72.2267592717232,3.));
#13099=CARTESIAN_POINT('',(43.2901372798223,72.2267592717232,3.));
#13100=CARTESIAN_POINT('',(21.5401372798226,72.2267592717232,3.));
#13101=CARTESIAN_POINT('',(38.290137279823,72.2267592717232,-3.));
#13102=CARTESIAN_POINT('',(38.290137279823,72.2267592717232,-3.));
#13103=CARTESIAN_POINT('',(43.2901372798223,72.2267592717232,-3.));
#13104=CARTESIAN_POINT('',(21.5401372798226,72.2267592717232,-3.));
#13105=CARTESIAN_POINT('',(43.2901372798223,72.2267592717232,-3.));
#13106=CARTESIAN_POINT('Origin',(43.2901372798224,69.7267592717232,-3.));
#13107=CARTESIAN_POINT('',(45.7901372798224,69.7267592717233,3.));
#13108=CARTESIAN_POINT('Origin',(43.2901372798224,69.7267592717232,3.));
#13109=CARTESIAN_POINT('',(45.7901372798224,69.7267592717233,-3.));
#13110=CARTESIAN_POINT('Origin',(43.2901372798224,69.7267592717232,-3.));
#13111=CARTESIAN_POINT('',(45.7901372798224,69.7267592717233,-3.));
#13112=CARTESIAN_POINT('Origin',(45.7901372798224,64.7267592717226,-3.));
#13113=CARTESIAN_POINT('',(45.7901372798224,64.7267592717226,3.));
#13114=CARTESIAN_POINT('',(45.7901372798223,44.7267592717225,3.));
#13115=CARTESIAN_POINT('',(45.7901372798224,64.7267592717226,-3.));
#13116=CARTESIAN_POINT('',(45.7901372798223,44.7267592717225,-3.));
#13117=CARTESIAN_POINT('',(45.7901372798224,64.7267592717226,-3.));
#13118=CARTESIAN_POINT('Origin',(43.2901372798223,64.7267592717226,-3.));
#13119=CARTESIAN_POINT('',(43.2901372798223,62.2267592717226,3.));
#13120=CARTESIAN_POINT('Origin',(43.2901372798223,64.7267592717226,3.));
#13121=CARTESIAN_POINT('',(43.2901372798223,62.2267592717226,-3.));
#13122=CARTESIAN_POINT('Origin',(43.2901372798223,64.7267592717226,-3.));
#13123=CARTESIAN_POINT('',(43.2901372798223,62.2267592717226,-3.));
#13124=CARTESIAN_POINT('Origin',(38.2901372798229,62.2267592717225,-3.));
#13125=CARTESIAN_POINT('',(38.2901372798229,62.2267592717225,3.));
#13126=CARTESIAN_POINT('',(19.0401372798228,62.2267592717225,3.));
#13127=CARTESIAN_POINT('',(38.2901372798229,62.2267592717225,-3.));
#13128=CARTESIAN_POINT('',(19.0401372798228,62.2267592717225,-3.));
#13129=CARTESIAN_POINT('',(38.2901372798229,62.2267592717225,-3.));
#13130=CARTESIAN_POINT('Origin',(38.2901372798229,64.7267592717226,-3.));
#13131=CARTESIAN_POINT('',(35.7901372798229,64.7267592717226,3.));
#13132=CARTESIAN_POINT('Origin',(38.2901372798229,64.7267592717226,3.));
#13133=CARTESIAN_POINT('',(35.7901372798229,64.7267592717226,-3.));
#13134=CARTESIAN_POINT('Origin',(38.2901372798229,64.7267592717226,-3.));
#13135=CARTESIAN_POINT('',(35.7901372798229,64.7267592717226,-3.));
#13136=CARTESIAN_POINT('Origin',(35.7901372798229,69.7267592717232,-3.));
#13137=CARTESIAN_POINT('',(35.7901372798229,69.7267592717232,3.));
#13138=CARTESIAN_POINT('',(35.7901372798229,47.2267592717228,3.));
#13139=CARTESIAN_POINT('',(35.7901372798229,69.7267592717232,-3.));
#13140=CARTESIAN_POINT('',(35.7901372798229,47.2267592717228,-3.));
#13141=CARTESIAN_POINT('',(35.7901372798229,69.7267592717232,-3.));
#13142=CARTESIAN_POINT('Origin',(38.290137279823,69.7267592717232,-3.));
#13143=CARTESIAN_POINT('Origin',(38.290137279823,69.7267592717232,3.));
#13144=CARTESIAN_POINT('Origin',(38.290137279823,69.7267592717232,-3.));
#13145=CARTESIAN_POINT('Origin',(-46.7098627201777,72.2267592717232,-3.));
#13146=CARTESIAN_POINT('',(-51.709862720177,72.2267592717232,3.));
#13147=CARTESIAN_POINT('',(-46.7098627201777,72.2267592717232,3.));
#13148=CARTESIAN_POINT('',(-23.4598627201774,72.2267592717232,3.));
#13149=CARTESIAN_POINT('',(-51.709862720177,72.2267592717232,-3.));
#13150=CARTESIAN_POINT('',(-51.709862720177,72.2267592717232,-3.));
#13151=CARTESIAN_POINT('',(-46.7098627201777,72.2267592717232,-3.));
#13152=CARTESIAN_POINT('',(-23.4598627201774,72.2267592717232,-3.));
#13153=CARTESIAN_POINT('',(-46.7098627201777,72.2267592717232,-3.));
#13154=CARTESIAN_POINT('Origin',(-46.7098627201776,69.7267592717232,-3.));
#13155=CARTESIAN_POINT('',(-44.2098627201776,69.7267592717233,3.));
#13156=CARTESIAN_POINT('Origin',(-46.7098627201776,69.7267592717232,3.));
#13157=CARTESIAN_POINT('',(-44.2098627201776,69.7267592717233,-3.));
#13158=CARTESIAN_POINT('Origin',(-46.7098627201776,69.7267592717232,-3.));
#13159=CARTESIAN_POINT('',(-44.2098627201776,69.7267592717233,-3.));
#13160=CARTESIAN_POINT('Origin',(-44.2098627201776,64.7267592717226,-3.));
#13161=CARTESIAN_POINT('',(-44.2098627201776,64.7267592717226,3.));
#13162=CARTESIAN_POINT('',(-44.2098627201777,44.7267592717227,3.));
#13163=CARTESIAN_POINT('',(-44.2098627201776,64.7267592717226,-3.));
#13164=CARTESIAN_POINT('',(-44.2098627201777,44.7267592717227,-3.));
#13165=CARTESIAN_POINT('',(-44.2098627201776,64.7267592717226,-3.));
#13166=CARTESIAN_POINT('Origin',(-46.7098627201777,64.7267592717226,-3.));
#13167=CARTESIAN_POINT('',(-46.7098627201777,62.2267592717226,3.));
#13168=CARTESIAN_POINT('Origin',(-46.7098627201777,64.7267592717226,3.));
#13169=CARTESIAN_POINT('',(-46.7098627201777,62.2267592717226,-3.));
#13170=CARTESIAN_POINT('Origin',(-46.7098627201777,64.7267592717226,-3.));
#13171=CARTESIAN_POINT('',(-46.7098627201777,62.2267592717226,-3.));
#13172=CARTESIAN_POINT('Origin',(-51.7098627201771,62.2267592717225,-3.));
#13173=CARTESIAN_POINT('',(-51.7098627201771,62.2267592717225,3.));
#13174=CARTESIAN_POINT('',(-25.9598627201772,62.2267592717226,3.));
#13175=CARTESIAN_POINT('',(-51.7098627201771,62.2267592717225,-3.));
#13176=CARTESIAN_POINT('',(-25.9598627201772,62.2267592717226,-3.));
#13177=CARTESIAN_POINT('',(-51.7098627201771,62.2267592717225,-3.));
#13178=CARTESIAN_POINT('Origin',(-51.7098627201771,64.7267592717226,-3.));
#13179=CARTESIAN_POINT('',(-54.2098627201771,64.7267592717226,3.));
#13180=CARTESIAN_POINT('Origin',(-51.7098627201771,64.7267592717226,3.));
#13181=CARTESIAN_POINT('',(-54.2098627201771,64.7267592717226,-3.));
#13182=CARTESIAN_POINT('Origin',(-51.7098627201771,64.7267592717226,-3.));
#13183=CARTESIAN_POINT('',(-54.2098627201771,64.7267592717226,-3.));
#13184=CARTESIAN_POINT('Origin',(-54.2098627201771,69.7267592717232,-3.));
#13185=CARTESIAN_POINT('',(-54.2098627201771,69.7267592717232,3.));
#13186=CARTESIAN_POINT('',(-54.2098627201771,47.2267592717229,3.));
#13187=CARTESIAN_POINT('',(-54.2098627201771,69.7267592717232,-3.));
#13188=CARTESIAN_POINT('',(-54.2098627201771,47.2267592717229,-3.));
#13189=CARTESIAN_POINT('',(-54.2098627201771,69.7267592717232,-3.));
#13190=CARTESIAN_POINT('Origin',(-51.709862720177,69.7267592717232,-3.));
#13191=CARTESIAN_POINT('Origin',(-51.709862720177,69.7267592717232,3.));
#13192=CARTESIAN_POINT('Origin',(-51.709862720177,69.7267592717232,-3.));
#13193=CARTESIAN_POINT('Origin',(20.7901372798223,59.7267592717232,-3.));
#13194=CARTESIAN_POINT('',(15.790137279823,59.7267592717232,3.));
#13195=CARTESIAN_POINT('',(20.7901372798223,59.7267592717232,3.));
#13196=CARTESIAN_POINT('',(10.2901372798226,59.7267592717232,3.));
#13197=CARTESIAN_POINT('',(15.790137279823,59.7267592717232,-3.));
#13198=CARTESIAN_POINT('',(15.790137279823,59.7267592717232,-3.));
#13199=CARTESIAN_POINT('',(20.7901372798223,59.7267592717232,-3.));
#13200=CARTESIAN_POINT('',(10.2901372798226,59.7267592717232,-3.));
#13201=CARTESIAN_POINT('',(20.7901372798223,59.7267592717232,-3.));
#13202=CARTESIAN_POINT('Origin',(20.7901372798224,57.2267592717232,-3.));
#13203=CARTESIAN_POINT('',(23.2901372798224,57.2267592717233,3.));
#13204=CARTESIAN_POINT('Origin',(20.7901372798224,57.2267592717232,3.));
#13205=CARTESIAN_POINT('',(23.2901372798224,57.2267592717233,-3.));
#13206=CARTESIAN_POINT('Origin',(20.7901372798224,57.2267592717232,-3.));
#13207=CARTESIAN_POINT('',(23.2901372798224,57.2267592717233,-3.));
#13208=CARTESIAN_POINT('Origin',(23.2901372798224,52.2267592717226,-3.));
#13209=CARTESIAN_POINT('',(23.2901372798224,52.2267592717226,3.));
#13210=CARTESIAN_POINT('',(23.2901372798223,38.4767592717225,3.));
#13211=CARTESIAN_POINT('',(23.2901372798224,52.2267592717226,-3.));
#13212=CARTESIAN_POINT('',(23.2901372798223,38.4767592717225,-3.));
#13213=CARTESIAN_POINT('',(23.2901372798224,52.2267592717226,-3.));
#13214=CARTESIAN_POINT('Origin',(20.7901372798223,52.2267592717226,-3.));
#13215=CARTESIAN_POINT('',(20.7901372798223,49.7267592717226,3.));
#13216=CARTESIAN_POINT('Origin',(20.7901372798223,52.2267592717226,3.));
#13217=CARTESIAN_POINT('',(20.7901372798223,49.7267592717226,-3.));
#13218=CARTESIAN_POINT('Origin',(20.7901372798223,52.2267592717226,-3.));
#13219=CARTESIAN_POINT('',(20.7901372798223,49.7267592717226,-3.));
#13220=CARTESIAN_POINT('Origin',(15.7901372798229,49.7267592717225,-3.));
#13221=CARTESIAN_POINT('',(15.7901372798229,49.7267592717225,3.));
#13222=CARTESIAN_POINT('',(7.79013727982287,49.7267592717225,3.));
#13223=CARTESIAN_POINT('',(15.7901372798229,49.7267592717225,-3.));
#13224=CARTESIAN_POINT('',(7.79013727982287,49.7267592717225,-3.));
#13225=CARTESIAN_POINT('',(15.7901372798229,49.7267592717225,-3.));
#13226=CARTESIAN_POINT('Origin',(15.7901372798229,52.2267592717226,-3.));
#13227=CARTESIAN_POINT('',(13.2901372798229,52.2267592717226,3.));
#13228=CARTESIAN_POINT('Origin',(15.7901372798229,52.2267592717226,3.));
#13229=CARTESIAN_POINT('',(13.2901372798229,52.2267592717226,-3.));
#13230=CARTESIAN_POINT('Origin',(15.7901372798229,52.2267592717226,-3.));
#13231=CARTESIAN_POINT('',(13.2901372798229,52.2267592717226,-3.));
#13232=CARTESIAN_POINT('Origin',(13.2901372798229,57.2267592717231,-3.));
#13233=CARTESIAN_POINT('',(13.2901372798229,57.2267592717231,3.));
#13234=CARTESIAN_POINT('',(13.2901372798229,40.9767592717229,3.));
#13235=CARTESIAN_POINT('',(13.2901372798229,57.2267592717231,-3.));
#13236=CARTESIAN_POINT('',(13.2901372798229,40.9767592717229,-3.));
#13237=CARTESIAN_POINT('',(13.2901372798229,57.2267592717231,-3.));
#13238=CARTESIAN_POINT('Origin',(15.790137279823,57.2267592717231,-3.));
#13239=CARTESIAN_POINT('Origin',(15.790137279823,57.2267592717231,3.));
#13240=CARTESIAN_POINT('Origin',(15.790137279823,57.2267592717231,-3.));
#13241=CARTESIAN_POINT('Origin',(-1.70986272017766,47.2267592717232,-3.));
#13242=CARTESIAN_POINT('',(-6.709862720177,47.2267592717232,3.));
#13243=CARTESIAN_POINT('',(-1.70986272017766,47.2267592717232,3.));
#13244=CARTESIAN_POINT('',(-0.959862720177389,47.2267592717232,3.));
#13245=CARTESIAN_POINT('',(-6.709862720177,47.2267592717232,-3.));
#13246=CARTESIAN_POINT('',(-6.709862720177,47.2267592717232,-3.));
#13247=CARTESIAN_POINT('',(-1.70986272017766,47.2267592717232,-3.));
#13248=CARTESIAN_POINT('',(-0.959862720177389,47.2267592717232,-3.));
#13249=CARTESIAN_POINT('',(-1.70986272017766,47.2267592717232,-3.));
#13250=CARTESIAN_POINT('Origin',(-1.70986272017765,44.7267592717232,-3.));
#13251=CARTESIAN_POINT('',(0.790137279822352,44.7267592717233,3.));
#13252=CARTESIAN_POINT('Origin',(-1.70986272017765,44.7267592717232,3.));
#13253=CARTESIAN_POINT('',(0.790137279822352,44.7267592717233,-3.));
#13254=CARTESIAN_POINT('Origin',(-1.70986272017765,44.7267592717232,-3.));
#13255=CARTESIAN_POINT('',(0.790137279822352,44.7267592717233,-3.));
#13256=CARTESIAN_POINT('Origin',(0.790137279822352,39.7267592717226,-3.));
#13257=CARTESIAN_POINT('',(0.790137279822352,39.7267592717226,3.));
#13258=CARTESIAN_POINT('',(0.790137279822325,32.2267592717226,3.));
#13259=CARTESIAN_POINT('',(0.790137279822352,39.7267592717226,-3.));
#13260=CARTESIAN_POINT('',(0.790137279822325,32.2267592717226,-3.));
#13261=CARTESIAN_POINT('',(0.790137279822352,39.7267592717226,-3.));
#13262=CARTESIAN_POINT('Origin',(-1.70986272017767,39.7267592717226,-3.));
#13263=CARTESIAN_POINT('',(-1.70986272017767,37.2267592717226,3.));
#13264=CARTESIAN_POINT('Origin',(-1.70986272017767,39.7267592717226,3.));
#13265=CARTESIAN_POINT('',(-1.70986272017767,37.2267592717226,-3.));
#13266=CARTESIAN_POINT('Origin',(-1.70986272017767,39.7267592717226,-3.));
#13267=CARTESIAN_POINT('',(-1.70986272017767,37.2267592717226,-3.));
#13268=CARTESIAN_POINT('Origin',(-6.70986272017705,37.2267592717225,-3.));
#13269=CARTESIAN_POINT('',(-6.70986272017705,37.2267592717225,3.));
#13270=CARTESIAN_POINT('',(-3.45986272017711,37.2267592717226,3.));
#13271=CARTESIAN_POINT('',(-6.70986272017705,37.2267592717225,-3.));
#13272=CARTESIAN_POINT('',(-3.45986272017711,37.2267592717226,-3.));
#13273=CARTESIAN_POINT('',(-6.70986272017705,37.2267592717225,-3.));
#13274=CARTESIAN_POINT('Origin',(-6.70986272017705,39.7267592717226,-3.));
#13275=CARTESIAN_POINT('',(-9.20986272017708,39.7267592717226,3.));
#13276=CARTESIAN_POINT('Origin',(-6.70986272017705,39.7267592717226,3.));
#13277=CARTESIAN_POINT('',(-9.20986272017708,39.7267592717226,-3.));
#13278=CARTESIAN_POINT('Origin',(-6.70986272017705,39.7267592717226,-3.));
#13279=CARTESIAN_POINT('',(-9.20986272017708,39.7267592717226,-3.));
#13280=CARTESIAN_POINT('Origin',(-9.20986272017706,44.7267592717231,-3.));
#13281=CARTESIAN_POINT('',(-9.20986272017706,44.7267592717231,3.));
#13282=CARTESIAN_POINT('',(-9.20986272017707,34.7267592717229,3.));
#13283=CARTESIAN_POINT('',(-9.20986272017706,44.7267592717231,-3.));
#13284=CARTESIAN_POINT('',(-9.20986272017707,34.7267592717229,-3.));
#13285=CARTESIAN_POINT('',(-9.20986272017706,44.7267592717231,-3.));
#13286=CARTESIAN_POINT('Origin',(-6.70986272017699,44.7267592717231,-3.));
#13287=CARTESIAN_POINT('Origin',(-6.70986272017699,44.7267592717231,3.));
#13288=CARTESIAN_POINT('Origin',(-6.70986272017699,44.7267592717231,-3.));
#13289=CARTESIAN_POINT('Origin',(-24.2098627201777,34.7267592717232,-3.));
#13290=CARTESIAN_POINT('',(-29.209862720177,34.7267592717232,3.));
#13291=CARTESIAN_POINT('',(-24.2098627201777,34.7267592717232,3.));
#13292=CARTESIAN_POINT('',(-12.2098627201774,34.7267592717232,3.));
#13293=CARTESIAN_POINT('',(-29.209862720177,34.7267592717232,-3.));
#13294=CARTESIAN_POINT('',(-29.209862720177,34.7267592717232,-3.));
#13295=CARTESIAN_POINT('',(-24.2098627201777,34.7267592717232,-3.));
#13296=CARTESIAN_POINT('',(-12.2098627201774,34.7267592717232,-3.));
#13297=CARTESIAN_POINT('',(-24.2098627201777,34.7267592717232,-3.));
#13298=CARTESIAN_POINT('Origin',(-24.2098627201776,32.2267592717232,-3.));
#13299=CARTESIAN_POINT('',(-21.7098627201776,32.2267592717233,3.));
#13300=CARTESIAN_POINT('Origin',(-24.2098627201776,32.2267592717232,3.));
#13301=CARTESIAN_POINT('',(-21.7098627201776,32.2267592717233,-3.));
#13302=CARTESIAN_POINT('Origin',(-24.2098627201776,32.2267592717232,-3.));
#13303=CARTESIAN_POINT('',(-21.7098627201776,32.2267592717233,-3.));
#13304=CARTESIAN_POINT('Origin',(-21.7098627201776,27.2267592717226,-3.));
#13305=CARTESIAN_POINT('',(-21.7098627201776,27.2267592717226,3.));
#13306=CARTESIAN_POINT('',(-21.7098627201777,25.9767592717226,3.));
#13307=CARTESIAN_POINT('',(-21.7098627201776,27.2267592717226,-3.));
#13308=CARTESIAN_POINT('',(-21.7098627201777,25.9767592717226,-3.));
#13309=CARTESIAN_POINT('',(-21.7098627201776,27.2267592717226,-3.));
#13310=CARTESIAN_POINT('Origin',(-24.2098627201777,27.2267592717226,-3.));
#13311=CARTESIAN_POINT('',(-24.2098627201777,24.7267592717226,3.));
#13312=CARTESIAN_POINT('Origin',(-24.2098627201777,27.2267592717226,3.));
#13313=CARTESIAN_POINT('',(-24.2098627201777,24.7267592717226,-3.));
#13314=CARTESIAN_POINT('Origin',(-24.2098627201777,27.2267592717226,-3.));
#13315=CARTESIAN_POINT('',(-24.2098627201777,24.7267592717226,-3.));
#13316=CARTESIAN_POINT('Origin',(-29.2098627201771,24.7267592717225,-3.));
#13317=CARTESIAN_POINT('',(-29.2098627201771,24.7267592717225,3.));
#13318=CARTESIAN_POINT('',(-14.7098627201771,24.7267592717226,3.));
#13319=CARTESIAN_POINT('',(-29.2098627201771,24.7267592717225,-3.));
#13320=CARTESIAN_POINT('',(-14.7098627201771,24.7267592717226,-3.));
#13321=CARTESIAN_POINT('',(-29.2098627201771,24.7267592717225,-3.));
#13322=CARTESIAN_POINT('Origin',(-29.2098627201771,27.2267592717226,-3.));
#13323=CARTESIAN_POINT('',(-31.7098627201771,27.2267592717226,3.));
#13324=CARTESIAN_POINT('Origin',(-29.2098627201771,27.2267592717226,3.));
#13325=CARTESIAN_POINT('',(-31.7098627201771,27.2267592717226,-3.));
#13326=CARTESIAN_POINT('Origin',(-29.2098627201771,27.2267592717226,-3.));
#13327=CARTESIAN_POINT('',(-31.7098627201771,27.2267592717226,-3.));
#13328=CARTESIAN_POINT('Origin',(-31.7098627201771,32.2267592717231,-3.));
#13329=CARTESIAN_POINT('',(-31.7098627201771,32.2267592717231,3.));
#13330=CARTESIAN_POINT('',(-31.7098627201771,28.4767592717229,3.));
#13331=CARTESIAN_POINT('',(-31.7098627201771,32.2267592717231,-3.));
#13332=CARTESIAN_POINT('',(-31.7098627201771,28.4767592717229,-3.));
#13333=CARTESIAN_POINT('',(-31.7098627201771,32.2267592717231,-3.));
#13334=CARTESIAN_POINT('Origin',(-29.209862720177,32.2267592717231,-3.));
#13335=CARTESIAN_POINT('Origin',(-29.209862720177,32.2267592717231,3.));
#13336=CARTESIAN_POINT('Origin',(-29.209862720177,32.2267592717231,-3.));
#13337=CARTESIAN_POINT('Origin',(43.2901372798223,22.2267592717232,-3.));
#13338=CARTESIAN_POINT('',(38.290137279823,22.2267592717232,3.));
#13339=CARTESIAN_POINT('',(43.2901372798223,22.2267592717232,3.));
#13340=CARTESIAN_POINT('',(21.5401372798226,22.2267592717232,3.));
#13341=CARTESIAN_POINT('',(38.290137279823,22.2267592717232,-3.));
#13342=CARTESIAN_POINT('',(38.290137279823,22.2267592717232,-3.));
#13343=CARTESIAN_POINT('',(43.2901372798223,22.2267592717232,-3.));
#13344=CARTESIAN_POINT('',(21.5401372798226,22.2267592717232,-3.));
#13345=CARTESIAN_POINT('',(43.2901372798223,22.2267592717232,-3.));
#13346=CARTESIAN_POINT('Origin',(43.2901372798224,19.7267592717232,-3.));
#13347=CARTESIAN_POINT('',(45.7901372798224,19.7267592717233,3.));
#13348=CARTESIAN_POINT('Origin',(43.2901372798224,19.7267592717232,3.));
#13349=CARTESIAN_POINT('',(45.7901372798224,19.7267592717233,-3.));
#13350=CARTESIAN_POINT('Origin',(43.2901372798224,19.7267592717232,-3.));
#13351=CARTESIAN_POINT('',(45.7901372798224,19.7267592717233,-3.));
#13352=CARTESIAN_POINT('Origin',(45.7901372798224,14.7267592717226,-3.));
#13353=CARTESIAN_POINT('',(45.7901372798224,14.7267592717226,3.));
#13354=CARTESIAN_POINT('',(45.7901372798224,19.7267592717225,3.));
#13355=CARTESIAN_POINT('',(45.7901372798224,14.7267592717226,-3.));
#13356=CARTESIAN_POINT('',(45.7901372798224,19.7267592717225,-3.));
#13357=CARTESIAN_POINT('',(45.7901372798224,14.7267592717226,-3.));
#13358=CARTESIAN_POINT('Origin',(43.2901372798223,14.7267592717226,-3.));
#13359=CARTESIAN_POINT('',(43.2901372798223,12.2267592717226,3.));
#13360=CARTESIAN_POINT('Origin',(43.2901372798223,14.7267592717226,3.));
#13361=CARTESIAN_POINT('',(43.2901372798223,12.2267592717226,-3.));
#13362=CARTESIAN_POINT('Origin',(43.2901372798223,14.7267592717226,-3.));
#13363=CARTESIAN_POINT('',(43.2901372798223,12.2267592717226,-3.));
#13364=CARTESIAN_POINT('Origin',(38.2901372798229,12.2267592717226,-3.));
#13365=CARTESIAN_POINT('',(38.2901372798229,12.2267592717226,3.));
#13366=CARTESIAN_POINT('',(19.0401372798229,12.2267592717225,3.));
#13367=CARTESIAN_POINT('',(38.2901372798229,12.2267592717226,-3.));
#13368=CARTESIAN_POINT('',(19.0401372798229,12.2267592717225,-3.));
#13369=CARTESIAN_POINT('',(38.2901372798229,12.2267592717226,-3.));
#13370=CARTESIAN_POINT('Origin',(38.2901372798229,14.7267592717226,-3.));
#13371=CARTESIAN_POINT('',(35.7901372798229,14.7267592717226,3.));
#13372=CARTESIAN_POINT('Origin',(38.2901372798229,14.7267592717226,3.));
#13373=CARTESIAN_POINT('',(35.7901372798229,14.7267592717226,-3.));
#13374=CARTESIAN_POINT('Origin',(38.2901372798229,14.7267592717226,-3.));
#13375=CARTESIAN_POINT('',(35.7901372798229,14.7267592717226,-3.));
#13376=CARTESIAN_POINT('Origin',(35.7901372798229,19.7267592717231,-3.));
#13377=CARTESIAN_POINT('',(35.7901372798229,19.7267592717231,3.));
#13378=CARTESIAN_POINT('',(35.7901372798229,22.2267592717228,3.));
#13379=CARTESIAN_POINT('',(35.7901372798229,19.7267592717231,-3.));
#13380=CARTESIAN_POINT('',(35.7901372798229,22.2267592717228,-3.));
#13381=CARTESIAN_POINT('',(35.7901372798229,19.7267592717231,-3.));
#13382=CARTESIAN_POINT('Origin',(38.290137279823,19.7267592717231,-3.));
#13383=CARTESIAN_POINT('Origin',(38.290137279823,19.7267592717231,3.));
#13384=CARTESIAN_POINT('Origin',(38.290137279823,19.7267592717231,-3.));
#13385=CARTESIAN_POINT('Origin',(-46.7098627201777,22.2267592717232,-3.));
#13386=CARTESIAN_POINT('',(-51.709862720177,22.2267592717232,3.));
#13387=CARTESIAN_POINT('',(-46.7098627201777,22.2267592717232,3.));
#13388=CARTESIAN_POINT('',(-23.4598627201774,22.2267592717232,3.));
#13389=CARTESIAN_POINT('',(-51.709862720177,22.2267592717232,-3.));
#13390=CARTESIAN_POINT('',(-51.709862720177,22.2267592717232,-3.));
#13391=CARTESIAN_POINT('',(-46.7098627201777,22.2267592717232,-3.));
#13392=CARTESIAN_POINT('',(-23.4598627201774,22.2267592717232,-3.));
#13393=CARTESIAN_POINT('',(-46.7098627201777,22.2267592717232,-3.));
#13394=CARTESIAN_POINT('Origin',(-46.7098627201776,19.7267592717232,-3.));
#13395=CARTESIAN_POINT('',(-44.2098627201776,19.7267592717233,3.));
#13396=CARTESIAN_POINT('Origin',(-46.7098627201776,19.7267592717232,3.));
#13397=CARTESIAN_POINT('',(-44.2098627201776,19.7267592717233,-3.));
#13398=CARTESIAN_POINT('Origin',(-46.7098627201776,19.7267592717232,-3.));
#13399=CARTESIAN_POINT('',(-44.2098627201776,19.7267592717233,-3.));
#13400=CARTESIAN_POINT('Origin',(-44.2098627201776,14.7267592717226,-3.));
#13401=CARTESIAN_POINT('',(-44.2098627201776,14.7267592717226,3.));
#13402=CARTESIAN_POINT('',(-44.2098627201776,19.7267592717227,3.));
#13403=CARTESIAN_POINT('',(-44.2098627201776,14.7267592717226,-3.));
#13404=CARTESIAN_POINT('',(-44.2098627201776,19.7267592717227,-3.));
#13405=CARTESIAN_POINT('',(-44.2098627201776,14.7267592717226,-3.));
#13406=CARTESIAN_POINT('Origin',(-46.7098627201777,14.7267592717226,-3.));
#13407=CARTESIAN_POINT('',(-46.7098627201777,12.2267592717226,3.));
#13408=CARTESIAN_POINT('Origin',(-46.7098627201777,14.7267592717226,3.));
#13409=CARTESIAN_POINT('',(-46.7098627201777,12.2267592717226,-3.));
#13410=CARTESIAN_POINT('Origin',(-46.7098627201777,14.7267592717226,-3.));
#13411=CARTESIAN_POINT('',(-46.7098627201777,12.2267592717226,-3.));
#13412=CARTESIAN_POINT('Origin',(-51.7098627201771,12.2267592717226,-3.));
#13413=CARTESIAN_POINT('',(-51.7098627201771,12.2267592717226,3.));
#13414=CARTESIAN_POINT('',(-25.9598627201771,12.2267592717226,3.));
#13415=CARTESIAN_POINT('',(-51.7098627201771,12.2267592717226,-3.));
#13416=CARTESIAN_POINT('',(-25.9598627201771,12.2267592717226,-3.));
#13417=CARTESIAN_POINT('',(-51.7098627201771,12.2267592717226,-3.));
#13418=CARTESIAN_POINT('Origin',(-51.7098627201771,14.7267592717226,-3.));
#13419=CARTESIAN_POINT('',(-54.2098627201771,14.7267592717226,3.));
#13420=CARTESIAN_POINT('Origin',(-51.7098627201771,14.7267592717226,3.));
#13421=CARTESIAN_POINT('',(-54.2098627201771,14.7267592717226,-3.));
#13422=CARTESIAN_POINT('Origin',(-51.7098627201771,14.7267592717226,-3.));
#13423=CARTESIAN_POINT('',(-54.2098627201771,14.7267592717226,-3.));
#13424=CARTESIAN_POINT('Origin',(-54.2098627201771,19.7267592717231,-3.));
#13425=CARTESIAN_POINT('',(-54.2098627201771,19.7267592717231,3.));
#13426=CARTESIAN_POINT('',(-54.2098627201771,22.2267592717229,3.));
#13427=CARTESIAN_POINT('',(-54.2098627201771,19.7267592717231,-3.));
#13428=CARTESIAN_POINT('',(-54.2098627201771,22.2267592717229,-3.));
#13429=CARTESIAN_POINT('',(-54.2098627201771,19.7267592717231,-3.));
#13430=CARTESIAN_POINT('Origin',(-51.709862720177,19.7267592717231,-3.));
#13431=CARTESIAN_POINT('Origin',(-51.709862720177,19.7267592717231,3.));
#13432=CARTESIAN_POINT('Origin',(-51.709862720177,19.7267592717231,-3.));
#13433=CARTESIAN_POINT('Origin',(20.7901372798223,9.72675927172318,-3.));
#13434=CARTESIAN_POINT('',(15.790137279823,9.72675927172318,3.));
#13435=CARTESIAN_POINT('',(20.7901372798223,9.72675927172318,3.));
#13436=CARTESIAN_POINT('',(10.2901372798226,9.72675927172318,3.));
#13437=CARTESIAN_POINT('',(15.790137279823,9.72675927172318,-3.));
#13438=CARTESIAN_POINT('',(15.790137279823,9.72675927172318,-3.));
#13439=CARTESIAN_POINT('',(20.7901372798223,9.72675927172318,-3.));
#13440=CARTESIAN_POINT('',(10.2901372798226,9.72675927172318,-3.));
#13441=CARTESIAN_POINT('',(20.7901372798223,9.72675927172318,-3.));
#13442=CARTESIAN_POINT('Origin',(20.7901372798224,7.22675927172318,-3.));
#13443=CARTESIAN_POINT('',(23.2901372798224,7.22675927172325,3.));
#13444=CARTESIAN_POINT('Origin',(20.7901372798224,7.22675927172318,3.));
#13445=CARTESIAN_POINT('',(23.2901372798224,7.22675927172325,-3.));
#13446=CARTESIAN_POINT('Origin',(20.7901372798224,7.22675927172318,-3.));
#13447=CARTESIAN_POINT('',(23.2901372798224,7.22675927172325,-3.));
#13448=CARTESIAN_POINT('Origin',(23.2901372798224,2.22675927172258,-3.));
#13449=CARTESIAN_POINT('',(23.2901372798224,2.22675927172258,3.));
#13450=CARTESIAN_POINT('',(23.2901372798224,13.4767592717225,3.));
#13451=CARTESIAN_POINT('',(23.2901372798224,2.22675927172258,-3.));
#13452=CARTESIAN_POINT('',(23.2901372798224,13.4767592717225,-3.));
#13453=CARTESIAN_POINT('',(23.2901372798224,2.22675927172258,-3.));
#13454=CARTESIAN_POINT('Origin',(20.7901372798223,2.22675927172258,-3.));
#13455=CARTESIAN_POINT('',(20.7901372798223,-0.27324072827744,3.));
#13456=CARTESIAN_POINT('Origin',(20.7901372798223,2.22675927172258,3.));
#13457=CARTESIAN_POINT('',(20.7901372798223,-0.27324072827744,-3.));
#13458=CARTESIAN_POINT('Origin',(20.7901372798223,2.22675927172258,-3.));
#13459=CARTESIAN_POINT('',(20.7901372798223,-0.27324072827744,-3.));
#13460=CARTESIAN_POINT('Origin',(15.7901372798229,-0.273240728277448,-3.));
#13461=CARTESIAN_POINT('',(15.7901372798229,-0.273240728277448,3.));
#13462=CARTESIAN_POINT('',(7.79013727982296,-0.273240728277477,3.));
#13463=CARTESIAN_POINT('',(15.7901372798229,-0.273240728277448,-3.));
#13464=CARTESIAN_POINT('',(7.79013727982296,-0.273240728277477,-3.));
#13465=CARTESIAN_POINT('',(15.7901372798229,-0.273240728277448,-3.));
#13466=CARTESIAN_POINT('Origin',(15.7901372798229,2.22675927172258,-3.));
#13467=CARTESIAN_POINT('',(13.2901372798229,2.2267592717226,3.));
#13468=CARTESIAN_POINT('Origin',(15.7901372798229,2.22675927172258,3.));
#13469=CARTESIAN_POINT('',(13.2901372798229,2.2267592717226,-3.));
#13470=CARTESIAN_POINT('Origin',(15.7901372798229,2.22675927172258,-3.));
#13471=CARTESIAN_POINT('',(13.2901372798229,2.2267592717226,-3.));
#13472=CARTESIAN_POINT('Origin',(13.2901372798229,7.22675927172315,-3.));
#13473=CARTESIAN_POINT('',(13.2901372798229,7.22675927172315,3.));
#13474=CARTESIAN_POINT('',(13.290137279823,15.9767592717229,3.));
#13475=CARTESIAN_POINT('',(13.2901372798229,7.22675927172315,-3.));
#13476=CARTESIAN_POINT('',(13.290137279823,15.9767592717229,-3.));
#13477=CARTESIAN_POINT('',(13.2901372798229,7.22675927172315,-3.));
#13478=CARTESIAN_POINT('Origin',(15.790137279823,7.22675927172315,-3.));
#13479=CARTESIAN_POINT('Origin',(15.790137279823,7.22675927172315,3.));
#13480=CARTESIAN_POINT('Origin',(15.790137279823,7.22675927172315,-3.));
#13481=CARTESIAN_POINT('Origin',(-6.70986272017699,-5.27324072827685,-3.));
#13482=CARTESIAN_POINT('',(-9.20986272017706,-5.27324072827685,3.));
#13483=CARTESIAN_POINT('',(-6.709862720177,-2.77324072827682,3.));
#13484=CARTESIAN_POINT('Origin',(-6.70986272017699,-5.27324072827685,3.));
#13485=CARTESIAN_POINT('',(-9.20986272017706,-5.27324072827685,-3.));
#13486=CARTESIAN_POINT('',(-9.20986272017706,-5.27324072827685,-3.));
#13487=CARTESIAN_POINT('',(-6.709862720177,-2.77324072827682,-3.));
#13488=CARTESIAN_POINT('Origin',(-6.70986272017699,-5.27324072827685,-3.));
#13489=CARTESIAN_POINT('',(-6.709862720177,-2.77324072827682,-3.));
#13490=CARTESIAN_POINT('Origin',(-1.70986272017766,-2.77324072827682,-3.));
#13491=CARTESIAN_POINT('',(-1.70986272017766,-2.77324072827682,3.));
#13492=CARTESIAN_POINT('',(-0.959862720177389,-2.77324072827682,3.));
#13493=CARTESIAN_POINT('',(-1.70986272017766,-2.77324072827682,-3.));
#13494=CARTESIAN_POINT('',(-0.959862720177389,-2.77324072827682,-3.));
#13495=CARTESIAN_POINT('',(-1.70986272017766,-2.77324072827682,-3.));
#13496=CARTESIAN_POINT('Origin',(-1.70986272017765,-5.27324072827682,-3.));
#13497=CARTESIAN_POINT('',(0.790137279822352,-5.27324072827675,3.));
#13498=CARTESIAN_POINT('Origin',(-1.70986272017765,-5.27324072827682,3.));
#13499=CARTESIAN_POINT('',(0.790137279822352,-5.27324072827675,-3.));
#13500=CARTESIAN_POINT('Origin',(-1.70986272017765,-5.27324072827682,-3.));
#13501=CARTESIAN_POINT('',(0.790137279822352,-5.27324072827675,-3.));
#13502=CARTESIAN_POINT('Origin',(0.790137279822352,-10.2732407282774,-3.));
#13503=CARTESIAN_POINT('',(0.790137279822355,-9.42640687119289,3.));
#13504=CARTESIAN_POINT('',(0.790137279822414,7.22675927172258,3.));
#13505=CARTESIAN_POINT('',(0.790137279822352,-10.2732407282774,-3.));
#13506=CARTESIAN_POINT('',(0.790137279822414,7.22675927172258,-3.));
#13507=CARTESIAN_POINT('',(0.790137279822352,-10.2732407282774,5.0444377828502));
#13508=CARTESIAN_POINT('',(0.790137279822352,-10.2732407282774,-3.));
#13509=CARTESIAN_POINT('',(0.79013727982235,-10.6244538140644,5.89234117783999));
#13510=CARTESIAN_POINT('Origin',(-6.70986272017705,-12.7732407282774,-3.));
#13511=CARTESIAN_POINT('',(-6.70986272017705,-12.7732407282774,-3.));
#13512=CARTESIAN_POINT('',(-1.70986272017767,-12.7732407282774,-3.));
#13513=CARTESIAN_POINT('',(-3.45986272017702,-12.7732407282774,-3.));
#13514=CARTESIAN_POINT('',(-6.70986272017705,-12.7732407282774,7.));
#13515=CARTESIAN_POINT('',(-6.70986272017705,-12.7732407282774,-3.));
#13516=CARTESIAN_POINT('',(-1.70986272017767,-12.7732407282774,7.));
#13517=CARTESIAN_POINT('',(-6.70986272017705,-12.7732407282774,7.));
#13518=CARTESIAN_POINT('',(-1.70986272017767,-12.7732407282774,-3.));
#13519=CARTESIAN_POINT('Origin',(-6.70986272017705,-10.2732407282774,-3.));
#13520=CARTESIAN_POINT('',(-9.07499843803419,-11.0832611206853,7.));
#13521=CARTESIAN_POINT('',(-9.20986272017708,-10.2732407282774,5.04443778285013));
#13522=CARTESIAN_POINT('Origin',(-6.70986272017705,-10.2732407282774,5.0444377828502));
#13523=CARTESIAN_POINT('Origin',(-6.70986272017705,-10.2732407282774,7.));
#13524=CARTESIAN_POINT('',(-9.20986272017708,-10.2732407282774,-3.));
#13525=CARTESIAN_POINT('Origin',(-6.70986272017705,-10.2732407282774,-3.));
#13526=CARTESIAN_POINT('',(-9.20986272017708,-10.2732407282774,-3.));
#13527=CARTESIAN_POINT('Origin',(-9.20986272017706,-5.27324072827685,-3.));
#13528=CARTESIAN_POINT('',(-9.20986272017706,-9.42640687119289,3.));
#13529=CARTESIAN_POINT('',(-9.20986272017704,9.72675927172287,3.));
#13530=CARTESIAN_POINT('',(-9.20986272017706,-10.2583372905475,5.0084577013567));
#13531=CARTESIAN_POINT('',(-9.20986272017704,9.72675927172287,-3.));
#13532=CARTESIAN_POINT('Origin',(-1.70986272017767,-10.2732407282774,-3.));
#13533=CARTESIAN_POINT('',(0.655272997679456,-11.0832611206853,7.));
#13534=CARTESIAN_POINT('Origin',(-1.70986272017767,-10.2732407282774,5.0444377828502));
#13535=CARTESIAN_POINT('Origin',(-1.70986272017767,-10.2732407282774,-3.));
#13536=CARTESIAN_POINT('Origin',(-1.70986272017767,-10.2732407282774,7.));
#13537=CARTESIAN_POINT('Origin',(-4.20986272017736,-7.77324072827712,7.));
#13538=CARTESIAN_POINT('',(-2.19618770652315,-11.0832611206853,7.));
#13539=CARTESIAN_POINT('Origin',(-29.2098627201771,-25.2732407282775,-3.));
#13540=CARTESIAN_POINT('',(-29.2098627201771,-25.2732407282775,-3.));
#13541=CARTESIAN_POINT('',(-24.2098627201777,-25.2732407282774,-3.));
#13542=CARTESIAN_POINT('',(-14.709862720177,-25.2732407282774,-3.));
#13543=CARTESIAN_POINT('',(-29.2098627201771,-25.2732407282775,7.));
#13544=CARTESIAN_POINT('',(-29.2098627201771,-25.2732407282775,-3.));
#13545=CARTESIAN_POINT('',(-24.2098627201777,-25.2732407282774,7.));
#13546=CARTESIAN_POINT('',(-29.2098627201771,-25.2732407282775,7.));
#13547=CARTESIAN_POINT('',(-24.2098627201777,-25.2732407282774,-3.));
#13548=CARTESIAN_POINT('Origin',(-29.2098627201771,-22.7732407282774,-3.));
#13549=CARTESIAN_POINT('',(-31.7098627201771,-22.7732407282774,-3.));
#13550=CARTESIAN_POINT('Origin',(-29.2098627201771,-22.7732407282774,-3.));
#13551=CARTESIAN_POINT('',(-31.7098627201771,-22.7732407282774,7.));
#13552=CARTESIAN_POINT('',(-31.7098627201771,-22.7732407282774,-3.));
#13553=CARTESIAN_POINT('Origin',(-29.2098627201771,-22.7732407282774,7.));
#13554=CARTESIAN_POINT('Origin',(-31.7098627201771,-17.7732407282769,-3.));
#13555=CARTESIAN_POINT('',(-31.7098627201771,-17.7732407282769,-3.));
#13556=CARTESIAN_POINT('',(-31.709862720177,3.47675927172288,-3.));
#13557=CARTESIAN_POINT('',(-31.7098627201771,-17.7732407282769,7.));
#13558=CARTESIAN_POINT('',(-31.7098627201771,-17.7732407282769,-3.));
#13559=CARTESIAN_POINT('',(-31.7098627201771,-17.7732407282769,7.));
#13560=CARTESIAN_POINT('Origin',(-29.209862720177,-17.7732407282769,-3.));
#13561=CARTESIAN_POINT('',(-29.209862720177,-15.2732407282768,-3.));
#13562=CARTESIAN_POINT('Origin',(-29.209862720177,-17.7732407282769,-3.));
#13563=CARTESIAN_POINT('',(-29.209862720177,-15.2732407282768,7.));
#13564=CARTESIAN_POINT('',(-29.209862720177,-15.2732407282768,-3.));
#13565=CARTESIAN_POINT('Origin',(-29.209862720177,-17.7732407282769,7.));
#13566=CARTESIAN_POINT('Origin',(-24.2098627201777,-15.2732407282768,-3.));
#13567=CARTESIAN_POINT('',(-24.2098627201777,-15.2732407282768,-3.));
#13568=CARTESIAN_POINT('',(-12.2098627201774,-15.2732407282768,-3.));
#13569=CARTESIAN_POINT('',(-24.2098627201777,-15.2732407282768,7.));
#13570=CARTESIAN_POINT('',(-24.2098627201777,-15.2732407282768,-3.));
#13571=CARTESIAN_POINT('',(-24.2098627201777,-15.2732407282768,7.));
#13572=CARTESIAN_POINT('Origin',(-24.2098627201776,-17.7732407282768,-3.));
#13573=CARTESIAN_POINT('',(-21.7098627201776,-17.7732407282767,-3.));
#13574=CARTESIAN_POINT('Origin',(-24.2098627201776,-17.7732407282768,-3.));
#13575=CARTESIAN_POINT('',(-21.7098627201776,-17.7732407282767,7.));
#13576=CARTESIAN_POINT('',(-21.7098627201776,-17.7732407282767,-3.));
#13577=CARTESIAN_POINT('Origin',(-24.2098627201776,-17.7732407282768,7.));
#13578=CARTESIAN_POINT('Origin',(-21.7098627201776,-22.7732407282774,-3.));
#13579=CARTESIAN_POINT('',(-21.7098627201776,-22.7732407282774,-3.));
#13580=CARTESIAN_POINT('',(-21.7098627201776,0.976759271722619,-3.));
#13581=CARTESIAN_POINT('',(-21.7098627201776,-22.7732407282774,7.));
#13582=CARTESIAN_POINT('',(-21.7098627201776,-22.7732407282774,-3.));
#13583=CARTESIAN_POINT('',(-21.7098627201776,-22.7732407282774,7.));
#13584=CARTESIAN_POINT('Origin',(-24.2098627201777,-22.7732407282774,-3.));
#13585=CARTESIAN_POINT('Origin',(-24.2098627201777,-22.7732407282774,-3.));
#13586=CARTESIAN_POINT('Origin',(-24.2098627201777,-22.7732407282774,7.));
#13587=CARTESIAN_POINT('Origin',(-26.7098627201774,-20.2732407282771,7.));
#13588=CARTESIAN_POINT('Origin',(15.7901372798229,-25.2732407282775,-3.));
#13589=CARTESIAN_POINT('',(15.7901372798229,-25.2732407282775,-3.));
#13590=CARTESIAN_POINT('',(20.7901372798223,-25.2732407282774,-3.));
#13591=CARTESIAN_POINT('',(7.790137279823,-25.2732407282775,-3.));
#13592=CARTESIAN_POINT('',(15.7901372798229,-25.2732407282775,7.));
#13593=CARTESIAN_POINT('',(15.7901372798229,-25.2732407282775,-3.));
#13594=CARTESIAN_POINT('',(20.7901372798223,-25.2732407282774,7.));
#13595=CARTESIAN_POINT('',(15.7901372798229,-25.2732407282775,7.));
#13596=CARTESIAN_POINT('',(20.7901372798223,-25.2732407282774,-3.));
#13597=CARTESIAN_POINT('Origin',(15.7901372798229,-22.7732407282774,-3.));
#13598=CARTESIAN_POINT('',(13.2901372798229,-22.7732407282774,-3.));
#13599=CARTESIAN_POINT('Origin',(15.7901372798229,-22.7732407282774,-3.));
#13600=CARTESIAN_POINT('',(13.2901372798229,-22.7732407282774,7.));
#13601=CARTESIAN_POINT('',(13.2901372798229,-22.7732407282774,-3.));
#13602=CARTESIAN_POINT('Origin',(15.7901372798229,-22.7732407282774,7.));
#13603=CARTESIAN_POINT('Origin',(13.2901372798229,-17.7732407282769,-3.));
#13604=CARTESIAN_POINT('',(13.2901372798229,-17.7732407282769,-3.));
#13605=CARTESIAN_POINT('',(13.290137279823,3.47675927172286,-3.));
#13606=CARTESIAN_POINT('',(13.2901372798229,-17.7732407282769,7.));
#13607=CARTESIAN_POINT('',(13.2901372798229,-17.7732407282769,-3.));
#13608=CARTESIAN_POINT('',(13.2901372798229,-17.7732407282769,7.));
#13609=CARTESIAN_POINT('Origin',(15.790137279823,-17.7732407282769,-3.));
#13610=CARTESIAN_POINT('',(15.790137279823,-15.2732407282768,-3.));
#13611=CARTESIAN_POINT('Origin',(15.790137279823,-17.7732407282769,-3.));
#13612=CARTESIAN_POINT('',(15.790137279823,-15.2732407282768,7.));
#13613=CARTESIAN_POINT('',(15.790137279823,-15.2732407282768,-3.));
#13614=CARTESIAN_POINT('Origin',(15.790137279823,-17.7732407282769,7.));
#13615=CARTESIAN_POINT('Origin',(20.7901372798223,-15.2732407282768,-3.));
#13616=CARTESIAN_POINT('',(20.7901372798223,-15.2732407282768,-3.));
#13617=CARTESIAN_POINT('',(10.2901372798226,-15.2732407282768,-3.));
#13618=CARTESIAN_POINT('',(20.7901372798223,-15.2732407282768,7.));
#13619=CARTESIAN_POINT('',(20.7901372798223,-15.2732407282768,-3.));
#13620=CARTESIAN_POINT('',(20.7901372798223,-15.2732407282768,7.));
#13621=CARTESIAN_POINT('Origin',(20.7901372798224,-17.7732407282768,-3.));
#13622=CARTESIAN_POINT('',(23.2901372798224,-17.7732407282767,-3.));
#13623=CARTESIAN_POINT('Origin',(20.7901372798224,-17.7732407282768,-3.));
#13624=CARTESIAN_POINT('',(23.2901372798224,-17.7732407282767,7.));
#13625=CARTESIAN_POINT('',(23.2901372798224,-17.7732407282767,-3.));
#13626=CARTESIAN_POINT('Origin',(20.7901372798224,-17.7732407282768,7.));
#13627=CARTESIAN_POINT('Origin',(23.2901372798224,-22.7732407282774,-3.));
#13628=CARTESIAN_POINT('',(23.2901372798224,-22.7732407282774,-3.));
#13629=CARTESIAN_POINT('',(23.2901372798224,0.976759271722539,-3.));
#13630=CARTESIAN_POINT('',(23.2901372798224,-22.7732407282774,7.));
#13631=CARTESIAN_POINT('',(23.2901372798224,-22.7732407282774,-3.));
#13632=CARTESIAN_POINT('',(23.2901372798224,-22.7732407282774,7.));
#13633=CARTESIAN_POINT('Origin',(20.7901372798223,-22.7732407282774,-3.));
#13634=CARTESIAN_POINT('Origin',(20.7901372798223,-22.7732407282774,-3.));
#13635=CARTESIAN_POINT('Origin',(20.7901372798223,-22.7732407282774,7.));
#13636=CARTESIAN_POINT('Origin',(18.2901372798226,-20.2732407282771,7.));
#13637=CARTESIAN_POINT('Origin',(-51.709862720177,-5.27324072827685,-3.));
#13638=CARTESIAN_POINT('',(-54.2098627201771,-5.27324072827685,3.));
#13639=CARTESIAN_POINT('',(-51.709862720177,-2.77324072827682,3.));
#13640=CARTESIAN_POINT('Origin',(-51.709862720177,-5.27324072827685,3.));
#13641=CARTESIAN_POINT('',(-54.2098627201771,-5.27324072827685,-3.));
#13642=CARTESIAN_POINT('',(-54.2098627201771,-5.27324072827685,-3.));
#13643=CARTESIAN_POINT('',(-51.709862720177,-2.77324072827682,-3.));
#13644=CARTESIAN_POINT('Origin',(-51.709862720177,-5.27324072827685,-3.));
#13645=CARTESIAN_POINT('',(-51.709862720177,-2.77324072827682,-3.));
#13646=CARTESIAN_POINT('Origin',(-46.7098627201777,-2.77324072827682,-3.));
#13647=CARTESIAN_POINT('',(-46.7098627201777,-2.77324072827682,3.));
#13648=CARTESIAN_POINT('',(-23.4598627201774,-2.77324072827682,3.));
#13649=CARTESIAN_POINT('',(-46.7098627201777,-2.77324072827682,-3.));
#13650=CARTESIAN_POINT('',(-23.4598627201774,-2.77324072827682,-3.));
#13651=CARTESIAN_POINT('',(-46.7098627201777,-2.77324072827682,-3.));
#13652=CARTESIAN_POINT('Origin',(-46.7098627201776,-5.27324072827682,-3.));
#13653=CARTESIAN_POINT('',(-44.2098627201776,-5.27324072827675,3.));
#13654=CARTESIAN_POINT('Origin',(-46.7098627201776,-5.27324072827682,3.));
#13655=CARTESIAN_POINT('',(-44.2098627201776,-5.27324072827675,-3.));
#13656=CARTESIAN_POINT('Origin',(-46.7098627201776,-5.27324072827682,-3.));
#13657=CARTESIAN_POINT('',(-44.2098627201776,-5.27324072827675,-3.));
#13658=CARTESIAN_POINT('Origin',(-44.2098627201776,-10.2732407282774,-3.));
#13659=CARTESIAN_POINT('',(-44.2098627201777,-9.42640687119289,3.));
#13660=CARTESIAN_POINT('',(-44.2098627201776,7.22675927172266,3.));
#13661=CARTESIAN_POINT('',(-44.2098627201776,-10.2732407282774,-3.));
#13662=CARTESIAN_POINT('',(-44.2098627201776,7.22675927172266,-3.));
#13663=CARTESIAN_POINT('',(-44.2098627201776,-10.2732407282774,5.0444377828502));
#13664=CARTESIAN_POINT('',(-44.2098627201776,-10.2732407282774,-3.));
#13665=CARTESIAN_POINT('',(-44.2098627201776,-10.6244538140644,5.89234117783996));
#13666=CARTESIAN_POINT('Origin',(-51.7098627201771,-12.7732407282774,-3.));
#13667=CARTESIAN_POINT('',(-51.7098627201771,-12.7732407282774,-3.));
#13668=CARTESIAN_POINT('',(-46.7098627201777,-12.7732407282774,-3.));
#13669=CARTESIAN_POINT('',(-25.959862720177,-12.7732407282774,-3.));
#13670=CARTESIAN_POINT('',(-51.7098627201771,-12.7732407282774,7.));
#13671=CARTESIAN_POINT('',(-51.7098627201771,-12.7732407282774,-3.));
#13672=CARTESIAN_POINT('',(-46.7098627201777,-12.7732407282774,7.));
#13673=CARTESIAN_POINT('',(-51.7098627201771,-12.7732407282774,7.));
#13674=CARTESIAN_POINT('',(-46.7098627201777,-12.7732407282774,-3.));
#13675=CARTESIAN_POINT('Origin',(-51.7098627201771,-10.2732407282774,-3.));
#13676=CARTESIAN_POINT('',(-54.0749984380342,-11.0832611206853,7.));
#13677=CARTESIAN_POINT('',(-54.2098627201771,-10.2732407282774,5.04443778285013));
#13678=CARTESIAN_POINT('Origin',(-51.7098627201771,-10.2732407282774,5.0444377828502));
#13679=CARTESIAN_POINT('Origin',(-51.7098627201771,-10.2732407282774,7.));
#13680=CARTESIAN_POINT('',(-54.2098627201771,-10.2732407282774,-3.));
#13681=CARTESIAN_POINT('Origin',(-51.7098627201771,-10.2732407282774,-3.));
#13682=CARTESIAN_POINT('',(-54.2098627201771,-10.2732407282774,-3.));
#13683=CARTESIAN_POINT('Origin',(-54.2098627201771,-5.27324072827685,-3.));
#13684=CARTESIAN_POINT('',(-54.2098627201771,-9.42640687119289,3.));
#13685=CARTESIAN_POINT('',(-54.209862720177,9.72675927172291,3.));
#13686=CARTESIAN_POINT('',(-54.2098627201771,-10.2583372905475,5.00845770135669));
#13687=CARTESIAN_POINT('',(-54.209862720177,9.72675927172291,-3.));
#13688=CARTESIAN_POINT('Origin',(-46.7098627201777,-10.2732407282774,-3.));
#13689=CARTESIAN_POINT('',(-44.3447270023205,-11.0832611206853,7.));
#13690=CARTESIAN_POINT('Origin',(-46.7098627201777,-10.2732407282774,5.0444377828502));
#13691=CARTESIAN_POINT('Origin',(-46.7098627201777,-10.2732407282774,-3.));
#13692=CARTESIAN_POINT('Origin',(-46.7098627201777,-10.2732407282774,7.));
#13693=CARTESIAN_POINT('Origin',(-49.2098627201774,-7.77324072827712,7.));
#13694=CARTESIAN_POINT('',(-24.6961877065231,-11.0832611206853,7.));
#13695=CARTESIAN_POINT('Origin',(38.290137279823,-5.27324072827685,-3.));
#13696=CARTESIAN_POINT('',(35.7901372798229,-5.27324072827685,3.));
#13697=CARTESIAN_POINT('',(38.290137279823,-2.77324072827682,3.));
#13698=CARTESIAN_POINT('Origin',(38.290137279823,-5.27324072827685,3.));
#13699=CARTESIAN_POINT('',(35.7901372798229,-5.27324072827685,-3.));
#13700=CARTESIAN_POINT('',(35.7901372798229,-5.27324072827685,-3.));
#13701=CARTESIAN_POINT('',(38.290137279823,-2.77324072827682,-3.));
#13702=CARTESIAN_POINT('Origin',(38.290137279823,-5.27324072827685,-3.));
#13703=CARTESIAN_POINT('',(38.290137279823,-2.77324072827682,-3.));
#13704=CARTESIAN_POINT('Origin',(43.2901372798223,-2.77324072827682,-3.));
#13705=CARTESIAN_POINT('',(43.2901372798223,-2.77324072827682,3.));
#13706=CARTESIAN_POINT('',(21.5401372798226,-2.77324072827682,3.));
#13707=CARTESIAN_POINT('',(43.2901372798223,-2.77324072827682,-3.));
#13708=CARTESIAN_POINT('',(21.5401372798226,-2.77324072827682,-3.));
#13709=CARTESIAN_POINT('',(43.2901372798223,-2.77324072827682,-3.));
#13710=CARTESIAN_POINT('Origin',(43.2901372798224,-5.27324072827682,-3.));
#13711=CARTESIAN_POINT('',(45.7901372798224,-5.27324072827675,3.));
#13712=CARTESIAN_POINT('Origin',(43.2901372798224,-5.27324072827682,3.));
#13713=CARTESIAN_POINT('',(45.7901372798224,-5.27324072827675,-3.));
#13714=CARTESIAN_POINT('Origin',(43.2901372798224,-5.27324072827682,-3.));
#13715=CARTESIAN_POINT('',(45.7901372798224,-5.27324072827675,-3.));
#13716=CARTESIAN_POINT('Origin',(45.7901372798224,-10.2732407282774,-3.));
#13717=CARTESIAN_POINT('',(45.7901372798223,-9.42640687119289,3.));
#13718=CARTESIAN_POINT('',(45.7901372798224,7.2267592717225,3.));
#13719=CARTESIAN_POINT('',(45.7901372798224,-10.2732407282774,-3.));
#13720=CARTESIAN_POINT('',(45.7901372798224,7.2267592717225,-3.));
#13721=CARTESIAN_POINT('',(45.7901372798224,-10.2732407282774,5.0444377828502));
#13722=CARTESIAN_POINT('',(45.7901372798224,-10.2732407282774,-3.));
#13723=CARTESIAN_POINT('',(45.7901372798224,-10.6244538140644,5.89234117784002));
#13724=CARTESIAN_POINT('Origin',(38.2901372798229,-12.7732407282774,-3.));
#13725=CARTESIAN_POINT('',(38.2901372798229,-12.7732407282774,-3.));
#13726=CARTESIAN_POINT('',(43.2901372798223,-12.7732407282774,-3.));
#13727=CARTESIAN_POINT('',(19.040137279823,-12.7732407282775,-3.));
#13728=CARTESIAN_POINT('',(38.2901372798229,-12.7732407282774,7.));
#13729=CARTESIAN_POINT('',(38.2901372798229,-12.7732407282774,-3.));
#13730=CARTESIAN_POINT('',(43.2901372798223,-12.7732407282774,7.));
#13731=CARTESIAN_POINT('',(38.2901372798229,-12.7732407282774,7.));
#13732=CARTESIAN_POINT('',(43.2901372798223,-12.7732407282774,-3.));
#13733=CARTESIAN_POINT('Origin',(38.2901372798229,-10.2732407282774,-3.));
#13734=CARTESIAN_POINT('',(35.9250015619658,-11.0832611206853,7.));
#13735=CARTESIAN_POINT('',(35.7901372798229,-10.2732407282774,5.04443778285013));
#13736=CARTESIAN_POINT('Origin',(38.2901372798229,-10.2732407282774,5.0444377828502));
#13737=CARTESIAN_POINT('Origin',(38.2901372798229,-10.2732407282774,7.));
#13738=CARTESIAN_POINT('',(35.7901372798229,-10.2732407282774,-3.));
#13739=CARTESIAN_POINT('Origin',(38.2901372798229,-10.2732407282774,-3.));
#13740=CARTESIAN_POINT('',(35.7901372798229,-10.2732407282774,-3.));
#13741=CARTESIAN_POINT('Origin',(35.7901372798229,-5.27324072827685,-3.));
#13742=CARTESIAN_POINT('',(35.7901372798229,-9.42640687119289,3.));
#13743=CARTESIAN_POINT('',(35.790137279823,9.72675927172285,3.));
#13744=CARTESIAN_POINT('',(35.7901372798229,-10.2583372905475,5.00845770135671));
#13745=CARTESIAN_POINT('',(35.790137279823,9.72675927172285,-3.));
#13746=CARTESIAN_POINT('Origin',(43.2901372798223,-10.2732407282774,-3.));
#13747=CARTESIAN_POINT('',(45.6552729976795,-11.0832611206853,7.));
#13748=CARTESIAN_POINT('Origin',(43.2901372798223,-10.2732407282774,5.0444377828502));
#13749=CARTESIAN_POINT('Origin',(43.2901372798223,-10.2732407282774,-3.));
#13750=CARTESIAN_POINT('Origin',(43.2901372798223,-10.2732407282774,7.));
#13751=CARTESIAN_POINT('Origin',(40.7901372798226,-7.77324072827712,7.));
#13752=CARTESIAN_POINT('',(20.3038122934769,-11.0832611206853,7.));
#13753=CARTESIAN_POINT('Origin',(-24.2098627201777,9.72675927172318,-3.));
#13754=CARTESIAN_POINT('',(-29.209862720177,9.72675927172318,3.));
#13755=CARTESIAN_POINT('',(-24.2098627201777,9.72675927172318,3.));
#13756=CARTESIAN_POINT('',(-12.2098627201774,9.72675927172318,3.));
#13757=CARTESIAN_POINT('',(-29.209862720177,9.72675927172318,-3.));
#13758=CARTESIAN_POINT('',(-29.209862720177,9.72675927172318,-3.));
#13759=CARTESIAN_POINT('',(-24.2098627201777,9.72675927172318,-3.));
#13760=CARTESIAN_POINT('',(-12.2098627201774,9.72675927172318,-3.));
#13761=CARTESIAN_POINT('',(-24.2098627201777,9.72675927172318,-3.));
#13762=CARTESIAN_POINT('Origin',(-24.2098627201776,7.22675927172318,-3.));
#13763=CARTESIAN_POINT('',(-21.7098627201776,7.22675927172325,3.));
#13764=CARTESIAN_POINT('Origin',(-24.2098627201776,7.22675927172318,3.));
#13765=CARTESIAN_POINT('',(-21.7098627201776,7.22675927172325,-3.));
#13766=CARTESIAN_POINT('Origin',(-24.2098627201776,7.22675927172318,-3.));
#13767=CARTESIAN_POINT('',(-21.7098627201776,7.22675927172325,-3.));
#13768=CARTESIAN_POINT('Origin',(-21.7098627201776,2.22675927172258,-3.));
#13769=CARTESIAN_POINT('',(-21.7098627201776,2.22675927172258,3.));
#13770=CARTESIAN_POINT('',(-21.7098627201776,13.4767592717226,3.));
#13771=CARTESIAN_POINT('',(-21.7098627201776,2.22675927172258,-3.));
#13772=CARTESIAN_POINT('',(-21.7098627201776,13.4767592717226,-3.));
#13773=CARTESIAN_POINT('',(-21.7098627201776,2.22675927172258,-3.));
#13774=CARTESIAN_POINT('Origin',(-24.2098627201777,2.22675927172258,-3.));
#13775=CARTESIAN_POINT('',(-24.2098627201777,-0.27324072827744,3.));
#13776=CARTESIAN_POINT('Origin',(-24.2098627201777,2.22675927172258,3.));
#13777=CARTESIAN_POINT('',(-24.2098627201777,-0.27324072827744,-3.));
#13778=CARTESIAN_POINT('Origin',(-24.2098627201777,2.22675927172258,-3.));
#13779=CARTESIAN_POINT('',(-24.2098627201777,-0.27324072827744,-3.));
#13780=CARTESIAN_POINT('Origin',(-29.2098627201771,-0.273240728277448,-3.));
#13781=CARTESIAN_POINT('',(-29.2098627201771,-0.273240728277448,3.));
#13782=CARTESIAN_POINT('',(-14.709862720177,-0.273240728277397,3.));
#13783=CARTESIAN_POINT('',(-29.2098627201771,-0.273240728277448,-3.));
#13784=CARTESIAN_POINT('',(-14.709862720177,-0.273240728277397,-3.));
#13785=CARTESIAN_POINT('',(-29.2098627201771,-0.273240728277448,-3.));
#13786=CARTESIAN_POINT('Origin',(-29.2098627201771,2.22675927172258,-3.));
#13787=CARTESIAN_POINT('',(-31.7098627201771,2.2267592717226,3.));
#13788=CARTESIAN_POINT('Origin',(-29.2098627201771,2.22675927172258,3.));
#13789=CARTESIAN_POINT('',(-31.7098627201771,2.2267592717226,-3.));
#13790=CARTESIAN_POINT('Origin',(-29.2098627201771,2.22675927172258,-3.));
#13791=CARTESIAN_POINT('',(-31.7098627201771,2.2267592717226,-3.));
#13792=CARTESIAN_POINT('Origin',(-31.7098627201771,7.22675927172315,-3.));
#13793=CARTESIAN_POINT('',(-31.7098627201771,7.22675927172315,3.));
#13794=CARTESIAN_POINT('',(-31.7098627201771,15.9767592717229,3.));
#13795=CARTESIAN_POINT('',(-31.7098627201771,7.22675927172315,-3.));
#13796=CARTESIAN_POINT('',(-31.7098627201771,15.9767592717229,-3.));
#13797=CARTESIAN_POINT('',(-31.7098627201771,7.22675927172315,-3.));
#13798=CARTESIAN_POINT('Origin',(-29.209862720177,7.22675927172315,-3.));
#13799=CARTESIAN_POINT('Origin',(-29.209862720177,7.22675927172315,3.));
#13800=CARTESIAN_POINT('Origin',(-29.209862720177,7.22675927172315,-3.));
#13801=CARTESIAN_POINT('Origin',(-1.70986272017766,22.2267592717232,-3.));
#13802=CARTESIAN_POINT('',(-6.709862720177,22.2267592717232,3.));
#13803=CARTESIAN_POINT('',(-1.70986272017766,22.2267592717232,3.));
#13804=CARTESIAN_POINT('',(-0.959862720177389,22.2267592717232,3.));
#13805=CARTESIAN_POINT('',(-6.709862720177,22.2267592717232,-3.));
#13806=CARTESIAN_POINT('',(-6.709862720177,22.2267592717232,-3.));
#13807=CARTESIAN_POINT('',(-1.70986272017766,22.2267592717232,-3.));
#13808=CARTESIAN_POINT('',(-0.959862720177389,22.2267592717232,-3.));
#13809=CARTESIAN_POINT('',(-1.70986272017766,22.2267592717232,-3.));
#13810=CARTESIAN_POINT('Origin',(-1.70986272017765,19.7267592717232,-3.));
#13811=CARTESIAN_POINT('',(0.790137279822352,19.7267592717233,3.));
#13812=CARTESIAN_POINT('Origin',(-1.70986272017765,19.7267592717232,3.));
#13813=CARTESIAN_POINT('',(0.790137279822352,19.7267592717233,-3.));
#13814=CARTESIAN_POINT('Origin',(-1.70986272017765,19.7267592717232,-3.));
#13815=CARTESIAN_POINT('',(0.790137279822352,19.7267592717233,-3.));
#13816=CARTESIAN_POINT('Origin',(0.790137279822352,14.7267592717226,-3.));
#13817=CARTESIAN_POINT('',(0.790137279822352,14.7267592717226,3.));
#13818=CARTESIAN_POINT('',(0.790137279822369,19.7267592717226,3.));
#13819=CARTESIAN_POINT('',(0.790137279822352,14.7267592717226,-3.));
#13820=CARTESIAN_POINT('',(0.790137279822369,19.7267592717226,-3.));
#13821=CARTESIAN_POINT('',(0.790137279822352,14.7267592717226,-3.));
#13822=CARTESIAN_POINT('Origin',(-1.70986272017767,14.7267592717226,-3.));
#13823=CARTESIAN_POINT('',(-1.70986272017767,12.2267592717226,3.));
#13824=CARTESIAN_POINT('Origin',(-1.70986272017767,14.7267592717226,3.));
#13825=CARTESIAN_POINT('',(-1.70986272017767,12.2267592717226,-3.));
#13826=CARTESIAN_POINT('Origin',(-1.70986272017767,14.7267592717226,-3.));
#13827=CARTESIAN_POINT('',(-1.70986272017767,12.2267592717226,-3.));
#13828=CARTESIAN_POINT('Origin',(-6.70986272017705,12.2267592717226,-3.));
#13829=CARTESIAN_POINT('',(-6.70986272017705,12.2267592717226,3.));
#13830=CARTESIAN_POINT('',(-3.45986272017706,12.2267592717226,3.));
#13831=CARTESIAN_POINT('',(-6.70986272017705,12.2267592717226,-3.));
#13832=CARTESIAN_POINT('',(-3.45986272017706,12.2267592717226,-3.));
#13833=CARTESIAN_POINT('',(-6.70986272017705,12.2267592717226,-3.));
#13834=CARTESIAN_POINT('Origin',(-6.70986272017705,14.7267592717226,-3.));
#13835=CARTESIAN_POINT('',(-9.20986272017708,14.7267592717226,3.));
#13836=CARTESIAN_POINT('Origin',(-6.70986272017705,14.7267592717226,3.));
#13837=CARTESIAN_POINT('',(-9.20986272017708,14.7267592717226,-3.));
#13838=CARTESIAN_POINT('Origin',(-6.70986272017705,14.7267592717226,-3.));
#13839=CARTESIAN_POINT('',(-9.20986272017708,14.7267592717226,-3.));
#13840=CARTESIAN_POINT('Origin',(-9.20986272017706,19.7267592717231,-3.));
#13841=CARTESIAN_POINT('',(-9.20986272017706,19.7267592717231,3.));
#13842=CARTESIAN_POINT('',(-9.20986272017706,22.2267592717229,3.));
#13843=CARTESIAN_POINT('',(-9.20986272017706,19.7267592717231,-3.));
#13844=CARTESIAN_POINT('',(-9.20986272017706,22.2267592717229,-3.));
#13845=CARTESIAN_POINT('',(-9.20986272017706,19.7267592717231,-3.));
#13846=CARTESIAN_POINT('Origin',(-6.70986272017699,19.7267592717231,-3.));
#13847=CARTESIAN_POINT('Origin',(-6.70986272017699,19.7267592717231,3.));
#13848=CARTESIAN_POINT('Origin',(-6.70986272017699,19.7267592717231,-3.));
#13849=CARTESIAN_POINT('Origin',(20.7901372798223,34.7267592717232,-3.));
#13850=CARTESIAN_POINT('',(15.790137279823,34.7267592717232,3.));
#13851=CARTESIAN_POINT('',(20.7901372798223,34.7267592717232,3.));
#13852=CARTESIAN_POINT('',(10.2901372798226,34.7267592717232,3.));
#13853=CARTESIAN_POINT('',(15.790137279823,34.7267592717232,-3.));
#13854=CARTESIAN_POINT('',(15.790137279823,34.7267592717232,-3.));
#13855=CARTESIAN_POINT('',(20.7901372798223,34.7267592717232,-3.));
#13856=CARTESIAN_POINT('',(10.2901372798226,34.7267592717232,-3.));
#13857=CARTESIAN_POINT('',(20.7901372798223,34.7267592717232,-3.));
#13858=CARTESIAN_POINT('Origin',(20.7901372798224,32.2267592717232,-3.));
#13859=CARTESIAN_POINT('',(23.2901372798224,32.2267592717233,3.));
#13860=CARTESIAN_POINT('Origin',(20.7901372798224,32.2267592717232,3.));
#13861=CARTESIAN_POINT('',(23.2901372798224,32.2267592717233,-3.));
#13862=CARTESIAN_POINT('Origin',(20.7901372798224,32.2267592717232,-3.));
#13863=CARTESIAN_POINT('',(23.2901372798224,32.2267592717233,-3.));
#13864=CARTESIAN_POINT('Origin',(23.2901372798224,27.2267592717226,-3.));
#13865=CARTESIAN_POINT('',(23.2901372798224,27.2267592717226,3.));
#13866=CARTESIAN_POINT('',(23.2901372798223,25.9767592717225,3.));
#13867=CARTESIAN_POINT('',(23.2901372798224,27.2267592717226,-3.));
#13868=CARTESIAN_POINT('',(23.2901372798223,25.9767592717225,-3.));
#13869=CARTESIAN_POINT('',(23.2901372798224,27.2267592717226,-3.));
#13870=CARTESIAN_POINT('Origin',(20.7901372798223,27.2267592717226,-3.));
#13871=CARTESIAN_POINT('',(20.7901372798223,24.7267592717226,3.));
#13872=CARTESIAN_POINT('Origin',(20.7901372798223,27.2267592717226,3.));
#13873=CARTESIAN_POINT('',(20.7901372798223,24.7267592717226,-3.));
#13874=CARTESIAN_POINT('Origin',(20.7901372798223,27.2267592717226,-3.));
#13875=CARTESIAN_POINT('',(20.7901372798223,24.7267592717226,-3.));
#13876=CARTESIAN_POINT('Origin',(15.7901372798229,24.7267592717225,-3.));
#13877=CARTESIAN_POINT('',(15.7901372798229,24.7267592717225,3.));
#13878=CARTESIAN_POINT('',(7.79013727982291,24.7267592717225,3.));
#13879=CARTESIAN_POINT('',(15.7901372798229,24.7267592717225,-3.));
#13880=CARTESIAN_POINT('',(7.79013727982291,24.7267592717225,-3.));
#13881=CARTESIAN_POINT('',(15.7901372798229,24.7267592717225,-3.));
#13882=CARTESIAN_POINT('Origin',(15.7901372798229,27.2267592717226,-3.));
#13883=CARTESIAN_POINT('',(13.2901372798229,27.2267592717226,3.));
#13884=CARTESIAN_POINT('Origin',(15.7901372798229,27.2267592717226,3.));
#13885=CARTESIAN_POINT('',(13.2901372798229,27.2267592717226,-3.));
#13886=CARTESIAN_POINT('Origin',(15.7901372798229,27.2267592717226,-3.));
#13887=CARTESIAN_POINT('',(13.2901372798229,27.2267592717226,-3.));
#13888=CARTESIAN_POINT('Origin',(13.2901372798229,32.2267592717231,-3.));
#13889=CARTESIAN_POINT('',(13.2901372798229,32.2267592717231,3.));
#13890=CARTESIAN_POINT('',(13.2901372798229,28.4767592717229,3.));
#13891=CARTESIAN_POINT('',(13.2901372798229,32.2267592717231,-3.));
#13892=CARTESIAN_POINT('',(13.2901372798229,28.4767592717229,-3.));
#13893=CARTESIAN_POINT('',(13.2901372798229,32.2267592717231,-3.));
#13894=CARTESIAN_POINT('Origin',(15.790137279823,32.2267592717231,-3.));
#13895=CARTESIAN_POINT('Origin',(15.790137279823,32.2267592717231,3.));
#13896=CARTESIAN_POINT('Origin',(15.790137279823,32.2267592717231,-3.));
#13897=CARTESIAN_POINT('Origin',(-46.7098627201777,47.2267592717232,-3.));
#13898=CARTESIAN_POINT('',(-51.709862720177,47.2267592717232,3.));
#13899=CARTESIAN_POINT('',(-46.7098627201777,47.2267592717232,3.));
#13900=CARTESIAN_POINT('',(-23.4598627201774,47.2267592717232,3.));
#13901=CARTESIAN_POINT('',(-51.709862720177,47.2267592717232,-3.));
#13902=CARTESIAN_POINT('',(-51.709862720177,47.2267592717232,-3.));
#13903=CARTESIAN_POINT('',(-46.7098627201777,47.2267592717232,-3.));
#13904=CARTESIAN_POINT('',(-23.4598627201774,47.2267592717232,-3.));
#13905=CARTESIAN_POINT('',(-46.7098627201777,47.2267592717232,-3.));
#13906=CARTESIAN_POINT('Origin',(-46.7098627201776,44.7267592717232,-3.));
#13907=CARTESIAN_POINT('',(-44.2098627201776,44.7267592717233,3.));
#13908=CARTESIAN_POINT('Origin',(-46.7098627201776,44.7267592717232,3.));
#13909=CARTESIAN_POINT('',(-44.2098627201776,44.7267592717233,-3.));
#13910=CARTESIAN_POINT('Origin',(-46.7098627201776,44.7267592717232,-3.));
#13911=CARTESIAN_POINT('',(-44.2098627201776,44.7267592717233,-3.));
#13912=CARTESIAN_POINT('Origin',(-44.2098627201776,39.7267592717226,-3.));
#13913=CARTESIAN_POINT('',(-44.2098627201776,39.7267592717226,3.));
#13914=CARTESIAN_POINT('',(-44.2098627201777,32.2267592717227,3.));
#13915=CARTESIAN_POINT('',(-44.2098627201776,39.7267592717226,-3.));
#13916=CARTESIAN_POINT('',(-44.2098627201777,32.2267592717227,-3.));
#13917=CARTESIAN_POINT('',(-44.2098627201776,39.7267592717226,-3.));
#13918=CARTESIAN_POINT('Origin',(-46.7098627201777,39.7267592717226,-3.));
#13919=CARTESIAN_POINT('',(-46.7098627201777,37.2267592717226,3.));
#13920=CARTESIAN_POINT('Origin',(-46.7098627201777,39.7267592717226,3.));
#13921=CARTESIAN_POINT('',(-46.7098627201777,37.2267592717226,-3.));
#13922=CARTESIAN_POINT('Origin',(-46.7098627201777,39.7267592717226,-3.));
#13923=CARTESIAN_POINT('',(-46.7098627201777,37.2267592717226,-3.));
#13924=CARTESIAN_POINT('Origin',(-51.7098627201771,37.2267592717225,-3.));
#13925=CARTESIAN_POINT('',(-51.7098627201771,37.2267592717225,3.));
#13926=CARTESIAN_POINT('',(-25.9598627201771,37.2267592717226,3.));
#13927=CARTESIAN_POINT('',(-51.7098627201771,37.2267592717225,-3.));
#13928=CARTESIAN_POINT('',(-25.9598627201771,37.2267592717226,-3.));
#13929=CARTESIAN_POINT('',(-51.7098627201771,37.2267592717225,-3.));
#13930=CARTESIAN_POINT('Origin',(-51.7098627201771,39.7267592717226,-3.));
#13931=CARTESIAN_POINT('',(-54.2098627201771,39.7267592717226,3.));
#13932=CARTESIAN_POINT('Origin',(-51.7098627201771,39.7267592717226,3.));
#13933=CARTESIAN_POINT('',(-54.2098627201771,39.7267592717226,-3.));
#13934=CARTESIAN_POINT('Origin',(-51.7098627201771,39.7267592717226,-3.));
#13935=CARTESIAN_POINT('',(-54.2098627201771,39.7267592717226,-3.));
#13936=CARTESIAN_POINT('Origin',(-54.2098627201771,44.7267592717231,-3.));
#13937=CARTESIAN_POINT('',(-54.2098627201771,44.7267592717231,3.));
#13938=CARTESIAN_POINT('',(-54.2098627201771,34.7267592717229,3.));
#13939=CARTESIAN_POINT('',(-54.2098627201771,44.7267592717231,-3.));
#13940=CARTESIAN_POINT('',(-54.2098627201771,34.7267592717229,-3.));
#13941=CARTESIAN_POINT('',(-54.2098627201771,44.7267592717231,-3.));
#13942=CARTESIAN_POINT('Origin',(-51.709862720177,44.7267592717231,-3.));
#13943=CARTESIAN_POINT('Origin',(-51.709862720177,44.7267592717231,3.));
#13944=CARTESIAN_POINT('Origin',(-51.709862720177,44.7267592717231,-3.));
#13945=CARTESIAN_POINT('Origin',(43.2901372798223,47.2267592717232,-3.));
#13946=CARTESIAN_POINT('',(38.290137279823,47.2267592717232,3.));
#13947=CARTESIAN_POINT('',(43.2901372798223,47.2267592717232,3.));
#13948=CARTESIAN_POINT('',(21.5401372798226,47.2267592717232,3.));
#13949=CARTESIAN_POINT('',(38.290137279823,47.2267592717232,-3.));
#13950=CARTESIAN_POINT('',(38.290137279823,47.2267592717232,-3.));
#13951=CARTESIAN_POINT('',(43.2901372798223,47.2267592717232,-3.));
#13952=CARTESIAN_POINT('',(21.5401372798226,47.2267592717232,-3.));
#13953=CARTESIAN_POINT('',(43.2901372798223,47.2267592717232,-3.));
#13954=CARTESIAN_POINT('Origin',(43.2901372798224,44.7267592717232,-3.));
#13955=CARTESIAN_POINT('',(45.7901372798224,44.7267592717233,3.));
#13956=CARTESIAN_POINT('Origin',(43.2901372798224,44.7267592717232,3.));
#13957=CARTESIAN_POINT('',(45.7901372798224,44.7267592717233,-3.));
#13958=CARTESIAN_POINT('Origin',(43.2901372798224,44.7267592717232,-3.));
#13959=CARTESIAN_POINT('',(45.7901372798224,44.7267592717233,-3.));
#13960=CARTESIAN_POINT('Origin',(45.7901372798224,39.7267592717226,-3.));
#13961=CARTESIAN_POINT('',(45.7901372798224,39.7267592717226,3.));
#13962=CARTESIAN_POINT('',(45.7901372798223,32.2267592717225,3.));
#13963=CARTESIAN_POINT('',(45.7901372798224,39.7267592717226,-3.));
#13964=CARTESIAN_POINT('',(45.7901372798223,32.2267592717225,-3.));
#13965=CARTESIAN_POINT('',(45.7901372798224,39.7267592717226,-3.));
#13966=CARTESIAN_POINT('Origin',(43.2901372798223,39.7267592717226,-3.));
#13967=CARTESIAN_POINT('',(43.2901372798223,37.2267592717226,3.));
#13968=CARTESIAN_POINT('Origin',(43.2901372798223,39.7267592717226,3.));
#13969=CARTESIAN_POINT('',(43.2901372798223,37.2267592717226,-3.));
#13970=CARTESIAN_POINT('Origin',(43.2901372798223,39.7267592717226,-3.));
#13971=CARTESIAN_POINT('',(43.2901372798223,37.2267592717226,-3.));
#13972=CARTESIAN_POINT('Origin',(38.2901372798229,37.2267592717225,-3.));
#13973=CARTESIAN_POINT('',(38.2901372798229,37.2267592717225,3.));
#13974=CARTESIAN_POINT('',(19.0401372798229,37.2267592717225,3.));
#13975=CARTESIAN_POINT('',(38.2901372798229,37.2267592717225,-3.));
#13976=CARTESIAN_POINT('',(19.0401372798229,37.2267592717225,-3.));
#13977=CARTESIAN_POINT('',(38.2901372798229,37.2267592717225,-3.));
#13978=CARTESIAN_POINT('Origin',(38.2901372798229,39.7267592717226,-3.));
#13979=CARTESIAN_POINT('',(35.7901372798229,39.7267592717226,3.));
#13980=CARTESIAN_POINT('Origin',(38.2901372798229,39.7267592717226,3.));
#13981=CARTESIAN_POINT('',(35.7901372798229,39.7267592717226,-3.));
#13982=CARTESIAN_POINT('Origin',(38.2901372798229,39.7267592717226,-3.));
#13983=CARTESIAN_POINT('',(35.7901372798229,39.7267592717226,-3.));
#13984=CARTESIAN_POINT('Origin',(35.7901372798229,44.7267592717231,-3.));
#13985=CARTESIAN_POINT('',(35.7901372798229,44.7267592717231,3.));
#13986=CARTESIAN_POINT('',(35.7901372798229,34.7267592717228,3.));
#13987=CARTESIAN_POINT('',(35.7901372798229,44.7267592717231,-3.));
#13988=CARTESIAN_POINT('',(35.7901372798229,34.7267592717228,-3.));
#13989=CARTESIAN_POINT('',(35.7901372798229,44.7267592717231,-3.));
#13990=CARTESIAN_POINT('Origin',(38.290137279823,44.7267592717231,-3.));
#13991=CARTESIAN_POINT('Origin',(38.290137279823,44.7267592717231,3.));
#13992=CARTESIAN_POINT('Origin',(38.290137279823,44.7267592717231,-3.));
#13993=CARTESIAN_POINT('Origin',(-24.2098627201777,59.7267592717232,-3.));
#13994=CARTESIAN_POINT('',(-29.209862720177,59.7267592717232,3.));
#13995=CARTESIAN_POINT('',(-24.2098627201777,59.7267592717232,3.));
#13996=CARTESIAN_POINT('',(-12.2098627201774,59.7267592717232,3.));
#13997=CARTESIAN_POINT('',(-29.209862720177,59.7267592717232,-3.));
#13998=CARTESIAN_POINT('',(-29.209862720177,59.7267592717232,-3.));
#13999=CARTESIAN_POINT('',(-24.2098627201777,59.7267592717232,-3.));
#14000=CARTESIAN_POINT('',(-12.2098627201774,59.7267592717232,-3.));
#14001=CARTESIAN_POINT('',(-24.2098627201777,59.7267592717232,-3.));
#14002=CARTESIAN_POINT('Origin',(-24.2098627201776,57.2267592717232,-3.));
#14003=CARTESIAN_POINT('',(-21.7098627201776,57.2267592717233,3.));
#14004=CARTESIAN_POINT('Origin',(-24.2098627201776,57.2267592717232,3.));
#14005=CARTESIAN_POINT('',(-21.7098627201776,57.2267592717233,-3.));
#14006=CARTESIAN_POINT('Origin',(-24.2098627201776,57.2267592717232,-3.));
#14007=CARTESIAN_POINT('',(-21.7098627201776,57.2267592717233,-3.));
#14008=CARTESIAN_POINT('Origin',(-21.7098627201776,52.2267592717226,-3.));
#14009=CARTESIAN_POINT('',(-21.7098627201776,52.2267592717226,3.));
#14010=CARTESIAN_POINT('',(-21.7098627201777,38.4767592717226,3.));
#14011=CARTESIAN_POINT('',(-21.7098627201776,52.2267592717226,-3.));
#14012=CARTESIAN_POINT('',(-21.7098627201777,38.4767592717226,-3.));
#14013=CARTESIAN_POINT('',(-21.7098627201776,52.2267592717226,-3.));
#14014=CARTESIAN_POINT('Origin',(-24.2098627201777,52.2267592717226,-3.));
#14015=CARTESIAN_POINT('',(-24.2098627201777,49.7267592717226,3.));
#14016=CARTESIAN_POINT('Origin',(-24.2098627201777,52.2267592717226,3.));
#14017=CARTESIAN_POINT('',(-24.2098627201777,49.7267592717226,-3.));
#14018=CARTESIAN_POINT('Origin',(-24.2098627201777,52.2267592717226,-3.));
#14019=CARTESIAN_POINT('',(-24.2098627201777,49.7267592717226,-3.));
#14020=CARTESIAN_POINT('Origin',(-29.2098627201771,49.7267592717225,-3.));
#14021=CARTESIAN_POINT('',(-29.2098627201771,49.7267592717225,3.));
#14022=CARTESIAN_POINT('',(-14.7098627201771,49.7267592717226,3.));
#14023=CARTESIAN_POINT('',(-29.2098627201771,49.7267592717225,-3.));
#14024=CARTESIAN_POINT('',(-14.7098627201771,49.7267592717226,-3.));
#14025=CARTESIAN_POINT('',(-29.2098627201771,49.7267592717225,-3.));
#14026=CARTESIAN_POINT('Origin',(-29.2098627201771,52.2267592717226,-3.));
#14027=CARTESIAN_POINT('',(-31.7098627201771,52.2267592717226,3.));
#14028=CARTESIAN_POINT('Origin',(-29.2098627201771,52.2267592717226,3.));
#14029=CARTESIAN_POINT('',(-31.7098627201771,52.2267592717226,-3.));
#14030=CARTESIAN_POINT('Origin',(-29.2098627201771,52.2267592717226,-3.));
#14031=CARTESIAN_POINT('',(-31.7098627201771,52.2267592717226,-3.));
#14032=CARTESIAN_POINT('Origin',(-31.7098627201771,57.2267592717231,-3.));
#14033=CARTESIAN_POINT('',(-31.7098627201771,57.2267592717231,3.));
#14034=CARTESIAN_POINT('',(-31.7098627201771,40.9767592717229,3.));
#14035=CARTESIAN_POINT('',(-31.7098627201771,57.2267592717231,-3.));
#14036=CARTESIAN_POINT('',(-31.7098627201771,40.9767592717229,-3.));
#14037=CARTESIAN_POINT('',(-31.7098627201771,57.2267592717231,-3.));
#14038=CARTESIAN_POINT('Origin',(-29.209862720177,57.2267592717231,-3.));
#14039=CARTESIAN_POINT('Origin',(-29.209862720177,57.2267592717231,3.));
#14040=CARTESIAN_POINT('Origin',(-29.209862720177,57.2267592717231,-3.));
#14041=CARTESIAN_POINT('Origin',(-1.70986272017766,72.2267592717232,-3.));
#14042=CARTESIAN_POINT('',(-6.709862720177,72.2267592717232,3.));
#14043=CARTESIAN_POINT('',(-1.70986272017766,72.2267592717232,3.));
#14044=CARTESIAN_POINT('',(-0.959862720177389,72.2267592717232,3.));
#14045=CARTESIAN_POINT('',(-6.709862720177,72.2267592717232,-3.));
#14046=CARTESIAN_POINT('',(-6.709862720177,72.2267592717232,-3.));
#14047=CARTESIAN_POINT('',(-1.70986272017766,72.2267592717232,-3.));
#14048=CARTESIAN_POINT('',(-0.959862720177389,72.2267592717232,-3.));
#14049=CARTESIAN_POINT('',(-1.70986272017766,72.2267592717232,-3.));
#14050=CARTESIAN_POINT('Origin',(-1.70986272017765,69.7267592717232,-3.));
#14051=CARTESIAN_POINT('',(0.790137279822352,69.7267592717233,3.));
#14052=CARTESIAN_POINT('Origin',(-1.70986272017765,69.7267592717232,3.));
#14053=CARTESIAN_POINT('',(0.790137279822352,69.7267592717233,-3.));
#14054=CARTESIAN_POINT('Origin',(-1.70986272017765,69.7267592717232,-3.));
#14055=CARTESIAN_POINT('',(0.790137279822352,69.7267592717233,-3.));
#14056=CARTESIAN_POINT('Origin',(0.790137279822352,64.7267592717226,-3.));
#14057=CARTESIAN_POINT('',(0.790137279822352,64.7267592717226,3.));
#14058=CARTESIAN_POINT('',(0.790137279822281,44.7267592717226,3.));
#14059=CARTESIAN_POINT('',(0.790137279822352,64.7267592717226,-3.));
#14060=CARTESIAN_POINT('',(0.790137279822281,44.7267592717226,-3.));
#14061=CARTESIAN_POINT('',(0.790137279822352,64.7267592717226,-3.));
#14062=CARTESIAN_POINT('Origin',(-1.70986272017767,64.7267592717226,-3.));
#14063=CARTESIAN_POINT('',(-1.70986272017767,62.2267592717226,3.));
#14064=CARTESIAN_POINT('Origin',(-1.70986272017767,64.7267592717226,3.));
#14065=CARTESIAN_POINT('',(-1.70986272017767,62.2267592717226,-3.));
#14066=CARTESIAN_POINT('Origin',(-1.70986272017767,64.7267592717226,-3.));
#14067=CARTESIAN_POINT('',(-1.70986272017767,62.2267592717226,-3.));
#14068=CARTESIAN_POINT('Origin',(-6.70986272017705,62.2267592717225,-3.));
#14069=CARTESIAN_POINT('',(-6.70986272017705,62.2267592717225,3.));
#14070=CARTESIAN_POINT('',(-3.45986272017715,62.2267592717226,3.));
#14071=CARTESIAN_POINT('',(-6.70986272017705,62.2267592717225,-3.));
#14072=CARTESIAN_POINT('',(-3.45986272017715,62.2267592717226,-3.));
#14073=CARTESIAN_POINT('',(-6.70986272017705,62.2267592717225,-3.));
#14074=CARTESIAN_POINT('Origin',(-6.70986272017705,64.7267592717226,-3.));
#14075=CARTESIAN_POINT('',(-9.20986272017708,64.7267592717226,3.));
#14076=CARTESIAN_POINT('Origin',(-6.70986272017705,64.7267592717226,3.));
#14077=CARTESIAN_POINT('',(-9.20986272017708,64.7267592717226,-3.));
#14078=CARTESIAN_POINT('Origin',(-6.70986272017705,64.7267592717226,-3.));
#14079=CARTESIAN_POINT('',(-9.20986272017708,64.7267592717226,-3.));
#14080=CARTESIAN_POINT('Origin',(-9.20986272017706,69.7267592717232,-3.));
#14081=CARTESIAN_POINT('',(-9.20986272017706,69.7267592717232,3.));
#14082=CARTESIAN_POINT('',(-9.20986272017708,47.2267592717229,3.));
#14083=CARTESIAN_POINT('',(-9.20986272017706,69.7267592717232,-3.));
#14084=CARTESIAN_POINT('',(-9.20986272017708,47.2267592717229,-3.));
#14085=CARTESIAN_POINT('',(-9.20986272017706,69.7267592717232,-3.));
#14086=CARTESIAN_POINT('Origin',(-6.70986272017699,69.7267592717232,-3.));
#14087=CARTESIAN_POINT('Origin',(-6.70986272017699,69.7267592717232,3.));
#14088=CARTESIAN_POINT('Origin',(-6.70986272017699,69.7267592717232,-3.));
#14089=CARTESIAN_POINT('Origin',(20.7901372798223,84.7267592717232,-3.));
#14090=CARTESIAN_POINT('',(15.790137279823,84.7267592717232,3.));
#14091=CARTESIAN_POINT('',(20.7901372798223,84.7267592717232,3.));
#14092=CARTESIAN_POINT('',(10.2901372798226,84.7267592717232,3.));
#14093=CARTESIAN_POINT('',(15.790137279823,84.7267592717232,-3.));
#14094=CARTESIAN_POINT('',(15.790137279823,84.7267592717232,-3.));
#14095=CARTESIAN_POINT('',(20.7901372798223,84.7267592717232,-3.));
#14096=CARTESIAN_POINT('',(10.2901372798226,84.7267592717232,-3.));
#14097=CARTESIAN_POINT('',(20.7901372798223,84.7267592717232,-3.));
#14098=CARTESIAN_POINT('Origin',(20.7901372798224,82.2267592717232,-3.));
#14099=CARTESIAN_POINT('',(23.2901372798224,82.2267592717233,3.));
#14100=CARTESIAN_POINT('Origin',(20.7901372798224,82.2267592717232,3.));
#14101=CARTESIAN_POINT('',(23.2901372798224,82.2267592717233,-3.));
#14102=CARTESIAN_POINT('Origin',(20.7901372798224,82.2267592717232,-3.));
#14103=CARTESIAN_POINT('',(23.2901372798224,82.2267592717233,-3.));
#14104=CARTESIAN_POINT('Origin',(23.2901372798224,77.2267592717226,-3.));
#14105=CARTESIAN_POINT('',(23.2901372798224,77.2267592717226,3.));
#14106=CARTESIAN_POINT('',(23.2901372798223,50.9767592717225,3.));
#14107=CARTESIAN_POINT('',(23.2901372798224,77.2267592717226,-3.));
#14108=CARTESIAN_POINT('',(23.2901372798223,50.9767592717225,-3.));
#14109=CARTESIAN_POINT('',(23.2901372798224,77.2267592717226,-3.));
#14110=CARTESIAN_POINT('Origin',(20.7901372798223,77.2267592717226,-3.));
#14111=CARTESIAN_POINT('',(20.7901372798223,74.7267592717226,3.));
#14112=CARTESIAN_POINT('Origin',(20.7901372798223,77.2267592717226,3.));
#14113=CARTESIAN_POINT('',(20.7901372798223,74.7267592717226,-3.));
#14114=CARTESIAN_POINT('Origin',(20.7901372798223,77.2267592717226,-3.));
#14115=CARTESIAN_POINT('',(20.7901372798223,74.7267592717226,-3.));
#14116=CARTESIAN_POINT('Origin',(15.7901372798229,74.7267592717226,-3.));
#14117=CARTESIAN_POINT('',(15.7901372798229,74.7267592717226,3.));
#14118=CARTESIAN_POINT('',(7.79013727982282,74.7267592717225,3.));
#14119=CARTESIAN_POINT('',(15.7901372798229,74.7267592717226,-3.));
#14120=CARTESIAN_POINT('',(7.79013727982282,74.7267592717225,-3.));
#14121=CARTESIAN_POINT('',(15.7901372798229,74.7267592717226,-3.));
#14122=CARTESIAN_POINT('Origin',(15.7901372798229,77.2267592717226,-3.));
#14123=CARTESIAN_POINT('',(13.2901372798229,77.2267592717226,3.));
#14124=CARTESIAN_POINT('Origin',(15.7901372798229,77.2267592717226,3.));
#14125=CARTESIAN_POINT('',(13.2901372798229,77.2267592717226,-3.));
#14126=CARTESIAN_POINT('Origin',(15.7901372798229,77.2267592717226,-3.));
#14127=CARTESIAN_POINT('',(13.2901372798229,77.2267592717226,-3.));
#14128=CARTESIAN_POINT('Origin',(13.2901372798229,82.2267592717232,-3.));
#14129=CARTESIAN_POINT('',(13.2901372798229,82.2267592717232,3.));
#14130=CARTESIAN_POINT('',(13.2901372798229,53.4767592717229,3.));
#14131=CARTESIAN_POINT('',(13.2901372798229,82.2267592717232,-3.));
#14132=CARTESIAN_POINT('',(13.2901372798229,53.4767592717229,-3.));
#14133=CARTESIAN_POINT('',(13.2901372798229,82.2267592717232,-3.));
#14134=CARTESIAN_POINT('Origin',(15.790137279823,82.2267592717232,-3.));
#14135=CARTESIAN_POINT('Origin',(15.790137279823,82.2267592717232,3.));
#14136=CARTESIAN_POINT('Origin',(15.790137279823,82.2267592717232,-3.));
#14137=CARTESIAN_POINT('Origin',(-46.7098627201777,84.7267592717232,-3.));
#14138=CARTESIAN_POINT('',(-51.709862720177,84.7267592717232,3.));
#14139=CARTESIAN_POINT('',(-46.7098627201777,84.7267592717232,3.));
#14140=CARTESIAN_POINT('',(-23.4598627201774,84.7267592717232,3.));
#14141=CARTESIAN_POINT('',(-51.709862720177,84.7267592717232,-3.));
#14142=CARTESIAN_POINT('',(-51.709862720177,84.7267592717232,-3.));
#14143=CARTESIAN_POINT('',(-46.7098627201777,84.7267592717232,-3.));
#14144=CARTESIAN_POINT('',(-23.4598627201774,84.7267592717232,-3.));
#14145=CARTESIAN_POINT('',(-46.7098627201777,84.7267592717232,-3.));
#14146=CARTESIAN_POINT('Origin',(-46.7098627201776,82.2267592717232,-3.));
#14147=CARTESIAN_POINT('',(-44.2098627201776,82.2267592717233,3.));
#14148=CARTESIAN_POINT('Origin',(-46.7098627201776,82.2267592717232,3.));
#14149=CARTESIAN_POINT('',(-44.2098627201776,82.2267592717233,-3.));
#14150=CARTESIAN_POINT('Origin',(-46.7098627201776,82.2267592717232,-3.));
#14151=CARTESIAN_POINT('',(-44.2098627201776,82.2267592717233,-3.));
#14152=CARTESIAN_POINT('Origin',(-44.2098627201776,77.2267592717226,-3.));
#14153=CARTESIAN_POINT('',(-44.2098627201776,77.2267592717226,3.));
#14154=CARTESIAN_POINT('',(-44.2098627201777,50.9767592717227,3.));
#14155=CARTESIAN_POINT('',(-44.2098627201776,77.2267592717226,-3.));
#14156=CARTESIAN_POINT('',(-44.2098627201777,50.9767592717227,-3.));
#14157=CARTESIAN_POINT('',(-44.2098627201776,77.2267592717226,-3.));
#14158=CARTESIAN_POINT('Origin',(-46.7098627201777,77.2267592717226,-3.));
#14159=CARTESIAN_POINT('',(-46.7098627201777,74.7267592717226,3.));
#14160=CARTESIAN_POINT('Origin',(-46.7098627201777,77.2267592717226,3.));
#14161=CARTESIAN_POINT('',(-46.7098627201777,74.7267592717226,-3.));
#14162=CARTESIAN_POINT('Origin',(-46.7098627201777,77.2267592717226,-3.));
#14163=CARTESIAN_POINT('',(-46.7098627201777,74.7267592717226,-3.));
#14164=CARTESIAN_POINT('Origin',(-51.7098627201771,74.7267592717226,-3.));
#14165=CARTESIAN_POINT('',(-51.7098627201771,74.7267592717226,3.));
#14166=CARTESIAN_POINT('',(-25.9598627201772,74.7267592717226,3.));
#14167=CARTESIAN_POINT('',(-51.7098627201771,74.7267592717226,-3.));
#14168=CARTESIAN_POINT('',(-25.9598627201772,74.7267592717226,-3.));
#14169=CARTESIAN_POINT('',(-51.7098627201771,74.7267592717226,-3.));
#14170=CARTESIAN_POINT('Origin',(-51.7098627201771,77.2267592717226,-3.));
#14171=CARTESIAN_POINT('',(-54.2098627201771,77.2267592717226,3.));
#14172=CARTESIAN_POINT('Origin',(-51.7098627201771,77.2267592717226,3.));
#14173=CARTESIAN_POINT('',(-54.2098627201771,77.2267592717226,-3.));
#14174=CARTESIAN_POINT('Origin',(-51.7098627201771,77.2267592717226,-3.));
#14175=CARTESIAN_POINT('',(-54.2098627201771,77.2267592717226,-3.));
#14176=CARTESIAN_POINT('Origin',(-54.2098627201771,82.2267592717232,-3.));
#14177=CARTESIAN_POINT('',(-54.2098627201771,82.2267592717232,3.));
#14178=CARTESIAN_POINT('',(-54.2098627201771,53.4767592717229,3.));
#14179=CARTESIAN_POINT('',(-54.2098627201771,82.2267592717232,-3.));
#14180=CARTESIAN_POINT('',(-54.2098627201771,53.4767592717229,-3.));
#14181=CARTESIAN_POINT('',(-54.2098627201771,82.2267592717232,-3.));
#14182=CARTESIAN_POINT('Origin',(-51.709862720177,82.2267592717232,-3.));
#14183=CARTESIAN_POINT('Origin',(-51.709862720177,82.2267592717232,3.));
#14184=CARTESIAN_POINT('Origin',(-51.709862720177,82.2267592717232,-3.));
#14185=CARTESIAN_POINT('Origin',(45.7901372798224,77.2267592717226,-3.));
#14186=CARTESIAN_POINT('',(45.7901372798224,82.2267592717233,3.));
#14187=CARTESIAN_POINT('',(45.7901372798224,77.2267592717226,3.));
#14188=CARTESIAN_POINT('',(45.7901372798223,50.9767592717225,3.));
#14189=CARTESIAN_POINT('',(45.7901372798224,82.2267592717233,-3.));
#14190=CARTESIAN_POINT('',(45.7901372798224,82.2267592717233,-3.));
#14191=CARTESIAN_POINT('',(45.7901372798224,77.2267592717226,-3.));
#14192=CARTESIAN_POINT('',(45.7901372798223,50.9767592717225,-3.));
#14193=CARTESIAN_POINT('',(45.7901372798224,77.2267592717226,-3.));
#14194=CARTESIAN_POINT('Origin',(43.2901372798223,77.2267592717226,-3.));
#14195=CARTESIAN_POINT('',(43.2901372798223,74.7267592717226,3.));
#14196=CARTESIAN_POINT('Origin',(43.2901372798223,77.2267592717226,3.));
#14197=CARTESIAN_POINT('',(43.2901372798223,74.7267592717226,-3.));
#14198=CARTESIAN_POINT('Origin',(43.2901372798223,77.2267592717226,-3.));
#14199=CARTESIAN_POINT('',(43.2901372798223,74.7267592717226,-3.));
#14200=CARTESIAN_POINT('Origin',(38.2901372798229,74.7267592717226,-3.));
#14201=CARTESIAN_POINT('',(38.2901372798229,74.7267592717226,3.));
#14202=CARTESIAN_POINT('',(19.0401372798228,74.7267592717225,3.));
#14203=CARTESIAN_POINT('',(38.2901372798229,74.7267592717226,-3.));
#14204=CARTESIAN_POINT('',(19.0401372798228,74.7267592717225,-3.));
#14205=CARTESIAN_POINT('',(38.2901372798229,74.7267592717226,-3.));
#14206=CARTESIAN_POINT('Origin',(38.2901372798229,77.2267592717226,-3.));
#14207=CARTESIAN_POINT('',(35.7901372798229,77.2267592717226,3.));
#14208=CARTESIAN_POINT('Origin',(38.2901372798229,77.2267592717226,3.));
#14209=CARTESIAN_POINT('',(35.7901372798229,77.2267592717226,-3.));
#14210=CARTESIAN_POINT('Origin',(38.2901372798229,77.2267592717226,-3.));
#14211=CARTESIAN_POINT('',(35.7901372798229,77.2267592717226,-3.));
#14212=CARTESIAN_POINT('Origin',(35.7901372798229,82.2267592717232,-3.));
#14213=CARTESIAN_POINT('',(35.7901372798229,82.2267592717232,3.));
#14214=CARTESIAN_POINT('',(35.7901372798229,53.4767592717228,3.));
#14215=CARTESIAN_POINT('',(35.7901372798229,82.2267592717232,-3.));
#14216=CARTESIAN_POINT('',(35.7901372798229,53.4767592717228,-3.));
#14217=CARTESIAN_POINT('',(35.7901372798229,82.2267592717232,-3.));
#14218=CARTESIAN_POINT('Origin',(38.290137279823,82.2267592717232,-3.));
#14219=CARTESIAN_POINT('',(38.290137279823,84.7267592717232,3.));
#14220=CARTESIAN_POINT('Origin',(38.290137279823,82.2267592717232,3.));
#14221=CARTESIAN_POINT('',(38.290137279823,84.7267592717232,-3.));
#14222=CARTESIAN_POINT('Origin',(38.290137279823,82.2267592717232,-3.));
#14223=CARTESIAN_POINT('',(38.290137279823,84.7267592717232,-3.));
#14224=CARTESIAN_POINT('Origin',(43.2901372798223,84.7267592717232,-3.));
#14225=CARTESIAN_POINT('',(43.2901372798223,84.7267592717232,3.));
#14226=CARTESIAN_POINT('',(21.5401372798226,84.7267592717232,3.));
#14227=CARTESIAN_POINT('',(43.2901372798223,84.7267592717232,-3.));
#14228=CARTESIAN_POINT('',(21.5401372798226,84.7267592717232,-3.));
#14229=CARTESIAN_POINT('',(43.2901372798223,84.7267592717232,-3.));
#14230=CARTESIAN_POINT('Origin',(43.2901372798224,82.2267592717232,-3.));
#14231=CARTESIAN_POINT('Origin',(43.2901372798224,82.2267592717232,3.));
#14232=CARTESIAN_POINT('Origin',(43.2901372798224,82.2267592717232,-3.));
#14233=CARTESIAN_POINT('Origin',(-24.2098627201777,72.2267592717232,-3.));
#14234=CARTESIAN_POINT('',(-29.209862720177,72.2267592717232,3.));
#14235=CARTESIAN_POINT('',(-24.2098627201777,72.2267592717232,3.));
#14236=CARTESIAN_POINT('',(-12.2098627201774,72.2267592717232,3.));
#14237=CARTESIAN_POINT('',(-29.209862720177,72.2267592717232,-3.));
#14238=CARTESIAN_POINT('',(-29.209862720177,72.2267592717232,-3.));
#14239=CARTESIAN_POINT('',(-24.2098627201777,72.2267592717232,-3.));
#14240=CARTESIAN_POINT('',(-12.2098627201774,72.2267592717232,-3.));
#14241=CARTESIAN_POINT('',(-24.2098627201777,72.2267592717232,-3.));
#14242=CARTESIAN_POINT('Origin',(-24.2098627201776,69.7267592717232,-3.));
#14243=CARTESIAN_POINT('',(-21.7098627201776,69.7267592717233,3.));
#14244=CARTESIAN_POINT('Origin',(-24.2098627201776,69.7267592717232,3.));
#14245=CARTESIAN_POINT('',(-21.7098627201776,69.7267592717233,-3.));
#14246=CARTESIAN_POINT('Origin',(-24.2098627201776,69.7267592717232,-3.));
#14247=CARTESIAN_POINT('',(-21.7098627201776,69.7267592717233,-3.));
#14248=CARTESIAN_POINT('Origin',(-21.7098627201776,64.7267592717226,-3.));
#14249=CARTESIAN_POINT('',(-21.7098627201776,64.7267592717226,3.));
#14250=CARTESIAN_POINT('',(-21.7098627201777,44.7267592717226,3.));
#14251=CARTESIAN_POINT('',(-21.7098627201776,64.7267592717226,-3.));
#14252=CARTESIAN_POINT('',(-21.7098627201777,44.7267592717226,-3.));
#14253=CARTESIAN_POINT('',(-21.7098627201776,64.7267592717226,-3.));
#14254=CARTESIAN_POINT('Origin',(-24.2098627201777,64.7267592717226,-3.));
#14255=CARTESIAN_POINT('',(-24.2098627201777,62.2267592717226,3.));
#14256=CARTESIAN_POINT('Origin',(-24.2098627201777,64.7267592717226,3.));
#14257=CARTESIAN_POINT('',(-24.2098627201777,62.2267592717226,-3.));
#14258=CARTESIAN_POINT('Origin',(-24.2098627201777,64.7267592717226,-3.));
#14259=CARTESIAN_POINT('',(-24.2098627201777,62.2267592717226,-3.));
#14260=CARTESIAN_POINT('Origin',(-29.2098627201771,62.2267592717225,-3.));
#14261=CARTESIAN_POINT('',(-29.2098627201771,62.2267592717225,3.));
#14262=CARTESIAN_POINT('',(-14.7098627201772,62.2267592717226,3.));
#14263=CARTESIAN_POINT('',(-29.2098627201771,62.2267592717225,-3.));
#14264=CARTESIAN_POINT('',(-14.7098627201772,62.2267592717226,-3.));
#14265=CARTESIAN_POINT('',(-29.2098627201771,62.2267592717225,-3.));
#14266=CARTESIAN_POINT('Origin',(-29.2098627201771,64.7267592717226,-3.));
#14267=CARTESIAN_POINT('',(-31.7098627201771,64.7267592717226,3.));
#14268=CARTESIAN_POINT('Origin',(-29.2098627201771,64.7267592717226,3.));
#14269=CARTESIAN_POINT('',(-31.7098627201771,64.7267592717226,-3.));
#14270=CARTESIAN_POINT('Origin',(-29.2098627201771,64.7267592717226,-3.));
#14271=CARTESIAN_POINT('',(-31.7098627201771,64.7267592717226,-3.));
#14272=CARTESIAN_POINT('Origin',(-31.7098627201771,69.7267592717232,-3.));
#14273=CARTESIAN_POINT('',(-31.7098627201771,69.7267592717232,3.));
#14274=CARTESIAN_POINT('',(-31.7098627201771,47.2267592717229,3.));
#14275=CARTESIAN_POINT('',(-31.7098627201771,69.7267592717232,-3.));
#14276=CARTESIAN_POINT('',(-31.7098627201771,47.2267592717229,-3.));
#14277=CARTESIAN_POINT('',(-31.7098627201771,69.7267592717232,-3.));
#14278=CARTESIAN_POINT('Origin',(-29.209862720177,69.7267592717232,-3.));
#14279=CARTESIAN_POINT('Origin',(-29.209862720177,69.7267592717232,3.));
#14280=CARTESIAN_POINT('Origin',(-29.209862720177,69.7267592717232,-3.));
#14281=CARTESIAN_POINT('Origin',(-1.70986272017766,59.7267592717232,-3.));
#14282=CARTESIAN_POINT('',(-6.709862720177,59.7267592717232,3.));
#14283=CARTESIAN_POINT('',(-1.70986272017766,59.7267592717232,3.));
#14284=CARTESIAN_POINT('',(-0.959862720177389,59.7267592717232,3.));
#14285=CARTESIAN_POINT('',(-6.709862720177,59.7267592717232,-3.));
#14286=CARTESIAN_POINT('',(-6.709862720177,59.7267592717232,-3.));
#14287=CARTESIAN_POINT('',(-1.70986272017766,59.7267592717232,-3.));
#14288=CARTESIAN_POINT('',(-0.959862720177389,59.7267592717232,-3.));
#14289=CARTESIAN_POINT('',(-1.70986272017766,59.7267592717232,-3.));
#14290=CARTESIAN_POINT('Origin',(-1.70986272017765,57.2267592717232,-3.));
#14291=CARTESIAN_POINT('',(0.790137279822352,57.2267592717233,3.));
#14292=CARTESIAN_POINT('Origin',(-1.70986272017765,57.2267592717232,3.));
#14293=CARTESIAN_POINT('',(0.790137279822352,57.2267592717233,-3.));
#14294=CARTESIAN_POINT('Origin',(-1.70986272017765,57.2267592717232,-3.));
#14295=CARTESIAN_POINT('',(0.790137279822352,57.2267592717233,-3.));
#14296=CARTESIAN_POINT('Origin',(0.790137279822352,52.2267592717226,-3.));
#14297=CARTESIAN_POINT('',(0.790137279822352,52.2267592717226,3.));
#14298=CARTESIAN_POINT('',(0.790137279822303,38.4767592717226,3.));
#14299=CARTESIAN_POINT('',(0.790137279822352,52.2267592717226,-3.));
#14300=CARTESIAN_POINT('',(0.790137279822303,38.4767592717226,-3.));
#14301=CARTESIAN_POINT('',(0.790137279822352,52.2267592717226,-3.));
#14302=CARTESIAN_POINT('Origin',(-1.70986272017767,52.2267592717226,-3.));
#14303=CARTESIAN_POINT('',(-1.70986272017767,49.7267592717226,3.));
#14304=CARTESIAN_POINT('Origin',(-1.70986272017767,52.2267592717226,3.));
#14305=CARTESIAN_POINT('',(-1.70986272017767,49.7267592717226,-3.));
#14306=CARTESIAN_POINT('Origin',(-1.70986272017767,52.2267592717226,-3.));
#14307=CARTESIAN_POINT('',(-1.70986272017767,49.7267592717226,-3.));
#14308=CARTESIAN_POINT('Origin',(-6.70986272017705,49.7267592717225,-3.));
#14309=CARTESIAN_POINT('',(-6.70986272017705,49.7267592717225,3.));
#14310=CARTESIAN_POINT('',(-3.45986272017713,49.7267592717226,3.));
#14311=CARTESIAN_POINT('',(-6.70986272017705,49.7267592717225,-3.));
#14312=CARTESIAN_POINT('',(-3.45986272017713,49.7267592717226,-3.));
#14313=CARTESIAN_POINT('',(-6.70986272017705,49.7267592717225,-3.));
#14314=CARTESIAN_POINT('Origin',(-6.70986272017705,52.2267592717226,-3.));
#14315=CARTESIAN_POINT('',(-9.20986272017708,52.2267592717226,3.));
#14316=CARTESIAN_POINT('Origin',(-6.70986272017705,52.2267592717226,3.));
#14317=CARTESIAN_POINT('',(-9.20986272017708,52.2267592717226,-3.));
#14318=CARTESIAN_POINT('Origin',(-6.70986272017705,52.2267592717226,-3.));
#14319=CARTESIAN_POINT('',(-9.20986272017708,52.2267592717226,-3.));
#14320=CARTESIAN_POINT('Origin',(-9.20986272017706,57.2267592717231,-3.));
#14321=CARTESIAN_POINT('',(-9.20986272017706,57.2267592717231,3.));
#14322=CARTESIAN_POINT('',(-9.20986272017707,40.9767592717229,3.));
#14323=CARTESIAN_POINT('',(-9.20986272017706,57.2267592717231,-3.));
#14324=CARTESIAN_POINT('',(-9.20986272017707,40.9767592717229,-3.));
#14325=CARTESIAN_POINT('',(-9.20986272017706,57.2267592717231,-3.));
#14326=CARTESIAN_POINT('Origin',(-6.70986272017699,57.2267592717231,-3.));
#14327=CARTESIAN_POINT('Origin',(-6.70986272017699,57.2267592717231,3.));
#14328=CARTESIAN_POINT('Origin',(-6.70986272017699,57.2267592717231,-3.));
#14329=CARTESIAN_POINT('Origin',(20.7901372798223,47.2267592717232,-3.));
#14330=CARTESIAN_POINT('',(15.790137279823,47.2267592717232,3.));
#14331=CARTESIAN_POINT('',(20.7901372798223,47.2267592717232,3.));
#14332=CARTESIAN_POINT('',(10.2901372798226,47.2267592717232,3.));
#14333=CARTESIAN_POINT('',(15.790137279823,47.2267592717232,-3.));
#14334=CARTESIAN_POINT('',(15.790137279823,47.2267592717232,-3.));
#14335=CARTESIAN_POINT('',(20.7901372798223,47.2267592717232,-3.));
#14336=CARTESIAN_POINT('',(10.2901372798226,47.2267592717232,-3.));
#14337=CARTESIAN_POINT('',(20.7901372798223,47.2267592717232,-3.));
#14338=CARTESIAN_POINT('Origin',(20.7901372798224,44.7267592717232,-3.));
#14339=CARTESIAN_POINT('',(23.2901372798224,44.7267592717233,3.));
#14340=CARTESIAN_POINT('Origin',(20.7901372798224,44.7267592717232,3.));
#14341=CARTESIAN_POINT('',(23.2901372798224,44.7267592717233,-3.));
#14342=CARTESIAN_POINT('Origin',(20.7901372798224,44.7267592717232,-3.));
#14343=CARTESIAN_POINT('',(23.2901372798224,44.7267592717233,-3.));
#14344=CARTESIAN_POINT('Origin',(23.2901372798224,39.7267592717226,-3.));
#14345=CARTESIAN_POINT('',(23.2901372798224,39.7267592717226,3.));
#14346=CARTESIAN_POINT('',(23.2901372798223,32.2267592717225,3.));
#14347=CARTESIAN_POINT('',(23.2901372798224,39.7267592717226,-3.));
#14348=CARTESIAN_POINT('',(23.2901372798223,32.2267592717225,-3.));
#14349=CARTESIAN_POINT('',(23.2901372798224,39.7267592717226,-3.));
#14350=CARTESIAN_POINT('Origin',(20.7901372798223,39.7267592717226,-3.));
#14351=CARTESIAN_POINT('',(20.7901372798223,37.2267592717226,3.));
#14352=CARTESIAN_POINT('Origin',(20.7901372798223,39.7267592717226,3.));
#14353=CARTESIAN_POINT('',(20.7901372798223,37.2267592717226,-3.));
#14354=CARTESIAN_POINT('Origin',(20.7901372798223,39.7267592717226,-3.));
#14355=CARTESIAN_POINT('',(20.7901372798223,37.2267592717226,-3.));
#14356=CARTESIAN_POINT('Origin',(15.7901372798229,37.2267592717225,-3.));
#14357=CARTESIAN_POINT('',(15.7901372798229,37.2267592717225,3.));
#14358=CARTESIAN_POINT('',(7.79013727982289,37.2267592717225,3.));
#14359=CARTESIAN_POINT('',(15.7901372798229,37.2267592717225,-3.));
#14360=CARTESIAN_POINT('',(7.79013727982289,37.2267592717225,-3.));
#14361=CARTESIAN_POINT('',(15.7901372798229,37.2267592717225,-3.));
#14362=CARTESIAN_POINT('Origin',(15.7901372798229,39.7267592717226,-3.));
#14363=CARTESIAN_POINT('',(13.2901372798229,39.7267592717226,3.));
#14364=CARTESIAN_POINT('Origin',(15.7901372798229,39.7267592717226,3.));
#14365=CARTESIAN_POINT('',(13.2901372798229,39.7267592717226,-3.));
#14366=CARTESIAN_POINT('Origin',(15.7901372798229,39.7267592717226,-3.));
#14367=CARTESIAN_POINT('',(13.2901372798229,39.7267592717226,-3.));
#14368=CARTESIAN_POINT('Origin',(13.2901372798229,44.7267592717231,-3.));
#14369=CARTESIAN_POINT('',(13.2901372798229,44.7267592717231,3.));
#14370=CARTESIAN_POINT('',(13.2901372798229,34.7267592717229,3.));
#14371=CARTESIAN_POINT('',(13.2901372798229,44.7267592717231,-3.));
#14372=CARTESIAN_POINT('',(13.2901372798229,34.7267592717229,-3.));
#14373=CARTESIAN_POINT('',(13.2901372798229,44.7267592717231,-3.));
#14374=CARTESIAN_POINT('Origin',(15.790137279823,44.7267592717231,-3.));
#14375=CARTESIAN_POINT('Origin',(15.790137279823,44.7267592717231,3.));
#14376=CARTESIAN_POINT('Origin',(15.790137279823,44.7267592717231,-3.));
#14377=CARTESIAN_POINT('Origin',(-46.7098627201777,34.7267592717232,-3.));
#14378=CARTESIAN_POINT('',(-51.709862720177,34.7267592717232,3.));
#14379=CARTESIAN_POINT('',(-46.7098627201777,34.7267592717232,3.));
#14380=CARTESIAN_POINT('',(-23.4598627201774,34.7267592717232,3.));
#14381=CARTESIAN_POINT('',(-51.709862720177,34.7267592717232,-3.));
#14382=CARTESIAN_POINT('',(-51.709862720177,34.7267592717232,-3.));
#14383=CARTESIAN_POINT('',(-46.7098627201777,34.7267592717232,-3.));
#14384=CARTESIAN_POINT('',(-23.4598627201774,34.7267592717232,-3.));
#14385=CARTESIAN_POINT('',(-46.7098627201777,34.7267592717232,-3.));
#14386=CARTESIAN_POINT('Origin',(-46.7098627201776,32.2267592717232,-3.));
#14387=CARTESIAN_POINT('',(-44.2098627201776,32.2267592717233,3.));
#14388=CARTESIAN_POINT('Origin',(-46.7098627201776,32.2267592717232,3.));
#14389=CARTESIAN_POINT('',(-44.2098627201776,32.2267592717233,-3.));
#14390=CARTESIAN_POINT('Origin',(-46.7098627201776,32.2267592717232,-3.));
#14391=CARTESIAN_POINT('',(-44.2098627201776,32.2267592717233,-3.));
#14392=CARTESIAN_POINT('Origin',(-44.2098627201776,27.2267592717226,-3.));
#14393=CARTESIAN_POINT('',(-44.2098627201776,27.2267592717226,3.));
#14394=CARTESIAN_POINT('',(-44.2098627201777,25.9767592717227,3.));
#14395=CARTESIAN_POINT('',(-44.2098627201776,27.2267592717226,-3.));
#14396=CARTESIAN_POINT('',(-44.2098627201777,25.9767592717227,-3.));
#14397=CARTESIAN_POINT('',(-44.2098627201776,27.2267592717226,-3.));
#14398=CARTESIAN_POINT('Origin',(-46.7098627201777,27.2267592717226,-3.));
#14399=CARTESIAN_POINT('',(-46.7098627201777,24.7267592717226,3.));
#14400=CARTESIAN_POINT('Origin',(-46.7098627201777,27.2267592717226,3.));
#14401=CARTESIAN_POINT('',(-46.7098627201777,24.7267592717226,-3.));
#14402=CARTESIAN_POINT('Origin',(-46.7098627201777,27.2267592717226,-3.));
#14403=CARTESIAN_POINT('',(-46.7098627201777,24.7267592717226,-3.));
#14404=CARTESIAN_POINT('Origin',(-51.7098627201771,24.7267592717225,-3.));
#14405=CARTESIAN_POINT('',(-51.7098627201771,24.7267592717225,3.));
#14406=CARTESIAN_POINT('',(-25.9598627201771,24.7267592717226,3.));
#14407=CARTESIAN_POINT('',(-51.7098627201771,24.7267592717225,-3.));
#14408=CARTESIAN_POINT('',(-25.9598627201771,24.7267592717226,-3.));
#14409=CARTESIAN_POINT('',(-51.7098627201771,24.7267592717225,-3.));
#14410=CARTESIAN_POINT('Origin',(-51.7098627201771,27.2267592717226,-3.));
#14411=CARTESIAN_POINT('',(-54.2098627201771,27.2267592717226,3.));
#14412=CARTESIAN_POINT('Origin',(-51.7098627201771,27.2267592717226,3.));
#14413=CARTESIAN_POINT('',(-54.2098627201771,27.2267592717226,-3.));
#14414=CARTESIAN_POINT('Origin',(-51.7098627201771,27.2267592717226,-3.));
#14415=CARTESIAN_POINT('',(-54.2098627201771,27.2267592717226,-3.));
#14416=CARTESIAN_POINT('Origin',(-54.2098627201771,32.2267592717231,-3.));
#14417=CARTESIAN_POINT('',(-54.2098627201771,32.2267592717231,3.));
#14418=CARTESIAN_POINT('',(-54.2098627201771,28.4767592717229,3.));
#14419=CARTESIAN_POINT('',(-54.2098627201771,32.2267592717231,-3.));
#14420=CARTESIAN_POINT('',(-54.2098627201771,28.4767592717229,-3.));
#14421=CARTESIAN_POINT('',(-54.2098627201771,32.2267592717231,-3.));
#14422=CARTESIAN_POINT('Origin',(-51.709862720177,32.2267592717231,-3.));
#14423=CARTESIAN_POINT('Origin',(-51.709862720177,32.2267592717231,3.));
#14424=CARTESIAN_POINT('Origin',(-51.709862720177,32.2267592717231,-3.));
#14425=CARTESIAN_POINT('Origin',(43.2901372798223,34.7267592717232,-3.));
#14426=CARTESIAN_POINT('',(38.290137279823,34.7267592717232,3.));
#14427=CARTESIAN_POINT('',(43.2901372798223,34.7267592717232,3.));
#14428=CARTESIAN_POINT('',(21.5401372798226,34.7267592717232,3.));
#14429=CARTESIAN_POINT('',(38.290137279823,34.7267592717232,-3.));
#14430=CARTESIAN_POINT('',(38.290137279823,34.7267592717232,-3.));
#14431=CARTESIAN_POINT('',(43.2901372798223,34.7267592717232,-3.));
#14432=CARTESIAN_POINT('',(21.5401372798226,34.7267592717232,-3.));
#14433=CARTESIAN_POINT('',(43.2901372798223,34.7267592717232,-3.));
#14434=CARTESIAN_POINT('Origin',(43.2901372798224,32.2267592717232,-3.));
#14435=CARTESIAN_POINT('',(45.7901372798224,32.2267592717233,3.));
#14436=CARTESIAN_POINT('Origin',(43.2901372798224,32.2267592717232,3.));
#14437=CARTESIAN_POINT('',(45.7901372798224,32.2267592717233,-3.));
#14438=CARTESIAN_POINT('Origin',(43.2901372798224,32.2267592717232,-3.));
#14439=CARTESIAN_POINT('',(45.7901372798224,32.2267592717233,-3.));
#14440=CARTESIAN_POINT('Origin',(45.7901372798224,27.2267592717226,-3.));
#14441=CARTESIAN_POINT('',(45.7901372798224,27.2267592717226,3.));
#14442=CARTESIAN_POINT('',(45.7901372798223,25.9767592717225,3.));
#14443=CARTESIAN_POINT('',(45.7901372798224,27.2267592717226,-3.));
#14444=CARTESIAN_POINT('',(45.7901372798223,25.9767592717225,-3.));
#14445=CARTESIAN_POINT('',(45.7901372798224,27.2267592717226,-3.));
#14446=CARTESIAN_POINT('Origin',(43.2901372798223,27.2267592717226,-3.));
#14447=CARTESIAN_POINT('',(43.2901372798223,24.7267592717226,3.));
#14448=CARTESIAN_POINT('Origin',(43.2901372798223,27.2267592717226,3.));
#14449=CARTESIAN_POINT('',(43.2901372798223,24.7267592717226,-3.));
#14450=CARTESIAN_POINT('Origin',(43.2901372798223,27.2267592717226,-3.));
#14451=CARTESIAN_POINT('',(43.2901372798223,24.7267592717226,-3.));
#14452=CARTESIAN_POINT('Origin',(38.2901372798229,24.7267592717225,-3.));
#14453=CARTESIAN_POINT('',(38.2901372798229,24.7267592717225,3.));
#14454=CARTESIAN_POINT('',(19.0401372798229,24.7267592717225,3.));
#14455=CARTESIAN_POINT('',(38.2901372798229,24.7267592717225,-3.));
#14456=CARTESIAN_POINT('',(19.0401372798229,24.7267592717225,-3.));
#14457=CARTESIAN_POINT('',(38.2901372798229,24.7267592717225,-3.));
#14458=CARTESIAN_POINT('Origin',(38.2901372798229,27.2267592717226,-3.));
#14459=CARTESIAN_POINT('',(35.7901372798229,27.2267592717226,3.));
#14460=CARTESIAN_POINT('Origin',(38.2901372798229,27.2267592717226,3.));
#14461=CARTESIAN_POINT('',(35.7901372798229,27.2267592717226,-3.));
#14462=CARTESIAN_POINT('Origin',(38.2901372798229,27.2267592717226,-3.));
#14463=CARTESIAN_POINT('',(35.7901372798229,27.2267592717226,-3.));
#14464=CARTESIAN_POINT('Origin',(35.7901372798229,32.2267592717231,-3.));
#14465=CARTESIAN_POINT('',(35.7901372798229,32.2267592717231,3.));
#14466=CARTESIAN_POINT('',(35.7901372798229,28.4767592717228,3.));
#14467=CARTESIAN_POINT('',(35.7901372798229,32.2267592717231,-3.));
#14468=CARTESIAN_POINT('',(35.7901372798229,28.4767592717228,-3.));
#14469=CARTESIAN_POINT('',(35.7901372798229,32.2267592717231,-3.));
#14470=CARTESIAN_POINT('Origin',(38.290137279823,32.2267592717231,-3.));
#14471=CARTESIAN_POINT('Origin',(38.290137279823,32.2267592717231,3.));
#14472=CARTESIAN_POINT('Origin',(38.290137279823,32.2267592717231,-3.));
#14473=CARTESIAN_POINT('Origin',(-24.2098627201777,22.2267592717232,-3.));
#14474=CARTESIAN_POINT('',(-29.209862720177,22.2267592717232,3.));
#14475=CARTESIAN_POINT('',(-24.2098627201777,22.2267592717232,3.));
#14476=CARTESIAN_POINT('',(-12.2098627201774,22.2267592717232,3.));
#14477=CARTESIAN_POINT('',(-29.209862720177,22.2267592717232,-3.));
#14478=CARTESIAN_POINT('',(-29.209862720177,22.2267592717232,-3.));
#14479=CARTESIAN_POINT('',(-24.2098627201777,22.2267592717232,-3.));
#14480=CARTESIAN_POINT('',(-12.2098627201774,22.2267592717232,-3.));
#14481=CARTESIAN_POINT('',(-24.2098627201777,22.2267592717232,-3.));
#14482=CARTESIAN_POINT('Origin',(-24.2098627201776,19.7267592717232,-3.));
#14483=CARTESIAN_POINT('',(-21.7098627201776,19.7267592717233,3.));
#14484=CARTESIAN_POINT('Origin',(-24.2098627201776,19.7267592717232,3.));
#14485=CARTESIAN_POINT('',(-21.7098627201776,19.7267592717233,-3.));
#14486=CARTESIAN_POINT('Origin',(-24.2098627201776,19.7267592717232,-3.));
#14487=CARTESIAN_POINT('',(-21.7098627201776,19.7267592717233,-3.));
#14488=CARTESIAN_POINT('Origin',(-21.7098627201776,14.7267592717226,-3.));
#14489=CARTESIAN_POINT('',(-21.7098627201776,14.7267592717226,3.));
#14490=CARTESIAN_POINT('',(-21.7098627201776,19.7267592717226,3.));
#14491=CARTESIAN_POINT('',(-21.7098627201776,14.7267592717226,-3.));
#14492=CARTESIAN_POINT('',(-21.7098627201776,19.7267592717226,-3.));
#14493=CARTESIAN_POINT('',(-21.7098627201776,14.7267592717226,-3.));
#14494=CARTESIAN_POINT('Origin',(-24.2098627201777,14.7267592717226,-3.));
#14495=CARTESIAN_POINT('',(-24.2098627201777,12.2267592717226,3.));
#14496=CARTESIAN_POINT('Origin',(-24.2098627201777,14.7267592717226,3.));
#14497=CARTESIAN_POINT('',(-24.2098627201777,12.2267592717226,-3.));
#14498=CARTESIAN_POINT('Origin',(-24.2098627201777,14.7267592717226,-3.));
#14499=CARTESIAN_POINT('',(-24.2098627201777,12.2267592717226,-3.));
#14500=CARTESIAN_POINT('Origin',(-29.2098627201771,12.2267592717226,-3.));
#14501=CARTESIAN_POINT('',(-29.2098627201771,12.2267592717226,3.));
#14502=CARTESIAN_POINT('',(-14.7098627201771,12.2267592717226,3.));
#14503=CARTESIAN_POINT('',(-29.2098627201771,12.2267592717226,-3.));
#14504=CARTESIAN_POINT('',(-14.7098627201771,12.2267592717226,-3.));
#14505=CARTESIAN_POINT('',(-29.2098627201771,12.2267592717226,-3.));
#14506=CARTESIAN_POINT('Origin',(-29.2098627201771,14.7267592717226,-3.));
#14507=CARTESIAN_POINT('',(-31.7098627201771,14.7267592717226,3.));
#14508=CARTESIAN_POINT('Origin',(-29.2098627201771,14.7267592717226,3.));
#14509=CARTESIAN_POINT('',(-31.7098627201771,14.7267592717226,-3.));
#14510=CARTESIAN_POINT('Origin',(-29.2098627201771,14.7267592717226,-3.));
#14511=CARTESIAN_POINT('',(-31.7098627201771,14.7267592717226,-3.));
#14512=CARTESIAN_POINT('Origin',(-31.7098627201771,19.7267592717231,-3.));
#14513=CARTESIAN_POINT('',(-31.7098627201771,19.7267592717231,3.));
#14514=CARTESIAN_POINT('',(-31.7098627201771,22.2267592717229,3.));
#14515=CARTESIAN_POINT('',(-31.7098627201771,19.7267592717231,-3.));
#14516=CARTESIAN_POINT('',(-31.7098627201771,22.2267592717229,-3.));
#14517=CARTESIAN_POINT('',(-31.7098627201771,19.7267592717231,-3.));
#14518=CARTESIAN_POINT('Origin',(-29.209862720177,19.7267592717231,-3.));
#14519=CARTESIAN_POINT('Origin',(-29.209862720177,19.7267592717231,3.));
#14520=CARTESIAN_POINT('Origin',(-29.209862720177,19.7267592717231,-3.));
#14521=CARTESIAN_POINT('Origin',(-1.70986272017766,9.72675927172318,-3.));
#14522=CARTESIAN_POINT('',(-6.709862720177,9.72675927172318,3.));
#14523=CARTESIAN_POINT('',(-1.70986272017766,9.72675927172318,3.));
#14524=CARTESIAN_POINT('',(-0.959862720177389,9.72675927172318,3.));
#14525=CARTESIAN_POINT('',(-6.709862720177,9.72675927172318,-3.));
#14526=CARTESIAN_POINT('',(-6.709862720177,9.72675927172318,-3.));
#14527=CARTESIAN_POINT('',(-1.70986272017766,9.72675927172318,-3.));
#14528=CARTESIAN_POINT('',(-0.959862720177389,9.72675927172318,-3.));
#14529=CARTESIAN_POINT('',(-1.70986272017766,9.72675927172318,-3.));
#14530=CARTESIAN_POINT('Origin',(-1.70986272017765,7.22675927172318,-3.));
#14531=CARTESIAN_POINT('',(0.790137279822352,7.22675927172325,3.));
#14532=CARTESIAN_POINT('Origin',(-1.70986272017765,7.22675927172318,3.));
#14533=CARTESIAN_POINT('',(0.790137279822352,7.22675927172325,-3.));
#14534=CARTESIAN_POINT('Origin',(-1.70986272017765,7.22675927172318,-3.));
#14535=CARTESIAN_POINT('',(0.790137279822352,7.22675927172325,-3.));
#14536=CARTESIAN_POINT('Origin',(0.790137279822352,2.22675927172258,-3.));
#14537=CARTESIAN_POINT('',(0.790137279822352,2.22675927172258,3.));
#14538=CARTESIAN_POINT('',(0.790137279822392,13.4767592717226,3.));
#14539=CARTESIAN_POINT('',(0.790137279822352,2.22675927172258,-3.));
#14540=CARTESIAN_POINT('',(0.790137279822392,13.4767592717226,-3.));
#14541=CARTESIAN_POINT('',(0.790137279822352,2.22675927172258,-3.));
#14542=CARTESIAN_POINT('Origin',(-1.70986272017767,2.22675927172258,-3.));
#14543=CARTESIAN_POINT('',(-1.70986272017767,-0.27324072827744,3.));
#14544=CARTESIAN_POINT('Origin',(-1.70986272017767,2.22675927172258,3.));
#14545=CARTESIAN_POINT('',(-1.70986272017767,-0.27324072827744,-3.));
#14546=CARTESIAN_POINT('Origin',(-1.70986272017767,2.22675927172258,-3.));
#14547=CARTESIAN_POINT('',(-1.70986272017767,-0.27324072827744,-3.));
#14548=CARTESIAN_POINT('Origin',(-6.70986272017705,-0.273240728277448,-3.));
#14549=CARTESIAN_POINT('',(-6.70986272017705,-0.273240728277448,3.));
#14550=CARTESIAN_POINT('',(-3.45986272017704,-0.273240728277437,3.));
#14551=CARTESIAN_POINT('',(-6.70986272017705,-0.273240728277448,-3.));
#14552=CARTESIAN_POINT('',(-3.45986272017704,-0.273240728277437,-3.));
#14553=CARTESIAN_POINT('',(-6.70986272017705,-0.273240728277448,-3.));
#14554=CARTESIAN_POINT('Origin',(-6.70986272017705,2.22675927172258,-3.));
#14555=CARTESIAN_POINT('',(-9.20986272017708,2.2267592717226,3.));
#14556=CARTESIAN_POINT('Origin',(-6.70986272017705,2.22675927172258,3.));
#14557=CARTESIAN_POINT('',(-9.20986272017708,2.2267592717226,-3.));
#14558=CARTESIAN_POINT('Origin',(-6.70986272017705,2.22675927172258,-3.));
#14559=CARTESIAN_POINT('',(-9.20986272017708,2.2267592717226,-3.));
#14560=CARTESIAN_POINT('Origin',(-9.20986272017706,7.22675927172315,-3.));
#14561=CARTESIAN_POINT('',(-9.20986272017706,7.22675927172315,3.));
#14562=CARTESIAN_POINT('',(-9.20986272017705,15.9767592717229,3.));
#14563=CARTESIAN_POINT('',(-9.20986272017706,7.22675927172315,-3.));
#14564=CARTESIAN_POINT('',(-9.20986272017705,15.9767592717229,-3.));
#14565=CARTESIAN_POINT('',(-9.20986272017706,7.22675927172315,-3.));
#14566=CARTESIAN_POINT('Origin',(-6.70986272017699,7.22675927172315,-3.));
#14567=CARTESIAN_POINT('Origin',(-6.70986272017699,7.22675927172315,3.));
#14568=CARTESIAN_POINT('Origin',(-6.70986272017699,7.22675927172315,-3.));
#14569=CARTESIAN_POINT('Origin',(15.790137279823,-5.27324072827685,-3.));
#14570=CARTESIAN_POINT('',(13.2901372798229,-5.27324072827685,3.));
#14571=CARTESIAN_POINT('',(15.790137279823,-2.77324072827682,3.));
#14572=CARTESIAN_POINT('Origin',(15.790137279823,-5.27324072827685,3.));
#14573=CARTESIAN_POINT('',(13.2901372798229,-5.27324072827685,-3.));
#14574=CARTESIAN_POINT('',(13.2901372798229,-5.27324072827685,-3.));
#14575=CARTESIAN_POINT('',(15.790137279823,-2.77324072827682,-3.));
#14576=CARTESIAN_POINT('Origin',(15.790137279823,-5.27324072827685,-3.));
#14577=CARTESIAN_POINT('',(15.790137279823,-2.77324072827682,-3.));
#14578=CARTESIAN_POINT('Origin',(20.7901372798223,-2.77324072827682,-3.));
#14579=CARTESIAN_POINT('',(20.7901372798223,-2.77324072827682,3.));
#14580=CARTESIAN_POINT('',(10.2901372798226,-2.77324072827682,3.));
#14581=CARTESIAN_POINT('',(20.7901372798223,-2.77324072827682,-3.));
#14582=CARTESIAN_POINT('',(10.2901372798226,-2.77324072827682,-3.));
#14583=CARTESIAN_POINT('',(20.7901372798223,-2.77324072827682,-3.));
#14584=CARTESIAN_POINT('Origin',(20.7901372798224,-5.27324072827682,-3.));
#14585=CARTESIAN_POINT('',(23.2901372798224,-5.27324072827675,3.));
#14586=CARTESIAN_POINT('Origin',(20.7901372798224,-5.27324072827682,3.));
#14587=CARTESIAN_POINT('',(23.2901372798224,-5.27324072827675,-3.));
#14588=CARTESIAN_POINT('Origin',(20.7901372798224,-5.27324072827682,-3.));
#14589=CARTESIAN_POINT('',(23.2901372798224,-5.27324072827675,-3.));
#14590=CARTESIAN_POINT('Origin',(23.2901372798224,-10.2732407282774,-3.));
#14591=CARTESIAN_POINT('',(23.2901372798224,-9.42640687119289,3.));
#14592=CARTESIAN_POINT('',(23.2901372798224,7.22675927172254,3.));
#14593=CARTESIAN_POINT('',(23.2901372798224,-10.2732407282774,-3.));
#14594=CARTESIAN_POINT('',(23.2901372798224,7.22675927172254,-3.));
#14595=CARTESIAN_POINT('',(23.2901372798224,-10.2732407282774,5.0444377828502));
#14596=CARTESIAN_POINT('',(23.2901372798224,-10.2732407282774,-3.));
#14597=CARTESIAN_POINT('',(23.2901372798223,-10.6244538140644,5.89234117784001));
#14598=CARTESIAN_POINT('Origin',(15.7901372798229,-12.7732407282774,-3.));
#14599=CARTESIAN_POINT('',(15.7901372798229,-12.7732407282774,-3.));
#14600=CARTESIAN_POINT('',(20.7901372798223,-12.7732407282774,-3.));
#14601=CARTESIAN_POINT('',(7.79013727982298,-12.7732407282775,-3.));
#14602=CARTESIAN_POINT('',(15.7901372798229,-12.7732407282774,7.));
#14603=CARTESIAN_POINT('',(15.7901372798229,-12.7732407282774,-3.));
#14604=CARTESIAN_POINT('',(20.7901372798223,-12.7732407282774,7.));
#14605=CARTESIAN_POINT('',(15.7901372798229,-12.7732407282774,7.));
#14606=CARTESIAN_POINT('',(20.7901372798223,-12.7732407282774,-3.));
#14607=CARTESIAN_POINT('Origin',(15.7901372798229,-10.2732407282774,-3.));
#14608=CARTESIAN_POINT('',(13.4250015619658,-11.0832611206853,7.));
#14609=CARTESIAN_POINT('',(13.2901372798229,-10.2732407282774,5.04443778285013));
#14610=CARTESIAN_POINT('Origin',(15.7901372798229,-10.2732407282774,5.0444377828502));
#14611=CARTESIAN_POINT('Origin',(15.7901372798229,-10.2732407282774,7.));
#14612=CARTESIAN_POINT('',(13.2901372798229,-10.2732407282774,-3.));
#14613=CARTESIAN_POINT('Origin',(15.7901372798229,-10.2732407282774,-3.));
#14614=CARTESIAN_POINT('',(13.2901372798229,-10.2732407282774,-3.));
#14615=CARTESIAN_POINT('Origin',(13.2901372798229,-5.27324072827685,-3.));
#14616=CARTESIAN_POINT('',(13.2901372798229,-9.42640687119289,3.));
#14617=CARTESIAN_POINT('',(13.290137279823,9.72675927172286,3.));
#14618=CARTESIAN_POINT('',(13.2901372798229,-10.2583372905475,5.00845770135671));
#14619=CARTESIAN_POINT('',(13.290137279823,9.72675927172286,-3.));
#14620=CARTESIAN_POINT('Origin',(20.7901372798223,-10.2732407282774,-3.));
#14621=CARTESIAN_POINT('',(23.1552729976795,-11.0832611206853,7.));
#14622=CARTESIAN_POINT('Origin',(20.7901372798223,-10.2732407282774,5.0444377828502));
#14623=CARTESIAN_POINT('Origin',(20.7901372798223,-10.2732407282774,-3.));
#14624=CARTESIAN_POINT('Origin',(20.7901372798223,-10.2732407282774,7.));
#14625=CARTESIAN_POINT('Origin',(18.2901372798226,-7.77324072827712,7.));
#14626=CARTESIAN_POINT('',(9.05381229347685,-11.0832611206853,7.));
#14627=CARTESIAN_POINT('Origin',(-51.7098627201771,-25.2732407282775,-3.));
#14628=CARTESIAN_POINT('',(-51.7098627201771,-25.2732407282775,-3.));
#14629=CARTESIAN_POINT('',(-46.7098627201777,-25.2732407282774,-3.));
#14630=CARTESIAN_POINT('',(-25.959862720177,-25.2732407282774,-3.));
#14631=CARTESIAN_POINT('',(-51.7098627201771,-25.2732407282775,7.));
#14632=CARTESIAN_POINT('',(-51.7098627201771,-25.2732407282775,-3.));
#14633=CARTESIAN_POINT('',(-46.7098627201777,-25.2732407282774,7.));
#14634=CARTESIAN_POINT('',(-51.7098627201771,-25.2732407282775,7.));
#14635=CARTESIAN_POINT('',(-46.7098627201777,-25.2732407282774,-3.));
#14636=CARTESIAN_POINT('Origin',(-51.7098627201771,-22.7732407282774,-3.));
#14637=CARTESIAN_POINT('',(-54.2098627201771,-22.7732407282774,-3.));
#14638=CARTESIAN_POINT('Origin',(-51.7098627201771,-22.7732407282774,-3.));
#14639=CARTESIAN_POINT('',(-54.2098627201771,-22.7732407282774,7.));
#14640=CARTESIAN_POINT('',(-54.2098627201771,-22.7732407282774,-3.));
#14641=CARTESIAN_POINT('Origin',(-51.7098627201771,-22.7732407282774,7.));
#14642=CARTESIAN_POINT('Origin',(-54.2098627201771,-17.7732407282769,-3.));
#14643=CARTESIAN_POINT('',(-54.2098627201771,-17.7732407282769,-3.));
#14644=CARTESIAN_POINT('',(-54.209862720177,3.47675927172291,-3.));
#14645=CARTESIAN_POINT('',(-54.2098627201771,-17.7732407282769,7.));
#14646=CARTESIAN_POINT('',(-54.2098627201771,-17.7732407282769,-3.));
#14647=CARTESIAN_POINT('',(-54.2098627201771,-17.7732407282769,7.));
#14648=CARTESIAN_POINT('Origin',(-51.709862720177,-17.7732407282769,-3.));
#14649=CARTESIAN_POINT('',(-51.709862720177,-15.2732407282768,-3.));
#14650=CARTESIAN_POINT('Origin',(-51.709862720177,-17.7732407282769,-3.));
#14651=CARTESIAN_POINT('',(-51.709862720177,-15.2732407282768,7.));
#14652=CARTESIAN_POINT('',(-51.709862720177,-15.2732407282768,-3.));
#14653=CARTESIAN_POINT('Origin',(-51.709862720177,-17.7732407282769,7.));
#14654=CARTESIAN_POINT('Origin',(-46.7098627201777,-15.2732407282768,-3.));
#14655=CARTESIAN_POINT('',(-46.7098627201777,-15.2732407282768,-3.));
#14656=CARTESIAN_POINT('',(-23.4598627201774,-15.2732407282768,-3.));
#14657=CARTESIAN_POINT('',(-46.7098627201777,-15.2732407282768,7.));
#14658=CARTESIAN_POINT('',(-46.7098627201777,-15.2732407282768,-3.));
#14659=CARTESIAN_POINT('',(-46.7098627201777,-15.2732407282768,7.));
#14660=CARTESIAN_POINT('Origin',(-46.7098627201776,-17.7732407282768,-3.));
#14661=CARTESIAN_POINT('',(-44.2098627201776,-17.7732407282767,-3.));
#14662=CARTESIAN_POINT('Origin',(-46.7098627201776,-17.7732407282768,-3.));
#14663=CARTESIAN_POINT('',(-44.2098627201776,-17.7732407282767,7.));
#14664=CARTESIAN_POINT('',(-44.2098627201776,-17.7732407282767,-3.));
#14665=CARTESIAN_POINT('Origin',(-46.7098627201776,-17.7732407282768,7.));
#14666=CARTESIAN_POINT('Origin',(-44.2098627201776,-22.7732407282774,-3.));
#14667=CARTESIAN_POINT('',(-44.2098627201776,-22.7732407282774,-3.));
#14668=CARTESIAN_POINT('',(-44.2098627201776,0.976759271722659,-3.));
#14669=CARTESIAN_POINT('',(-44.2098627201776,-22.7732407282774,7.));
#14670=CARTESIAN_POINT('',(-44.2098627201776,-22.7732407282774,-3.));
#14671=CARTESIAN_POINT('',(-44.2098627201776,-22.7732407282774,7.));
#14672=CARTESIAN_POINT('Origin',(-46.7098627201777,-22.7732407282774,-3.));
#14673=CARTESIAN_POINT('Origin',(-46.7098627201777,-22.7732407282774,-3.));
#14674=CARTESIAN_POINT('Origin',(-46.7098627201777,-22.7732407282774,7.));
#14675=CARTESIAN_POINT('Origin',(-49.2098627201774,-20.2732407282771,7.));
#14676=CARTESIAN_POINT('Origin',(38.2901372798229,-25.2732407282775,-3.));
#14677=CARTESIAN_POINT('',(38.2901372798229,-25.2732407282775,-3.));
#14678=CARTESIAN_POINT('',(43.2901372798223,-25.2732407282774,-3.));
#14679=CARTESIAN_POINT('',(19.040137279823,-25.2732407282775,-3.));
#14680=CARTESIAN_POINT('',(38.2901372798229,-25.2732407282775,7.));
#14681=CARTESIAN_POINT('',(38.2901372798229,-25.2732407282775,-3.));
#14682=CARTESIAN_POINT('',(43.2901372798223,-25.2732407282774,7.));
#14683=CARTESIAN_POINT('',(38.2901372798229,-25.2732407282775,7.));
#14684=CARTESIAN_POINT('',(43.2901372798223,-25.2732407282774,-3.));
#14685=CARTESIAN_POINT('Origin',(38.2901372798229,-22.7732407282774,-3.));
#14686=CARTESIAN_POINT('',(35.7901372798229,-22.7732407282774,-3.));
#14687=CARTESIAN_POINT('Origin',(38.2901372798229,-22.7732407282774,-3.));
#14688=CARTESIAN_POINT('',(35.7901372798229,-22.7732407282774,7.));
#14689=CARTESIAN_POINT('',(35.7901372798229,-22.7732407282774,-3.));
#14690=CARTESIAN_POINT('Origin',(38.2901372798229,-22.7732407282774,7.));
#14691=CARTESIAN_POINT('Origin',(35.7901372798229,-17.7732407282769,-3.));
#14692=CARTESIAN_POINT('',(35.7901372798229,-17.7732407282769,-3.));
#14693=CARTESIAN_POINT('',(35.790137279823,3.47675927172285,-3.));
#14694=CARTESIAN_POINT('',(35.7901372798229,-17.7732407282769,7.));
#14695=CARTESIAN_POINT('',(35.7901372798229,-17.7732407282769,-3.));
#14696=CARTESIAN_POINT('',(35.7901372798229,-17.7732407282769,7.));
#14697=CARTESIAN_POINT('Origin',(38.290137279823,-17.7732407282769,-3.));
#14698=CARTESIAN_POINT('',(38.290137279823,-15.2732407282768,-3.));
#14699=CARTESIAN_POINT('Origin',(38.290137279823,-17.7732407282769,-3.));
#14700=CARTESIAN_POINT('',(38.290137279823,-15.2732407282768,7.));
#14701=CARTESIAN_POINT('',(38.290137279823,-15.2732407282768,-3.));
#14702=CARTESIAN_POINT('Origin',(38.290137279823,-17.7732407282769,7.));
#14703=CARTESIAN_POINT('Origin',(43.2901372798223,-15.2732407282768,-3.));
#14704=CARTESIAN_POINT('',(43.2901372798223,-15.2732407282768,-3.));
#14705=CARTESIAN_POINT('',(21.5401372798226,-15.2732407282768,-3.));
#14706=CARTESIAN_POINT('',(43.2901372798223,-15.2732407282768,7.));
#14707=CARTESIAN_POINT('',(43.2901372798223,-15.2732407282768,-3.));
#14708=CARTESIAN_POINT('',(43.2901372798223,-15.2732407282768,7.));
#14709=CARTESIAN_POINT('Origin',(43.2901372798224,-17.7732407282768,-3.));
#14710=CARTESIAN_POINT('',(45.7901372798224,-17.7732407282767,-3.));
#14711=CARTESIAN_POINT('Origin',(43.2901372798224,-17.7732407282768,-3.));
#14712=CARTESIAN_POINT('',(45.7901372798224,-17.7732407282767,7.));
#14713=CARTESIAN_POINT('',(45.7901372798224,-17.7732407282767,-3.));
#14714=CARTESIAN_POINT('Origin',(43.2901372798224,-17.7732407282768,7.));
#14715=CARTESIAN_POINT('Origin',(45.7901372798224,-22.7732407282774,-3.));
#14716=CARTESIAN_POINT('',(45.7901372798224,-22.7732407282774,-3.));
#14717=CARTESIAN_POINT('',(45.7901372798224,0.976759271722499,-3.));
#14718=CARTESIAN_POINT('',(45.7901372798224,-22.7732407282774,7.));
#14719=CARTESIAN_POINT('',(45.7901372798224,-22.7732407282774,-3.));
#14720=CARTESIAN_POINT('',(45.7901372798224,-22.7732407282774,7.));
#14721=CARTESIAN_POINT('Origin',(43.2901372798223,-22.7732407282774,-3.));
#14722=CARTESIAN_POINT('Origin',(43.2901372798223,-22.7732407282774,-3.));
#14723=CARTESIAN_POINT('Origin',(43.2901372798223,-22.7732407282774,7.));
#14724=CARTESIAN_POINT('Origin',(40.7901372798226,-20.2732407282771,7.));
#14725=CARTESIAN_POINT('Origin',(-0.209862720177121,24.7267592717226,3.));
#14726=CARTESIAN_POINT('',(-0.182512692868939,-9.42640687119289,3.));
#14727=CARTESIAN_POINT('',(-0.182512692868939,-9.42640687119289,3.));
#14728=CARTESIAN_POINT('',(-0.182512692868939,-9.42640687119289,3.));
#14729=CARTESIAN_POINT('',(59.0952337255626,-9.42640687119289,3.));
#14730=CARTESIAN_POINT('',(-0.182512692868939,-9.42640687119289,3.));
#14731=CARTESIAN_POINT('',(60.7901372798229,-18.9051334812887,3.));
#14732=CARTESIAN_POINT('Origin',(40.8448373344393,-20.9955928033897,3.));
#14733=CARTESIAN_POINT('',(60.7901372798229,79.7267592717226,3.));
#14734=CARTESIAN_POINT('',(60.7901372798229,79.7267592717226,3.));
#14735=CARTESIAN_POINT('',(40.7901372798229,99.7267592717226,3.));
#14736=CARTESIAN_POINT('Origin',(40.7901372798229,79.7267592717226,3.));
#14737=CARTESIAN_POINT('',(-41.2098627201771,99.7267592717226,3.));
#14738=CARTESIAN_POINT('',(-41.2098627201771,99.7267592717226,3.));
#14739=CARTESIAN_POINT('',(-61.2098627201771,79.7267592717226,3.));
#14740=CARTESIAN_POINT('Origin',(-41.2098627201772,79.7267592717226,3.));
#14741=CARTESIAN_POINT('',(-61.2098627201771,-30.2732407282774,3.));
#14742=CARTESIAN_POINT('',(-61.2098627201771,-30.2732407282774,3.));
#14743=CARTESIAN_POINT('',(-41.2098627201771,-50.2732407282774,3.));
#14744=CARTESIAN_POINT('Origin',(-41.2098627201771,-30.2732407282774,3.));
#14745=CARTESIAN_POINT('',(40.7901372798229,-50.2732407282774,3.));
#14746=CARTESIAN_POINT('',(40.7901372798229,-50.2732407282774,3.));
#14747=CARTESIAN_POINT('',(46.8725796994988,-49.3259018078045,3.));
#14748=CARTESIAN_POINT('Origin',(40.7901372798229,-30.2732407282774,3.));
#14749=CARTESIAN_POINT('',(34.707694860147,-49.3259018078045,3.));
#14750=CARTESIAN_POINT('',(-0.182512692868939,-49.3259018078045,3.00000000000001));
#14751=CARTESIAN_POINT('',(34.5653264494619,-49.2798640508516,3.));
#14752=CARTESIAN_POINT('Origin',(40.7901372798229,-30.2732407282774,3.));
#14753=CARTESIAN_POINT('',(-41.1551626655608,-49.2798640508516,3.));
#14754=CARTESIAN_POINT('',(20.3174873071311,-49.2798640508516,3.));
#14755=CARTESIAN_POINT('',(-61.1551626655608,-20.9955928033898,3.));
#14756=CARTESIAN_POINT('Origin',(-41.1551626655608,-20.9955928033898,3.));
#14757=CARTESIAN_POINT('',(-61.1551626655608,-9.42640687119289,3.));
#14758=CARTESIAN_POINT('',(-61.1551626655608,-6.2776541887171,3.));
#14759=CARTESIAN_POINT('',(-0.182512692868939,-9.42640687119289,3.));
#14760=CARTESIAN_POINT('',(-0.182512692868939,-9.42640687119289,3.));
#14761=CARTESIAN_POINT('Origin',(40.8448373344393,-37.2820676491568,19.2864748457671));
#14762=CARTESIAN_POINT('',(60.7901372798229,-29.1657701762408,13.2606366949521));
#14763=CARTESIAN_POINT('',(60.7901372798229,-36.2368379881063,20.3317045068176));
#14764=CARTESIAN_POINT('',(51.4328382320099,-18.2132034355965,24.2132034355964));
#14765=CARTESIAN_POINT('Origin',(40.8448373344393,-1.24575704572851,-16.7498357576612));
#14766=CARTESIAN_POINT('Origin',(40.8448373344393,-30.2109998372913,12.2154070339016));
#14767=CARTESIAN_POINT('Origin',(40.7901372798229,-30.2732407282774,0.));
#14768=CARTESIAN_POINT('',(34.6360558942714,-49.3028829293281,3.02301887847644));
#14769=CARTESIAN_POINT('Origin',(40.7901372798229,-30.2732407282774,22.0526610795271));
#14770=CARTESIAN_POINT('Origin',(40.7901372798229,-30.2732407282774,-16.0066233225742));
#14771=CARTESIAN_POINT('Origin',(-0.182512692868939,-13.8198051533947,13.6066017177982));
#14772=CARTESIAN_POINT('',(-61.1551626655608,-18.2132034355965,24.2132034355964));
#14773=CARTESIAN_POINT('',(-61.1551626655608,-16.5418587504187,20.17822042924));
#14774=CARTESIAN_POINT('',(-0.182512692868939,-18.2132034355965,24.2132034355964));
#14775=CARTESIAN_POINT('Origin',(-41.1551626655608,-47.888669366955,1.60880531610334));
#14776=CARTESIAN_POINT('',(-41.1551626655608,-49.3028829293281,3.02301887847643));
#14777=CARTESIAN_POINT('',(-41.1551626655608,-49.3028829293281,3.02301887847642));
#14778=CARTESIAN_POINT('',(-41.1551626655608,-47.888669366955,1.60880531610334));
#14779=CARTESIAN_POINT('Origin',(40.8448373344393,-37.2820676491568,19.2864748457671));
#14780=CARTESIAN_POINT('',(51.6843808164683,-47.0457020194613,5.28019978834325));
#14781=CARTESIAN_POINT('',(60.744209859932,-31.6278578209408,10.798549050252));
#14782=CARTESIAN_POINT('Ctrl Pts',(51.6843808164683,-47.0457020194613,5.28019978834331));
#14783=CARTESIAN_POINT('Ctrl Pts',(52.0891223228211,-46.7828096232263,5.38644747406226));
#14784=CARTESIAN_POINT('Ctrl Pts',(52.4856195093041,-46.50435044077,5.49901130129788));
#14785=CARTESIAN_POINT('Ctrl Pts',(54.2609768611591,-45.1588192610557,6.04283579756893));
#14786=CARTESIAN_POINT('Ctrl Pts',(55.4932190052787,-43.9231578985406,6.54209342938085));
#14787=CARTESIAN_POINT('Ctrl Pts',(57.3214844315681,-41.6124661219151,7.46985667214865));
#14788=CARTESIAN_POINT('Ctrl Pts',(58.1223944996027,-40.3606136102567,7.97096844063882));
#14789=CARTESIAN_POINT('Ctrl Pts',(59.4113462670918,-37.7172188409763,9.00779416099596));
#14790=CARTESIAN_POINT('Ctrl Pts',(59.8999261003807,-36.3275092797915,9.54750685822065));
#14791=CARTESIAN_POINT('Ctrl Pts',(60.3266701211026,-34.5770457518685,10.1565235431895));
#14792=CARTESIAN_POINT('Ctrl Pts',(60.4276475943184,-34.0959742351459,10.3178450464053));
#14793=CARTESIAN_POINT('Ctrl Pts',(60.5927356565402,-33.1196770666989,10.601732251461));
#14794=CARTESIAN_POINT('Ctrl Pts',(60.6569002760411,-32.6249700212471,10.7260471029202));
#14795=CARTESIAN_POINT('Ctrl Pts',(60.7171271979503,-31.9891233233491,10.7965937990165));
#14796=CARTESIAN_POINT('Ctrl Pts',(60.7319343146247,-31.808681703461,10.8069663459134));
#14797=CARTESIAN_POINT('Ctrl Pts',(60.744209859932,-31.6278578209408,10.7985490502522));
#14798=CARTESIAN_POINT('',(60.8448373344392,-30.2109998372913,12.2154070339016));
#14799=CARTESIAN_POINT('Origin',(40.8448373344393,-30.2109998372913,12.2154070339016));
#14800=CARTESIAN_POINT('',(60.8448373344393,-35.1607473055971,17.1651545022074));
#14801=CARTESIAN_POINT('',(60.8448373344392,-37.2820676491568,19.2864748457671));
#14802=CARTESIAN_POINT('Origin',(40.8448373344393,-35.1607473055971,17.1651545022074));
#14803=CARTESIAN_POINT('Origin',(-0.155162665560757,22.8220087516998,65.2484156228927));
#14804=CARTESIAN_POINT('',(60.7901372798229,-30.2732407282774,12.1531661429154));
#14805=CARTESIAN_POINT('Origin',(40.7901372798229,-30.2732407282774,12.1531661429154));
#14806=CARTESIAN_POINT('',(60.7901372798229,-6.76390752401768,35.6624993471752));
#14807=CARTESIAN_POINT('',(-61.1551626655608,75.8550173406909,118.281424211884));
#14808=CARTESIAN_POINT('',(-61.1551626655608,-30.2109998372913,12.2154070339016));
#14809=CARTESIAN_POINT('',(-41.1551626655608,89.9971529644218,132.423559835615));
#14810=CARTESIAN_POINT('Origin',(-41.1551626655608,75.8550173406909,118.281424211884));
#14811=CARTESIAN_POINT('',(40.8448373344393,89.9971529644218,132.423559835615));
#14812=CARTESIAN_POINT('',(-41.1551626655608,89.9971529644218,132.423559835615));
#14813=CARTESIAN_POINT('',(60.8448373344392,75.8550173406909,118.281424211884));
#14814=CARTESIAN_POINT('Origin',(40.8448373344393,75.8550173406909,118.281424211884));
#14815=CARTESIAN_POINT('',(60.8448373344392,75.8550173406909,118.281424211884));
#14816=CARTESIAN_POINT('Origin',(-33.6655342152211,-46.5031300482876,8.50753724489779));
#14817=CARTESIAN_POINT('',(-33.6655342152211,-46.5031300482876,8.50753724489779));
#14818=CARTESIAN_POINT('',(34.728816653871,-46.5031300482876,8.50753724489779));
#14819=CARTESIAN_POINT('',(5.00905453423484,-46.5031300482876,8.5075372448978));
#14820=CARTESIAN_POINT('',(-33.6655342152211,-50.0386639542203,4.97200333896505));
#14821=CARTESIAN_POINT('',(-33.6655342152211,-46.5031300482876,8.50753724489779));
#14822=CARTESIAN_POINT('',(34.728816653871,-50.0386639542203,4.97200333896505));
#14823=CARTESIAN_POINT('',(-38.6909454657652,-50.0386639542203,4.97200333896506));
#14824=CARTESIAN_POINT('',(34.728816653871,-46.5031300482876,8.50753724489779));
#14825=CARTESIAN_POINT('Origin',(-33.6655342152211,-47.634500898186,9.63890809479627));
#14826=CARTESIAN_POINT('',(-35.2655342152211,-47.634500898186,9.63890809479627));
#14827=CARTESIAN_POINT('Origin',(-33.6655342152211,-47.634500898186,9.63890809479627));
#14828=CARTESIAN_POINT('',(-35.2655342152211,-51.1700348041188,6.10337418886353));
#14829=CARTESIAN_POINT('',(-35.2655342152211,-47.634500898186,9.63890809479627));
#14830=CARTESIAN_POINT('Origin',(-33.6655342152211,-51.1700348041188,6.10337418886353));
#14831=CARTESIAN_POINT('Origin',(-35.2655342152211,-49.632266460276,11.6366736568862));
#14832=CARTESIAN_POINT('',(-35.2655342152211,-49.632266460276,11.6366736568862));
#14833=CARTESIAN_POINT('',(-35.2655342152211,-47.3965068829366,9.40091407954682));
#14834=CARTESIAN_POINT('',(-35.2655342152211,-53.1678003662087,8.10113975095345));
#14835=CARTESIAN_POINT('',(-35.2655342152211,-49.632266460276,11.6366736568862));
#14836=CARTESIAN_POINT('',(-35.2655342152211,-50.9320407888693,5.86538017361403));
#14837=CARTESIAN_POINT('Origin',(-33.6655342152211,-49.632266460276,11.6366736568862));
#14838=CARTESIAN_POINT('',(-33.6655342152211,-50.7636373101744,12.7680445067847));
#14839=CARTESIAN_POINT('Origin',(-33.6655342152211,-49.632266460276,11.6366736568862));
#14840=CARTESIAN_POINT('',(-33.6655342152211,-54.2991712161072,9.23251060085192));
#14841=CARTESIAN_POINT('',(-33.6655342152211,-50.7636373101744,12.7680445067847));
#14842=CARTESIAN_POINT('Origin',(-33.6655342152211,-53.1678003662087,8.10113975095345));
#14843=CARTESIAN_POINT('Origin',(34.728816653871,-50.7636373101744,12.7680445067847));
#14844=CARTESIAN_POINT('',(34.728816653871,-50.7636373101744,12.7680445067847));
#14845=CARTESIAN_POINT('',(39.2062299687809,-50.7636373101744,12.7680445067847));
#14846=CARTESIAN_POINT('',(34.728816653871,-54.2991712161072,9.23251060085192));
#14847=CARTESIAN_POINT('',(34.728816653871,-50.7636373101744,12.7680445067847));
#14848=CARTESIAN_POINT('',(-4.4937700312191,-54.2991712161072,9.23251060085193));
#14849=CARTESIAN_POINT('Origin',(34.728816653871,-49.632266460276,11.6366736568862));
#14850=CARTESIAN_POINT('',(36.328816653871,-49.632266460276,11.6366736568862));
#14851=CARTESIAN_POINT('Origin',(34.728816653871,-49.632266460276,11.6366736568862));
#14852=CARTESIAN_POINT('',(36.328816653871,-53.1678003662087,8.10113975095345));
#14853=CARTESIAN_POINT('',(36.328816653871,-49.632266460276,11.6366736568862));
#14854=CARTESIAN_POINT('Origin',(34.728816653871,-53.1678003662087,8.10113975095345));
#14855=CARTESIAN_POINT('Origin',(36.328816653871,-47.634500898186,9.63890809479627));
#14856=CARTESIAN_POINT('',(36.328816653871,-47.634500898186,9.63890809479627));
#14857=CARTESIAN_POINT('',(36.328816653871,-46.3976241018916,8.40203129850182));
#14858=CARTESIAN_POINT('',(36.328816653871,-51.1700348041188,6.10337418886353));
#14859=CARTESIAN_POINT('',(36.328816653871,-47.634500898186,9.63890809479627));
#14860=CARTESIAN_POINT('',(36.328816653871,-49.9331580078243,4.86649739256908));
#14861=CARTESIAN_POINT('Origin',(34.728816653871,-47.634500898186,9.63890809479627));
#14862=CARTESIAN_POINT('Origin',(34.728816653871,-47.634500898186,9.63890809479627));
#14863=CARTESIAN_POINT('Origin',(34.728816653871,-51.1700348041188,6.10337418886353));
#14864=CARTESIAN_POINT('Origin',(-43.7163567163092,-48.6962812115299,3.62962059627464));
#14865=CARTESIAN_POINT('',(43.6836432836908,-48.6962812115299,3.62962059627464));
#14866=CARTESIAN_POINT('',(-43.7163567163092,-48.6962812115299,3.62962059627463));
#14867=CARTESIAN_POINT('',(-21.935759690935,-48.6962812115299,3.62962059627463));
#14868=CARTESIAN_POINT('',(43.6836432836908,-55.7673490233954,10.7006884081401));
#14869=CARTESIAN_POINT('',(43.6836432836908,-48.6962812115299,3.62962059627464));
#14870=CARTESIAN_POINT('',(-43.7163567163092,-55.7673490233954,10.7006884081401));
#14871=CARTESIAN_POINT('',(43.6836432836908,-55.7673490233954,10.7006884081401));
#14872=CARTESIAN_POINT('',(-43.7163567163092,-48.6962812115299,3.62962059627463));
#14873=CARTESIAN_POINT('Origin',(-43.7163567163092,-47.7770423959874,4.54885941181714));
#14874=CARTESIAN_POINT('',(-45.0163567163092,-47.7770423959874,4.54885941181715));
#14875=CARTESIAN_POINT('Origin',(-43.7163567163092,-47.7770423959874,4.54885941181711));
#14876=CARTESIAN_POINT('',(-45.0163567163092,-54.8481102078529,11.6199272236826));
#14877=CARTESIAN_POINT('Origin',(-43.7163567163092,-54.8481102078529,11.6199272236826));
#14878=CARTESIAN_POINT('',(-45.0163567163092,-47.7770423959874,4.54885941181715));
#14879=CARTESIAN_POINT('Origin',(-45.0163567163092,-46.0799861211397,6.24591568666486));
#14880=CARTESIAN_POINT('',(-45.0163567163092,-46.0799861211397,6.24591568666486));
#14881=CARTESIAN_POINT('',(-45.0163567163092,-14.1038624188729,38.2220393889317));
#14882=CARTESIAN_POINT('',(-45.0163567163092,-53.1510539330051,13.3169834985303));
#14883=CARTESIAN_POINT('',(-45.0163567163092,-54.8481102078529,11.6199272236826));
#14884=CARTESIAN_POINT('',(-45.0163567163092,-46.0799861211397,6.24591568666486));
#14885=CARTESIAN_POINT('Origin',(-43.7163567163092,-46.0799861211397,6.24591568666486));
#14886=CARTESIAN_POINT('',(-43.7163567163092,-45.1607473055971,7.16515450220737));
#14887=CARTESIAN_POINT('Origin',(-43.7163567163092,-46.0799861211396,6.24591568666485));
#14888=CARTESIAN_POINT('',(-43.7163567163092,-52.2318151174626,14.2362223140728));
#14889=CARTESIAN_POINT('Origin',(-43.7163567163092,-53.1510539330051,13.3169834985303));
#14890=CARTESIAN_POINT('',(-43.7163567163092,-45.1607473055971,7.16515450220737));
#14891=CARTESIAN_POINT('Origin',(43.6836432836908,-45.1607473055971,7.16515450220737));
#14892=CARTESIAN_POINT('',(43.6836432836908,-45.1607473055971,7.16515450220737));
#14893=CARTESIAN_POINT('',(21.764240309065,-45.1607473055971,7.16515450220737));
#14894=CARTESIAN_POINT('',(43.6836432836908,-52.2318151174626,14.2362223140728));
#14895=CARTESIAN_POINT('',(-43.7163567163092,-52.2318151174626,14.2362223140728));
#14896=CARTESIAN_POINT('',(43.6836432836908,-45.1607473055971,7.16515450220737));
#14897=CARTESIAN_POINT('Origin',(43.6836432836908,-46.0799861211397,6.24591568666486));
#14898=CARTESIAN_POINT('',(44.9836432836908,-46.0799861211397,6.24591568666486));
#14899=CARTESIAN_POINT('Origin',(43.6836432836908,-46.0799861211396,6.24591568666485));
#14900=CARTESIAN_POINT('',(44.9836432836908,-53.1510539330051,13.3169834985303));
#14901=CARTESIAN_POINT('Origin',(43.6836432836908,-53.1510539330051,13.3169834985303));
#14902=CARTESIAN_POINT('',(44.9836432836908,-46.0799861211397,6.24591568666486));
#14903=CARTESIAN_POINT('Origin',(44.9836432836908,-47.7770423959874,4.54885941181714));
#14904=CARTESIAN_POINT('',(44.9836432836908,-47.7770423959874,4.54885941181715));
#14905=CARTESIAN_POINT('',(44.9836432836908,-14.9523905562967,37.3735112515078));
#14906=CARTESIAN_POINT('',(44.9836432836908,-54.8481102078529,11.6199272236826));
#14907=CARTESIAN_POINT('',(44.9836432836908,-53.1510539330051,13.3169834985303));
#14908=CARTESIAN_POINT('',(44.9836432836908,-47.7770423959874,4.54885941181715));
#14909=CARTESIAN_POINT('Origin',(43.6836432836908,-47.7770423959874,4.54885941181714));
#14910=CARTESIAN_POINT('Origin',(43.6836432836908,-47.7770423959874,4.54885941181712));
#14911=CARTESIAN_POINT('Origin',(43.6836432836908,-54.8481102078529,11.6199272236826));
#14912=CARTESIAN_POINT('Origin',(-0.0163567163092004,-53.999582070429,12.4684553611065));
#14913=CARTESIAN_POINT('Origin',(-0.155162665560757,19.286474845767,68.7839495288254));
#14914=CARTESIAN_POINT('',(-59.5194352001973,20.1629189101513,69.6603935932096));
#14915=CARTESIAN_POINT('Origin',(0.480564799802695,20.1629189101513,69.6603935932096));
#14916=CARTESIAN_POINT('',(-56.5194352001973,20.1629189101513,69.6603935932096));
#14917=CARTESIAN_POINT('Origin',(0.480564799802694,20.1629189101513,69.6603935932096));
#14918=CARTESIAN_POINT('Origin',(0.480564799802694,20.1629189101513,69.6603935932096));
#14919=CARTESIAN_POINT('',(-56.5194352001973,18.7487053477782,71.0746071555827));
#14920=CARTESIAN_POINT('Origin',(0.480564799802694,18.7487053477782,71.0746071555827));
#14921=CARTESIAN_POINT('',(-56.5194352001973,20.1629189101513,69.6603935932096));
#14922=CARTESIAN_POINT('Origin',(-0.155162665560757,17.872261283394,70.1981630911985));
#14923=CARTESIAN_POINT('',(60.8448373344392,70.9052698723851,123.23117168019));
#14924=CARTESIAN_POINT('',(60.8448373344393,-35.1607473055971,17.1651545022074));
#14925=CARTESIAN_POINT('',(40.8448373344393,85.047405496116,137.373307303921));
#14926=CARTESIAN_POINT('Origin',(40.8448373344393,70.9052698723851,123.23117168019));
#14927=CARTESIAN_POINT('',(-41.1551626655608,85.047405496116,137.37330730392));
#14928=CARTESIAN_POINT('',(40.8448373344393,85.047405496116,137.373307303921));
#14929=CARTESIAN_POINT('',(-61.1551626655608,70.9052698723851,123.23117168019));
#14930=CARTESIAN_POINT('Origin',(-41.1551626655608,70.9052698723851,123.23117168019));
#14931=CARTESIAN_POINT('',(-61.1551626655608,-35.1607473055972,17.1651545022073));
#14932=CARTESIAN_POINT('',(-61.1551626655608,70.9052698723851,123.23117168019));
#14933=CARTESIAN_POINT('Origin',(-41.1551626655608,-35.1607473055972,17.1651545022074));
#14934=CARTESIAN_POINT('Origin',(40.7901372798229,-30.2732407282774,22.0526610795271));
#14935=CARTESIAN_POINT('Origin',(0.480564799802695,20.1629189101513,69.6603935932096));
#14936=CARTESIAN_POINT('',(-59.5194352001973,22.9913460348975,66.8319664684634));
#14937=CARTESIAN_POINT('',(-59.5194352001973,20.1629189101513,69.6603935932096));
#14938=CARTESIAN_POINT('Origin',(0.480564799802695,22.9913460348975,66.8319664684634));
#14939=CARTESIAN_POINT('Origin',(0.480564799802696,22.9913460348975,66.8319664684634));
#14940=CARTESIAN_POINT('Origin',(50.9229156230921,-42.4264068711929,0.));
#14941=CARTESIAN_POINT('',(50.9229156230921,-42.4264068711929,0.));
#14942=CARTESIAN_POINT('',(-51.2332409542136,-42.4264068711929,0.));
#14943=CARTESIAN_POINT('',(-0.182512692868939,-42.4264068711929,0.));
#14944=CARTESIAN_POINT('',(-51.2332409542136,-42.4264068711929,-3.));
#14945=CARTESIAN_POINT('',(-51.2332409542136,-42.4264068711929,0.));
#14946=CARTESIAN_POINT('',(50.9229156230921,-42.4264068711929,-3.));
#14947=CARTESIAN_POINT('',(-0.182512692868939,-42.4264068711929,-3.));
#14948=CARTESIAN_POINT('',(50.9229156230921,-42.4264068711929,0.));
#14949=CARTESIAN_POINT('Ctrl Pts',(50.9229156230921,-42.4264068711929,0.));
#14950=CARTESIAN_POINT('Ctrl Pts',(46.2522287531319,-46.2798640508516,0.));
#14951=CARTESIAN_POINT('Ctrl Pts',(40.8448373344393,-46.2798640508516,0.));
#14952=CARTESIAN_POINT('Ctrl Pts',(50.9229156230921,-42.4264068711929,-3.));
#14953=CARTESIAN_POINT('Ctrl Pts',(46.2522287531319,-46.2798640508516,-3.));
#14954=CARTESIAN_POINT('Ctrl Pts',(40.8448373344393,-46.2798640508516,-3.));
#14955=CARTESIAN_POINT('',(40.8448373344393,-46.2798640508516,0.));
#14956=CARTESIAN_POINT('Origin',(40.8448373344393,-17.9955928033897,0.));
#14957=CARTESIAN_POINT('',(40.8448373344393,-46.2798640508516,-3.));
#14958=CARTESIAN_POINT('Origin',(40.8448373344393,-17.9955928033897,-3.));
#14959=CARTESIAN_POINT('',(40.8448373344393,-46.2798640508516,0.));
#14960=CARTESIAN_POINT('Origin',(-41.1551626655608,-46.2798640508516,0.));
#14961=CARTESIAN_POINT('',(-41.1551626655608,-46.2798640508516,0.));
#14962=CARTESIAN_POINT('',(20.3174873071311,-46.2798640508516,0.));
#14963=CARTESIAN_POINT('',(-41.1551626655608,-46.2798640508516,-3.));
#14964=CARTESIAN_POINT('',(20.3174873071311,-46.2798640508516,-3.));
#14965=CARTESIAN_POINT('',(-41.1551626655608,-46.2798640508516,0.));
#14966=CARTESIAN_POINT('Ctrl Pts',(-41.1551626655608,-46.2798640508516,
0.));
#14967=CARTESIAN_POINT('Ctrl Pts',(-46.5625540842534,-46.2798640508516,
0.));
#14968=CARTESIAN_POINT('Ctrl Pts',(-51.2332409542136,-42.4264068711929,
0.));
#14969=CARTESIAN_POINT('Ctrl Pts',(-41.1551626655608,-46.2798640508516,
-3.));
#14970=CARTESIAN_POINT('Ctrl Pts',(-46.5625540842534,-46.2798640508516,
-3.));
#14971=CARTESIAN_POINT('Ctrl Pts',(-51.2332409542136,-42.4264068711929,
-3.));
#14972=CARTESIAN_POINT('Origin',(-41.1551626655608,-17.9955928033898,0.));
#14973=CARTESIAN_POINT('Origin',(-41.1551626655608,-17.9955928033898,-3.));
#14974=CARTESIAN_POINT('Origin',(-0.209862720177121,24.7267592717226,-3.));
#14975=CARTESIAN_POINT('',(-61.2098627201771,79.7267592717226,-3.));
#14976=CARTESIAN_POINT('',(-41.2098627201771,99.7267592717226,-3.));
#14977=CARTESIAN_POINT('Origin',(-41.2098627201772,79.7267592717226,-3.));
#14978=CARTESIAN_POINT('',(40.7901372798229,99.7267592717226,-3.));
#14979=CARTESIAN_POINT('',(-41.2098627201771,99.7267592717226,-3.));
#14980=CARTESIAN_POINT('',(60.7901372798229,79.7267592717226,-3.));
#14981=CARTESIAN_POINT('Origin',(40.7901372798229,79.7267592717226,-3.));
#14982=CARTESIAN_POINT('',(60.7901372798229,-30.2732407282774,-3.));
#14983=CARTESIAN_POINT('',(60.7901372798229,79.7267592717226,-3.));
#14984=CARTESIAN_POINT('',(40.7901372798229,-50.2732407282774,-3.));
#14985=CARTESIAN_POINT('Origin',(40.7901372798229,-30.2732407282774,-3.));
#14986=CARTESIAN_POINT('',(-41.2098627201771,-50.2732407282774,-3.));
#14987=CARTESIAN_POINT('',(40.7901372798229,-50.2732407282774,-3.));
#14988=CARTESIAN_POINT('',(-61.2098627201771,-30.2732407282774,-3.));
#14989=CARTESIAN_POINT('Origin',(-41.2098627201771,-30.2732407282774,-3.));
#14990=CARTESIAN_POINT('',(-61.2098627201771,-30.2732407282774,-3.));
#14991=CARTESIAN_POINT('Origin',(-41.1551626655608,-37.2820676491568,19.286474845767));
#14992=CARTESIAN_POINT('',(-61.1551626655608,-37.2820676491568,19.286474845767));
#14993=CARTESIAN_POINT('Origin',(-61.1551626655608,-37.2820676491568,19.286474845767));
#14994=CARTESIAN_POINT('',(-61.1551626655608,68.7839495288254,125.352492023749));
#14995=CARTESIAN_POINT('Origin',(-41.1551626655608,68.7839495288254,125.352492023749));
#14996=CARTESIAN_POINT('',(-41.1551626655608,82.9260851525563,139.49462764748));
#14997=CARTESIAN_POINT('Origin',(40.8448373344393,-37.2820676491568,19.2864748457671));
#14998=CARTESIAN_POINT('',(40.8448373344393,-44.3531354610222,-1.92672858982938));
#14999=CARTESIAN_POINT('',(40.8448373344393,-51.4242032728877,5.14433922203612));
#15000=CARTESIAN_POINT('Origin',(40.8448373344393,-30.2109998372913,12.2154070339016));
#15001=CARTESIAN_POINT('Origin',(40.8448373344393,-51.4242032728877,5.14433922203612));
#15002=CARTESIAN_POINT('',(-41.1551626655608,-44.3531354610223,-1.92672858982942));
#15003=CARTESIAN_POINT('',(-41.1551626655608,-51.4242032728877,5.14433922203609));
#15004=CARTESIAN_POINT('',(40.8448373344393,-44.3531354610222,-1.92672858982936));
#15005=CARTESIAN_POINT('Origin',(-0.155162665560757,22.8220087516998,65.2484156228927));
#15006=CARTESIAN_POINT('Origin',(-41.1551626655608,-30.2109998372913,12.2154070339016));
#15007=CARTESIAN_POINT('Origin',(-41.1551626655608,-37.2820676491568,19.286474845767));
#15008=CARTESIAN_POINT('Origin',(60.8448373344392,68.7839495288254,125.352492023749));
#15009=CARTESIAN_POINT('',(60.8448373344392,68.7839495288254,125.352492023749));
#15010=CARTESIAN_POINT('Origin',(40.8448373344393,68.7839495288254,125.352492023749));
#15011=CARTESIAN_POINT('',(40.8448373344393,82.9260851525563,139.49462764748));
#15012=CARTESIAN_POINT('Origin',(-41.1551626655608,82.9260851525563,139.49462764748));
#15013=CARTESIAN_POINT('Origin',(40.7901372798229,99.7267592717226,0.));
#15014=CARTESIAN_POINT('',(-41.2098627201771,99.7267592717226,0.));
#15015=CARTESIAN_POINT('',(40.7901372798229,99.7267592717226,0.));
#15016=CARTESIAN_POINT('Origin',(40.7901372798229,79.7267592717226,0.));
#15017=CARTESIAN_POINT('',(60.7901372798229,79.7267592717226,0.));
#15018=CARTESIAN_POINT('Origin',(60.7901372798229,-30.2732407282774,0.));
#15019=CARTESIAN_POINT('',(60.7901372798229,-30.2732407282774,0.));
#15020=CARTESIAN_POINT('Origin',(40.7901372798229,-30.2732407282774,0.));
#15021=CARTESIAN_POINT('',(40.7901372798229,-50.2732407282774,0.));
#15022=CARTESIAN_POINT('Origin',(-41.2098627201771,-50.2732407282774,0.));
#15023=CARTESIAN_POINT('',(-41.2098627201771,-50.2732407282774,0.));
#15024=CARTESIAN_POINT('Origin',(-41.2098627201771,-30.2732407282774,0.));
#15025=CARTESIAN_POINT('',(-61.2098627201771,-30.2732407282774,0.));
#15026=CARTESIAN_POINT('Origin',(-61.2098627201771,79.7267592717226,0.));
#15027=CARTESIAN_POINT('',(-61.2098627201771,79.7267592717226,0.));
#15028=CARTESIAN_POINT('Origin',(-41.2098627201772,79.7267592717226,0.));
#15029=CARTESIAN_POINT('Origin',(0.480564799802696,22.2842392537109,67.53907324965));
#15030=CARTESIAN_POINT('',(-57.5194352001973,22.2842392537109,67.53907324965));
#15031=CARTESIAN_POINT('Origin',(0.480564799802694,22.2842392537109,67.53907324965));
#15032=CARTESIAN_POINT('Origin',(0.480564799802694,14.8596180512521,74.9636944521087));
#15033=CARTESIAN_POINT('',(-44.5045025560712,-6.04703229374482,57.5925780130445));
#15034=CARTESIAN_POINT('',(-44.5045025560712,32.2307344903164,95.8703447971057));
#15035=CARTESIAN_POINT('Origin',(0.480564799802694,13.0918510982858,76.7314614050751));
#15036=CARTESIAN_POINT('',(-45.0596236423272,36.666626519349,96.7707029202056));
#15037=CARTESIAN_POINT('Ctrl Pts',(-44.5045025560712,32.2307344903163,95.8703447971057));
#15038=CARTESIAN_POINT('Ctrl Pts',(-44.5042728642025,32.2326042383349,95.8722145451243));
#15039=CARTESIAN_POINT('Ctrl Pts',(-44.5040449750112,32.2344746619703,95.8740838143159));
#15040=CARTESIAN_POINT('Ctrl Pts',(-44.4770601687417,32.457798481412,96.0971307942046));
#15041=CARTESIAN_POINT('Ctrl Pts',(-44.4755167719452,32.6885208655308,96.3112145401517));
#15042=CARTESIAN_POINT('Ctrl Pts',(-44.522732773122,33.3618295885298,96.8470440723115));
#15043=CARTESIAN_POINT('Ctrl Pts',(-44.6058154565333,33.8064901847615,97.1066204527905));
#15044=CARTESIAN_POINT('Ctrl Pts',(-44.7607402621152,34.5850262070987,97.3546278751947));
#15045=CARTESIAN_POINT('Ctrl Pts',(-44.8288472162799,34.9109080714697,97.4046741038113));
#15046=CARTESIAN_POINT('Ctrl Pts',(-44.9405637106854,35.5131965029206,97.3741931496101));
#15047=CARTESIAN_POINT('Ctrl Pts',(-44.9851107765133,35.7831030066656,97.3136839161137));
#15048=CARTESIAN_POINT('Ctrl Pts',(-45.0441291119448,36.2710663510857,97.0978546598438));
#15049=CARTESIAN_POINT('Ctrl Pts',(-45.0596236423272,36.4843445355591,96.9529849039955));
#15050=CARTESIAN_POINT('Ctrl Pts',(-45.0596236423272,36.666626519349,96.7707029202056));
#15051=CARTESIAN_POINT('',(-45.0596236423272,-6.94739041684471,53.1566859840118));
#15052=CARTESIAN_POINT('Origin',(0.480564799802694,14.8596180512521,74.9636944521087));
#15053=CARTESIAN_POINT('Ctrl Pts',(-44.5045025560712,-6.0470322937448,57.5925780130445));
#15054=CARTESIAN_POINT('Ctrl Pts',(-44.5042728652215,-6.04890203346861,
57.5907082733207));
#15055=CARTESIAN_POINT('Ctrl Pts',(-44.5040449740336,-6.05077131924911,
57.5888378330861));
#15056=CARTESIAN_POINT('Ctrl Pts',(-44.4770602148705,-6.27381790338797,
57.3655144098854));
#15057=CARTESIAN_POINT('Ctrl Pts',(-44.4755167667178,-6.48790197798601,
57.1347917118086));
#15058=CARTESIAN_POINT('Ctrl Pts',(-44.522732773233,-7.02373156930005,56.4614829142418));
#15059=CARTESIAN_POINT('Ctrl Pts',(-44.6058154565968,-7.28330794953098,
56.0168223182809));
#15060=CARTESIAN_POINT('Ctrl Pts',(-44.7607402621152,-7.53131537183379,
55.2382862962622));
#15061=CARTESIAN_POINT('Ctrl Pts',(-44.82884721628,-7.58136160045044,54.9124044318911));
#15062=CARTESIAN_POINT('Ctrl Pts',(-44.9405637106854,-7.55088064624923,
54.3101160004403));
#15063=CARTESIAN_POINT('Ctrl Pts',(-44.9851107765133,-7.49037141275283,
54.0402094966952));
#15064=CARTESIAN_POINT('Ctrl Pts',(-45.0441291119448,-7.2745421564829,53.5522461522751));
#15065=CARTESIAN_POINT('Ctrl Pts',(-45.0596236423272,-7.12967240063461,
53.3389679678017));
#15066=CARTESIAN_POINT('Ctrl Pts',(-45.0596236423272,-6.94739041684473,
53.1566859840119));
#15067=CARTESIAN_POINT('Ctrl Pts',(-45.0596236423272,-6.94739041684472,
53.1566859840118));
#15068=CARTESIAN_POINT('Ctrl Pts',(-41.8368045520498,-6.08080761467909,
54.0232687861775));
#15069=CARTESIAN_POINT('Ctrl Pts',(-41.8368045520498,-3.6427249258973,56.4613514749593));
#15070=CARTESIAN_POINT('Ctrl Pts',(-45.0596236423272,-8.71515736981109,
54.9244529369782));
#15071=CARTESIAN_POINT('Ctrl Pts',(-41.8368045520498,-7.84857456764546,
55.7910357391438));
#15072=CARTESIAN_POINT('Ctrl Pts',(-41.8368045520498,-5.41049187886367,
58.2291184279256));
#15073=CARTESIAN_POINT('Ctrl Pts',(-45.9482140971885,-7.06282462433737,
56.5767856824519));
#15074=CARTESIAN_POINT('Ctrl Pts',(-44.3368045520498,-6.62953322325456,
57.0100770835347));
#15075=CARTESIAN_POINT('Ctrl Pts',(-44.3368045520498,-5.41049187886367,
58.2291184279256));
#15076=CARTESIAN_POINT('',(-41.8368045520498,-3.64272492589729,56.4613514749593));
#15077=CARTESIAN_POINT('Origin',(-46.8368045520498,-3.6427249258973,56.4613514749593));
#15078=CARTESIAN_POINT('',(-44.3368045520498,-5.41049187886368,58.2291184279256));
#15079=CARTESIAN_POINT('Origin',(-44.3368045520498,-3.6427249258973,56.4613514749593));
#15080=CARTESIAN_POINT('Origin',(-46.8368045520498,-5.41049187886369,58.2291184279256));
#15081=CARTESIAN_POINT('Origin',(-44.3368045520498,5.60844656267742,65.712522963534));
#15082=CARTESIAN_POINT('',(-41.8368045520499,33.3619610284016,93.4660374292582));
#15083=CARTESIAN_POINT('',(-44.3368045520499,31.5941940754352,95.2338043822246));
#15084=CARTESIAN_POINT('Origin',(-44.3368045520499,33.3619610284016,93.4660374292582));
#15085=CARTESIAN_POINT('',(-44.3368045520498,3.84067960971105,67.4802899165004));
#15086=CARTESIAN_POINT('',(-41.8368045520498,5.60844656267742,65.712522963534));
#15087=CARTESIAN_POINT('Ctrl Pts',(-41.8368045520499,33.3619610284016,93.4660374292582));
#15088=CARTESIAN_POINT('Ctrl Pts',(-41.8368045520499,35.8000437171834,95.90412011804));
#15089=CARTESIAN_POINT('Ctrl Pts',(-45.0596236423272,36.666626519349,96.7707029202056));
#15090=CARTESIAN_POINT('Ctrl Pts',(-41.8368045520498,31.5941940754352,95.2338043822246));
#15091=CARTESIAN_POINT('Ctrl Pts',(-41.8368045520498,34.032276764217,97.6718870710064));
#15092=CARTESIAN_POINT('Ctrl Pts',(-45.0596236423272,34.8988595663826,98.538469873172));
#15093=CARTESIAN_POINT('Ctrl Pts',(-44.3368045520499,31.5941940754352,95.2338043822246));
#15094=CARTESIAN_POINT('Ctrl Pts',(-44.3368045520499,32.8132354198261,96.4528457266155));
#15095=CARTESIAN_POINT('Ctrl Pts',(-45.9482140971885,33.2465268209089,96.8861371276983));
#15096=CARTESIAN_POINT('Origin',(-46.8368045520498,31.5941940754352,95.2338043822246));
#15097=CARTESIAN_POINT('Origin',(-46.8368045520498,33.3619610284016,93.4660374292582));
#15098=CARTESIAN_POINT('Origin',(-46.8368045520498,-3.28917153530405,56.107798084366));
#15099=CARTESIAN_POINT('',(-45.0596236423272,-6.59383702625147,52.8031325934186));
#15100=CARTESIAN_POINT('',(-45.0596236423272,-6.59383702625147,52.8031325934186));
#15101=CARTESIAN_POINT('',(-44.8368045520498,-6.52954188450797,52.8674277351621));
#15102=CARTESIAN_POINT('Origin',(-46.8368045520498,-3.28917153530404,56.107798084366));
#15103=CARTESIAN_POINT('',(-41.8368045520498,-3.28917153530404,56.107798084366));
#15104=CARTESIAN_POINT('Origin',(-46.8368045520498,-3.28917153530405,56.107798084366));
#15105=CARTESIAN_POINT('',(-41.8368045520498,-3.28917153530404,56.107798084366));
#15106=CARTESIAN_POINT('Origin',(0.480564799802694,17.334491785405,72.4888207179558));
#15107=CARTESIAN_POINT('',(-45.0596236423272,37.0201799099423,96.4171495296123));
#15108=CARTESIAN_POINT('',(-45.0596236423272,37.0201799099423,96.4171495296123));
#15109=CARTESIAN_POINT('',(-44.8368045520498,37.2510483249276,96.6480179445977));
#15110=CARTESIAN_POINT('Origin',(0.480564799802694,15.2131714418454,74.6101410615155));
#15111=CARTESIAN_POINT('',(-44.8368045520498,42.90790257442,90.9911636951053));
#15112=CARTESIAN_POINT('',(-44.8368045520498,39.3723686684872,94.526697601038));
#15113=CARTESIAN_POINT('',(-44.8368045520498,-1.16785119174442,46.9154099289409));
#15114=CARTESIAN_POINT('Origin',(0.480564799802694,20.8700256913378,68.9532868120231));
#15115=CARTESIAN_POINT('',(-44.8368045520498,-6.8247054412368,52.5722641784333));
#15116=CARTESIAN_POINT('',(-44.8368045520498,-4.70338509767715,50.4509438348736));
#15117=CARTESIAN_POINT('Origin',(0.480564799802694,15.2131714418454,74.6101410615155));
#15118=CARTESIAN_POINT('Origin',(-48.1781198761236,13.0918510982858,76.7314614050751));
#15119=CARTESIAN_POINT('Origin',(0.480564799802694,14.8596180512521,74.9636944521088));
#15120=CARTESIAN_POINT('',(44.8616579326046,32.9232475737936,96.5628578805829));
#15121=CARTESIAN_POINT('',(44.8616579326046,-6.73954537722202,56.9000649295673));
#15122=CARTESIAN_POINT('Origin',(0.480564799802694,13.0918510982858,76.7314614050751));
#15123=CARTESIAN_POINT('',(45.393677011547,-7.58823653950177,52.5158398613549));
#15124=CARTESIAN_POINT('Ctrl Pts',(44.8616579326046,-6.73954537722205,56.9000649295673));
#15125=CARTESIAN_POINT('Ctrl Pts',(44.8614468998257,-6.74137877300449,56.8982315337849));
#15126=CARTESIAN_POINT('Ctrl Pts',(44.8612375761143,-6.7432116330886,56.8963974381526));
#15127=CARTESIAN_POINT('Ctrl Pts',(44.8383299018761,-6.94538130491645,56.6939539878876));
#15128=CARTESIAN_POINT('Ctrl Pts',(44.8360096176005,-7.13908149802865,56.4850362747947));
#15129=CARTESIAN_POINT('Ctrl Pts',(44.8745077372631,-7.66124842621871,55.8367144919833));
#15130=CARTESIAN_POINT('Ctrl Pts',(44.9537567081001,-7.92362308622371,55.3912808957089));
#15131=CARTESIAN_POINT('Ctrl Pts',(45.1029761231345,-8.17437342223171,54.6102197427698));
#15132=CARTESIAN_POINT('Ctrl Pts',(45.1688379190565,-8.22505788686801,54.2835931666609));
#15133=CARTESIAN_POINT('Ctrl Pts',(45.277363560503,-8.19555881706945,53.6784978035414));
#15134=CARTESIAN_POINT('Ctrl Pts',(45.3208261870913,-8.13495995437185,53.4066472915043));
#15135=CARTESIAN_POINT('Ctrl Pts',(45.3785084530321,-7.91803317114896,52.9147927167667));
#15136=CARTESIAN_POINT('Ctrl Pts',(45.393677011547,-7.77202252446824,52.6996258463213));
#15137=CARTESIAN_POINT('Ctrl Pts',(45.393677011547,-7.58823653950179,52.5158398613549));
#15138=CARTESIAN_POINT('',(45.393677011547,37.3074726420061,97.4115490428626));
#15139=CARTESIAN_POINT('Origin',(0.480564799802694,14.8596180512521,74.9636944521088));
#15140=CARTESIAN_POINT('Ctrl Pts',(44.8616579326046,32.9232475737936,96.5628578805829));
#15141=CARTESIAN_POINT('Ctrl Pts',(44.8614469010939,32.9250809585583,96.5646912653476));
#15142=CARTESIAN_POINT('Ctrl Pts',(44.861237574901,32.9269150762377,96.566524147464));
#15143=CARTESIAN_POINT('Ctrl Pts',(44.8383299549327,33.1293580384176,96.7686933318666));
#15144=CARTESIAN_POINT('Ctrl Pts',(44.836009612181,33.3382761378052,96.9623939283415));
#15145=CARTESIAN_POINT('Ctrl Pts',(44.8745077373505,33.9865980118645,97.484560929871));
#15146=CARTESIAN_POINT('Ctrl Pts',(44.9537567081507,34.4320316079158,97.7469355896692));
#15147=CARTESIAN_POINT('Ctrl Pts',(45.1029761231345,35.2130927605911,97.9976859255925));
#15148=CARTESIAN_POINT('Ctrl Pts',(45.1688379190566,35.5397193367,98.0483703902289));
#15149=CARTESIAN_POINT('Ctrl Pts',(45.277363560503,36.1448146998195,98.0188713204303));
#15150=CARTESIAN_POINT('Ctrl Pts',(45.3208261870913,36.4166652118566,97.9582724577327));
#15151=CARTESIAN_POINT('Ctrl Pts',(45.3785084530321,36.9085197865941,97.7413456745098));
#15152=CARTESIAN_POINT('Ctrl Pts',(45.393677011547,37.1236866570395,97.5953350278291));
#15153=CARTESIAN_POINT('Ctrl Pts',(45.393677011547,37.307472642006,97.4115490428626));
#15154=CARTESIAN_POINT('Ctrl Pts',(45.393677011547,37.3074726420061,97.4115490428626));
#15155=CARTESIAN_POINT('Ctrl Pts',(42.1631954479501,36.4431122858368,96.5471886866934));
#15156=CARTESIAN_POINT('Ctrl Pts',(42.1631954479501,34.0007518718752,94.1048282727318));
#15157=CARTESIAN_POINT('Ctrl Pts',(45.393677011547,35.5397056890397,99.179315995829));
#15158=CARTESIAN_POINT('Ctrl Pts',(42.1631954479501,34.6753453328704,98.3149556396598));
#15159=CARTESIAN_POINT('Ctrl Pts',(42.1631954479501,32.2329849189088,95.8725952256982));
#15160=CARTESIAN_POINT('Ctrl Pts',(46.2784362297486,33.8863453039743,97.5259556107636));
#15161=CARTESIAN_POINT('Ctrl Pts',(44.6631954479502,33.4541651258896,97.0937754326789));
#15162=CARTESIAN_POINT('Ctrl Pts',(44.6631954479502,32.2329849189088,95.8725952256981));
#15163=CARTESIAN_POINT('',(42.1631954479501,34.0007518718752,94.1048282727318));
#15164=CARTESIAN_POINT('Origin',(47.1631954479501,34.0007518718752,94.1048282727318));
#15165=CARTESIAN_POINT('',(44.6631954479501,32.2329849189088,95.8725952256982));
#15166=CARTESIAN_POINT('Origin',(44.6631954479501,34.0007518718752,94.1048282727318));
#15167=CARTESIAN_POINT('Origin',(47.1631954479501,32.2329849189088,95.8725952256982));
#15168=CARTESIAN_POINT('Origin',(44.6631954479501,24.4301849615637,84.5342613624203));
#15169=CARTESIAN_POINT('',(42.1631954479501,-4.28151576937093,55.8225606314857));
#15170=CARTESIAN_POINT('',(44.6631954479501,-6.0492827223373,57.5903275844521));
#15171=CARTESIAN_POINT('Origin',(44.6631954479501,-4.28151576937094,55.8225606314857));
#15172=CARTESIAN_POINT('',(44.6631954479501,22.6624180085973,86.3020283153867));
#15173=CARTESIAN_POINT('',(42.1631954479501,24.4301849615637,84.5342613624203));
#15174=CARTESIAN_POINT('Ctrl Pts',(42.1631954479501,-4.28151576937093,55.8225606314857));
#15175=CARTESIAN_POINT('Ctrl Pts',(42.1631954479501,-6.72387618333254,53.3802002175241));
#15176=CARTESIAN_POINT('Ctrl Pts',(45.393677011547,-7.58823653950178,52.5158398613549));
#15177=CARTESIAN_POINT('Ctrl Pts',(42.1631954479501,-6.04928272233731,57.5903275844521));
#15178=CARTESIAN_POINT('Ctrl Pts',(42.1631954479501,-8.49164313629893,55.1479671704905));
#15179=CARTESIAN_POINT('Ctrl Pts',(45.393677011547,-9.35600349246817,54.2836068143212));
#15180=CARTESIAN_POINT('Ctrl Pts',(44.6631954479501,-6.04928272233731,57.5903275844521));
#15181=CARTESIAN_POINT('Ctrl Pts',(44.6631954479501,-7.27046292931812,56.3691473774713));
#15182=CARTESIAN_POINT('Ctrl Pts',(46.2784362297486,-7.70264310740274,55.9369671993867));
#15183=CARTESIAN_POINT('Origin',(47.1631954479501,-6.04928272233729,57.5903275844521));
#15184=CARTESIAN_POINT('Origin',(47.1631954479501,-4.28151576937094,55.8225606314857));
#15185=CARTESIAN_POINT('Origin',(47.1631954479501,34.3543052624685,93.7512748821385));
#15186=CARTESIAN_POINT('',(45.393677011547,37.6610260325993,97.0579956522694));
#15187=CARTESIAN_POINT('',(45.393677011547,37.6610260325993,97.0579956522694));
#15188=CARTESIAN_POINT('',(45.1631954479502,37.5946756116724,96.9916452313425));
#15189=CARTESIAN_POINT('Origin',(47.1631954479501,34.3543052624685,93.7512748821385));
#15190=CARTESIAN_POINT('',(42.1631954479501,34.3543052624685,93.7512748821385));
#15191=CARTESIAN_POINT('Origin',(47.1631954479501,34.3543052624685,93.7512748821385));
#15192=CARTESIAN_POINT('',(42.1631954479501,34.3543052624685,93.7512748821385));
#15193=CARTESIAN_POINT('Origin',(0.480564799802694,17.334491785405,72.4888207179558));
#15194=CARTESIAN_POINT('',(45.393677011547,-7.23468314890849,52.1622864707616));
#15195=CARTESIAN_POINT('',(45.393677011547,-7.23468314890849,52.1622864707616));
#15196=CARTESIAN_POINT('',(45.1631954479502,-7.46349628471038,51.9334733349597));
#15197=CARTESIAN_POINT('Origin',(0.480564799802694,15.2131714418454,74.6101410615155));
#15198=CARTESIAN_POINT('',(45.1631954479502,-1.806642035218,46.2766190854673));
#15199=CARTESIAN_POINT('',(45.1631954479502,-5.34217594115074,49.8121529914));
#15200=CARTESIAN_POINT('',(45.1631954479502,43.5466934178936,91.6299545385789));
#15201=CARTESIAN_POINT('Origin',(0.480564799802694,20.8700256913378,68.9532868120231));
#15202=CARTESIAN_POINT('',(45.1631954479502,37.8898391684012,97.2868087880713));
#15203=CARTESIAN_POINT('',(45.1631954479502,40.0111595119608,95.1654884445116));
#15204=CARTESIAN_POINT('Origin',(0.480564799802694,15.2131714418454,74.6101410615155));
#15205=CARTESIAN_POINT('Origin',(48.8218801238764,13.0918510982858,76.7314614050751));
#15206=CARTESIAN_POINT('Origin',(-41.8368045520498,-3.28917153530405,56.107798084366));
#15207=CARTESIAN_POINT('',(-41.8368045520499,33.7155144189949,93.1124840386649));
#15208=CARTESIAN_POINT('',(-41.8368045520499,33.7155144189949,93.1124840386649));
#15209=CARTESIAN_POINT('',(-41.8368045520499,33.7155144189949,93.1124840386649));
#15210=CARTESIAN_POINT('Origin',(-46.8368045520498,33.7155144189949,93.1124840386649));
#15211=CARTESIAN_POINT('',(-44.8368045520498,36.9558847681988,96.3528543878689));
#15212=CARTESIAN_POINT('Origin',(-46.8368045520498,33.7155144189949,93.1124840386649));
#15213=CARTESIAN_POINT('Origin',(-46.8368045520498,33.7155144189949,93.1124840386649));
#15214=CARTESIAN_POINT('Origin',(-48.1781198761236,15.2131714418454,74.6101410615155));
#15215=CARTESIAN_POINT('',(-44.8368045520498,64.5213556825603,123.91832530223));
#15216=CARTESIAN_POINT('Origin',(-49.6781198761236,15.2131714418454,74.6101410615155));
#15217=CARTESIAN_POINT('',(-44.8368045520498,64.5213556825603,123.91832530223));
#15218=CARTESIAN_POINT('Origin',(-49.6781198761236,15.2131714418454,74.6101410615155));
#15219=CARTESIAN_POINT('',(-44.8368045520498,64.5213556825603,123.91832530223));
#15220=CARTESIAN_POINT('Origin',(42.1631954479501,34.3543052624685,93.7512748821385));
#15221=CARTESIAN_POINT('',(42.1631954479501,-3.92796237877764,55.4690072408924));
#15222=CARTESIAN_POINT('',(42.1631954479501,34.3543052624685,93.7512748821385));
#15223=CARTESIAN_POINT('',(42.1631954479501,-3.92796237877764,55.4690072408924));
#15224=CARTESIAN_POINT('Origin',(47.1631954479501,-3.92796237877764,55.4690072408924));
#15225=CARTESIAN_POINT('',(45.1631954479502,-7.16833272798158,52.2286368916885));
#15226=CARTESIAN_POINT('Origin',(47.1631954479501,-3.92796237877764,55.4690072408924));
#15227=CARTESIAN_POINT('Origin',(47.1631954479501,-3.92796237877768,55.4690072408924));
#15228=CARTESIAN_POINT('Origin',(48.8218801238764,15.2131714418454,74.6101410615155));
#15229=CARTESIAN_POINT('',(45.1631954479502,-34.4735936835564,24.9233759361137));
#15230=CARTESIAN_POINT('Origin',(50.3218801238764,15.2131714418454,74.6101410615155));
#15231=CARTESIAN_POINT('',(45.1631954479502,-34.4735936835564,24.9233759361137));
#15232=CARTESIAN_POINT('Origin',(50.3218801238764,15.2131714418454,74.6101410615155));
#15233=CARTESIAN_POINT('',(45.1631954479502,-34.4735936835564,24.9233759361137));
#15234=CARTESIAN_POINT('Origin',(-44.8368045520498,-4.70338509767716,50.4509438348736));
#15235=CARTESIAN_POINT('',(-44.8368045520498,9.85108724979671,57.934348370482));
#15236=CARTESIAN_POINT('Origin',(45.1631954479502,40.0111595119608,95.1654884445116));
#15237=CARTESIAN_POINT('',(45.1631954479502,32.2083595546157,80.291620675301));
#15238=CARTESIAN_POINT('Origin',(0.480564799802694,22.9913460348975,66.8319664684634));
#15239=CARTESIAN_POINT('',(-57.5194352001973,20.8700256913378,68.9532868120231));
#15240=CARTESIAN_POINT('Origin',(0.480564799802694,20.8700256913378,68.9532868120231));
#15241=CARTESIAN_POINT('',(-57.5194352001973,22.9913460348975,66.8319664684634));
#15242=CARTESIAN_POINT('Origin',(0.480564799802696,20.8700256913378,68.9532868120231));
#15243=UNCERTAINTY_MEASURE_WITH_UNIT(LENGTH_MEASURE(0.01),#15247,
'DISTANCE_ACCURACY_VALUE',
'Maximum model space distance between geometric entities at asserted c
onnectivities');
#15244=UNCERTAINTY_MEASURE_WITH_UNIT(LENGTH_MEASURE(0.01),#15247,
'DISTANCE_ACCURACY_VALUE',
'Maximum model space distance between geometric entities at asserted c
onnectivities');
#15245=(
GEOMETRIC_REPRESENTATION_CONTEXT(3)
GLOBAL_UNCERTAINTY_ASSIGNED_CONTEXT((#15243))
GLOBAL_UNIT_ASSIGNED_CONTEXT((#15247,#15249,#15250))
REPRESENTATION_CONTEXT('','3D')
);
#15246=(
GEOMETRIC_REPRESENTATION_CONTEXT(3)
GLOBAL_UNCERTAINTY_ASSIGNED_CONTEXT((#15244))
GLOBAL_UNIT_ASSIGNED_CONTEXT((#15247,#15249,#15250))
REPRESENTATION_CONTEXT('','3D')
);
#15247=(
LENGTH_UNIT()
NAMED_UNIT(*)
SI_UNIT(.MILLI.,.METRE.)
);
#15248=(
LENGTH_UNIT()
NAMED_UNIT(*)
SI_UNIT($,.METRE.)
);
#15249=(
NAMED_UNIT(*)
PLANE_ANGLE_UNIT()
SI_UNIT($,.RADIAN.)
);
#15250=(
NAMED_UNIT(*)
SI_UNIT($,.STERADIAN.)
SOLID_ANGLE_UNIT()
);
#15251=SHAPE_DEFINITION_REPRESENTATION(#15252,#15253);
#15252=PRODUCT_DEFINITION_SHAPE('',$,#15255);
#15253=SHAPE_REPRESENTATION('',(#8965),#15245);
#15254=PRODUCT_DEFINITION_CONTEXT('part definition',#15259,'design');
#15255=PRODUCT_DEFINITION('PhoneHolder','PhoneHolder v6',#15256,#15254);
#15256=PRODUCT_DEFINITION_FORMATION('',$,#15261);
#15257=PRODUCT_RELATED_PRODUCT_CATEGORY('PhoneHolder v6',
'PhoneHolder v6',(#15261));
#15258=APPLICATION_PROTOCOL_DEFINITION('international standard',
'automotive_design',2009,#15259);
#15259=APPLICATION_CONTEXT(
'Core Data for Automotive Mechanical Design Process');
#15260=PRODUCT_CONTEXT('part definition',#15259,'mechanical');
#15261=PRODUCT('PhoneHolder','PhoneHolder v6',$,(#15260));
#15262=PRESENTATION_STYLE_ASSIGNMENT((#15264));
#15263=PRESENTATION_STYLE_ASSIGNMENT((#15265));
#15264=SURFACE_STYLE_USAGE(.BOTH.,#15266);
#15265=SURFACE_STYLE_USAGE(.BOTH.,#15267);
#15266=SURFACE_SIDE_STYLE('',(#15268));
#15267=SURFACE_SIDE_STYLE('',(#15269));
#15268=SURFACE_STYLE_FILL_AREA(#15270);
#15269=SURFACE_STYLE_FILL_AREA(#15271);
#15270=FILL_AREA_STYLE('Steel - Satin',(#15272));
#15271=FILL_AREA_STYLE('Polymide (Kapton)',(#15273));
#15272=FILL_AREA_STYLE_COLOUR('Steel - Satin',#15274);
#15273=FILL_AREA_STYLE_COLOUR('Polymide (Kapton)',#15275);
#15274=COLOUR_RGB('Steel - Satin',0.627450980392157,0.627450980392157,0.627450980392157);
#15275=COLOUR_RGB('Polymide (Kapton)',0.784313725490196,0.556862745098039,
0.0274509803921569);
ENDSEC;
END-ISO-10303-21;
